customer_id,age,gender,location_id,subscription_status,previous_purchases,frequency_id
1,55,Male,1,Yes,14,1
2,19,Male,2,Yes,2,1
3,50,Male,3,Yes,23,2
4,21,Male,4,Yes,49,2
5,45,Male,5,Yes,31,3
6,46,Male,6,Yes,14,2
7,63,Male,7,Yes,49,4
8,27,Male,8,Yes,19,2
9,26,Male,9,Yes,8,3
10,57,Male,10,Yes,4,4
11,53,Male,11,Yes,26,5
12,30,Male,12,Yes,10,1
13,61,Male,13,Yes,37,1
14,65,Male,14,Yes,31,2
15,64,Male,15,Yes,34,2
16,64,Male,4,Yes,8,6
17,25,Male,16,Yes,44,5
18,53,Male,17,Yes,36,4
19,52,Male,7,Yes,17,2
20,66,Male,4,Yes,46,5
21,21,Male,8,Yes,50,7
22,31,Male,18,Yes,22,4
23,56,Male,19,Yes,32,3
24,31,Male,20,Yes,40,2
25,18,Male,21,Yes,16,2
26,18,Male,22,Yes,14,3
27,38,Male,23,Yes,13,3
28,56,Male,1,Yes,7,7
29,54,Male,18,Yes,41,7
30,31,Male,6,Yes,14,2
31,57,Male,18,Yes,16,6
32,33,Male,9,Yes,45,6
33,36,Male,24,Yes,37,3
34,54,Male,25,Yes,45,4
35,36,Male,26,Yes,38,4
36,54,Male,3,Yes,48,5
37,35,Male,27,Yes,44,1
38,35,Male,28,Yes,10,2
39,29,Male,21,Yes,44,7
40,70,Male,29,Yes,18,6
41,69,Male,8,Yes,31,4
42,67,Male,30,Yes,40,3
43,20,Male,31,Yes,15,3
44,25,Male,32,Yes,19,1
45,39,Male,1,Yes,45,2
46,50,Male,31,Yes,25,3
47,57,Male,19,Yes,45,4
48,55,Male,7,Yes,36,2
49,42,Male,23,Yes,38,6
50,68,Male,33,Yes,34,5
51,49,Male,34,Yes,39,5
52,59,Male,35,Yes,7,4
53,42,Male,30,Yes,26,2
54,29,Male,17,Yes,35,2
55,47,Male,36,Yes,35,5
56,40,Male,37,Yes,49,3
57,41,Male,17,Yes,46,2
58,21,Male,9,Yes,17,1
59,69,Male,10,Yes,29,6
60,63,Male,8,Yes,4,2
61,50,Male,38,Yes,17,2
62,55,Male,22,Yes,21,7
63,30,Male,17,Yes,31,1
64,33,Male,29,Yes,43,2
65,65,Male,16,Yes,18,1
66,65,Male,33,Yes,44,7
67,31,Male,39,Yes,3,7
68,45,Male,40,Yes,49,6
69,57,Male,41,Yes,21,7
70,48,Male,31,Yes,5,2
71,22,Male,16,Yes,32,7
72,36,Male,42,Yes,34,3
73,18,Male,43,Yes,21,7
74,48,Male,12,Yes,43,5
75,49,Male,28,Yes,3,6
76,64,Male,41,Yes,21,3
77,50,Male,13,Yes,32,6
78,22,Male,13,Yes,36,1
79,50,Male,44,Yes,50,1
80,38,Male,45,Yes,43,7
81,19,Male,15,Yes,24,7
82,67,Male,42,Yes,36,7
83,19,Male,43,Yes,21,7
84,36,Male,22,Yes,34,2
85,52,Male,29,Yes,42,7
86,53,Male,36,Yes,2,5
87,24,Male,23,Yes,47,5
88,52,Male,32,Yes,44,1
89,33,Male,6,Yes,35,6
90,47,Male,19,Yes,15,4
91,25,Male,37,Yes,29,6
92,44,Male,37,Yes,18,7
93,61,Male,22,Yes,13,7
94,37,Male,21,Yes,46,2
95,58,Male,23,Yes,28,2
96,37,Male,10,Yes,48,6
97,32,Male,13,Yes,43,7
98,21,Male,42,Yes,37,3
99,20,Male,15,Yes,20,3
100,26,Male,10,Yes,33,4
101,62,Male,46,Yes,31,1
102,27,Male,26,Yes,50,5
103,51,Male,20,Yes,35,4
104,54,Male,9,Yes,22,5
105,55,Male,14,Yes,1,6
106,69,Male,15,Yes,4,3
107,64,Male,47,Yes,31,6
108,28,Male,34,Yes,46,1
109,70,Male,7,Yes,32,5
110,58,Male,16,Yes,43,1
111,56,Male,15,Yes,26,1
112,26,Male,3,Yes,9,3
113,37,Male,21,Yes,28,5
114,44,Male,33,Yes,20,4
115,70,Male,3,Yes,9,2
116,53,Male,6,Yes,48,7
117,55,Male,42,Yes,12,3
118,50,Male,46,Yes,29,1
119,50,Male,1,Yes,27,5
120,38,Male,6,Yes,44,3
121,64,Male,9,Yes,32,3
122,19,Male,42,Yes,11,1
123,40,Male,48,Yes,44,1
124,57,Male,8,Yes,46,2
125,44,Male,23,Yes,50,3
126,49,Male,19,Yes,45,7
127,43,Male,17,Yes,48,7
128,24,Male,17,Yes,26,2
129,20,Male,19,Yes,21,1
130,24,Male,39,Yes,49,5
131,44,Male,1,Yes,13,1
132,28,Male,2,Yes,46,2
133,30,Male,36,Yes,42,2
134,52,Male,7,Yes,25,3
135,43,Male,22,Yes,25,6
136,43,Male,24,Yes,12,4
137,39,Male,37,Yes,4,4
138,68,Male,25,Yes,38,2
139,68,Male,43,Yes,42,2
140,49,Male,21,Yes,30,3
141,63,Male,18,Yes,50,2
142,56,Male,42,Yes,45,2
143,37,Male,44,Yes,33,1
144,30,Male,10,Yes,25,4
145,19,Male,33,Yes,25,6
146,24,Male,10,Yes,44,4
147,52,Male,25,Yes,21,1
148,63,Male,38,Yes,31,1
149,37,Male,6,Yes,47,3
150,38,Male,13,Yes,14,6
151,35,Male,19,Yes,17,7
152,28,Male,26,Yes,3,3
153,30,Male,37,Yes,42,3
154,69,Male,18,Yes,22,3
155,41,Male,20,Yes,21,4
156,63,Male,2,Yes,21,4
157,35,Male,10,Yes,40,3
158,36,Male,35,Yes,1,1
159,25,Male,40,Yes,50,6
160,58,Male,14,Yes,39,7
161,27,Male,22,Yes,34,6
162,65,Male,26,Yes,29,1
163,54,Male,19,Yes,31,5
164,54,Male,42,Yes,8,2
165,59,Male,13,Yes,5,1
166,42,Male,1,Yes,7,6
167,46,Male,13,Yes,30,6
168,33,Male,11,Yes,14,7
169,34,Male,8,Yes,5,1
170,27,Male,23,Yes,3,7
171,52,Male,6,Yes,46,5
172,29,Male,42,Yes,4,2
173,54,Male,44,Yes,42,5
174,25,Male,12,Yes,30,3
175,41,Male,35,Yes,37,3
176,53,Male,20,Yes,2,3
177,53,Male,14,Yes,30,4
178,21,Male,24,Yes,47,6
179,61,Male,38,Yes,21,4
180,64,Male,27,Yes,9,1
181,51,Male,46,Yes,12,1
182,32,Male,3,Yes,4,2
183,38,Male,16,Yes,10,3
184,58,Male,32,Yes,26,2
185,32,Male,12,Yes,40,1
186,46,Male,49,Yes,34,1
187,39,Male,47,Yes,31,3
188,19,Male,43,Yes,1,5
189,50,Male,11,Yes,5,5
190,36,Male,9,Yes,4,2
191,65,Male,28,Yes,48,4
192,64,Male,41,Yes,29,7
193,46,Male,44,Yes,12,5
194,36,Male,26,Yes,29,3
195,51,Male,10,Yes,15,4
196,51,Male,15,Yes,34,6
197,38,Male,48,Yes,41,1
198,59,Male,37,Yes,41,6
199,57,Male,41,Yes,39,1
200,54,Male,38,Yes,32,2
201,25,Male,39,Yes,29,6
202,69,Male,10,Yes,15,3
203,57,Male,44,Yes,33,3
204,70,Male,28,Yes,18,2
205,24,Male,29,Yes,35,5
206,67,Male,12,Yes,25,2
207,24,Male,49,Yes,6,1
208,62,Male,4,Yes,17,5
209,57,Male,49,Yes,17,6
210,55,Male,47,Yes,44,7
211,45,Male,35,Yes,6,1
212,69,Male,46,Yes,45,1
213,67,Male,42,Yes,7,3
214,30,Male,23,Yes,11,7
215,24,Male,12,Yes,41,7
216,62,Male,33,Yes,24,5
217,43,Male,3,Yes,21,2
218,35,Male,20,Yes,24,3
219,28,Male,19,Yes,8,4
220,32,Male,23,Yes,12,1
221,39,Male,29,Yes,48,1
222,28,Male,18,Yes,6,4
223,47,Male,15,Yes,14,1
224,20,Male,6,Yes,34,3
225,63,Male,46,Yes,12,7
226,25,Male,11,Yes,11,3
227,29,Male,22,Yes,5,6
228,50,Male,4,Yes,25,1
229,18,Male,14,Yes,11,3
230,70,Male,32,Yes,27,7
231,66,Male,41,Yes,43,3
232,28,Male,31,Yes,18,7
233,54,Male,12,Yes,32,5
234,19,Male,29,Yes,27,7
235,20,Male,46,Yes,24,2
236,43,Male,33,Yes,31,4
237,38,Male,26,Yes,39,1
238,50,Male,45,Yes,36,1
239,64,Male,32,Yes,5,3
240,49,Male,35,Yes,47,5
241,47,Male,7,Yes,29,1
242,36,Male,13,Yes,43,5
243,55,Male,15,Yes,40,7
244,25,Male,1,Yes,4,6
245,53,Male,5,Yes,39,2
246,49,Male,4,Yes,45,1
247,35,Male,23,Yes,20,5
248,29,Male,7,Yes,14,2
249,47,Male,39,Yes,33,2
250,53,Male,30,Yes,18,3
251,33,Male,17,Yes,9,2
252,21,Male,6,Yes,34,3
253,32,Male,13,Yes,33,1
254,52,Male,20,Yes,15,5
255,67,Male,28,Yes,4,5
256,43,Male,34,Yes,25,3
257,58,Male,46,Yes,20,7
258,20,Male,9,Yes,5,4
259,61,Male,16,Yes,16,4
260,32,Male,8,Yes,13,3
261,38,Male,7,Yes,11,7
262,21,Male,19,Yes,21,3
263,37,Male,12,Yes,6,3
264,27,Male,45,Yes,29,6
265,36,Male,25,Yes,15,3
266,32,Male,50,Yes,17,5
267,51,Male,8,Yes,32,2
268,64,Male,34,Yes,42,3
269,68,Male,43,Yes,21,6
270,68,Male,43,Yes,9,5
271,33,Male,26,Yes,16,3
272,65,Male,34,Yes,42,1
273,48,Male,5,Yes,37,5
274,69,Male,26,Yes,32,4
275,59,Male,34,Yes,28,5
276,48,Male,42,Yes,13,2
277,25,Male,46,Yes,11,1
278,29,Male,43,Yes,36,5
279,57,Male,12,Yes,23,3
280,23,Male,11,Yes,37,6
281,45,Male,7,Yes,21,5
282,38,Male,20,Yes,22,5
283,21,Male,47,Yes,9,6
284,32,Male,7,Yes,16,3
285,63,Male,32,Yes,4,4
286,29,Male,1,Yes,3,5
287,27,Male,44,Yes,6,3
288,56,Male,13,Yes,18,1
289,30,Male,18,Yes,34,5
290,49,Male,15,Yes,26,6
291,58,Male,25,Yes,50,2
292,57,Male,13,Yes,40,6
293,60,Male,41,Yes,24,4
294,69,Male,40,Yes,33,3
295,70,Male,33,Yes,19,7
296,53,Male,9,Yes,24,4
297,25,Male,28,Yes,19,2
298,48,Male,13,Yes,4,5
299,69,Male,34,Yes,11,7
300,25,Male,39,Yes,28,1
301,29,Male,45,Yes,24,2
302,46,Male,39,Yes,25,7
303,37,Male,13,Yes,27,7
304,20,Male,5,Yes,49,2
305,40,Male,5,Yes,45,5
306,60,Male,41,Yes,26,3
307,26,Male,26,Yes,4,3
308,29,Male,21,Yes,3,7
309,66,Male,34,Yes,45,5
310,66,Male,47,Yes,21,1
311,56,Male,7,Yes,50,1
312,69,Male,4,Yes,19,6
313,38,Male,3,Yes,6,3
314,42,Male,35,Yes,50,7
315,30,Male,33,Yes,17,7
316,66,Male,49,Yes,24,3
317,36,Male,19,Yes,46,6
318,58,Male,9,Yes,42,7
319,45,Male,46,Yes,10,3
320,47,Male,2,Yes,1,7
321,66,Male,24,Yes,28,4
322,41,Male,35,Yes,48,4
323,41,Male,31,Yes,47,6
324,66,Male,31,Yes,29,5
325,37,Male,6,Yes,37,4
326,70,Male,35,Yes,38,3
327,62,Male,33,Yes,48,2
328,61,Male,45,Yes,36,2
329,48,Male,21,Yes,9,2
330,70,Male,23,Yes,34,6
331,46,Male,26,Yes,43,5
332,31,Male,21,Yes,46,4
333,19,Male,15,Yes,5,6
334,39,Male,30,Yes,15,5
335,41,Male,24,Yes,30,3
336,20,Male,5,Yes,44,7
337,36,Male,4,Yes,16,3
338,32,Male,36,Yes,16,3
339,69,Male,3,Yes,16,2
340,40,Male,39,Yes,21,7
341,40,Male,33,Yes,39,7
342,20,Male,41,Yes,40,5
343,64,Male,1,Yes,48,7
344,27,Male,44,Yes,26,6
345,24,Male,42,Yes,46,6
346,48,Male,6,Yes,27,3
347,49,Male,36,Yes,5,2
348,36,Male,5,Yes,43,1
349,56,Male,37,Yes,17,1
350,37,Male,29,Yes,3,5
351,42,Male,1,Yes,47,1
352,28,Male,15,Yes,24,5
353,27,Male,22,Yes,12,7
354,63,Male,10,Yes,35,6
355,58,Male,39,Yes,42,2
356,37,Male,5,Yes,1,7
357,56,Male,23,Yes,27,2
358,18,Male,11,Yes,16,5
359,48,Male,47,Yes,36,7
360,31,Male,43,Yes,30,7
361,51,Male,4,Yes,18,1
362,65,Male,23,Yes,45,3
363,53,Male,22,Yes,1,1
364,55,Male,21,Yes,42,1
365,62,Male,26,Yes,7,7
366,55,Male,9,Yes,50,4
367,64,Male,44,Yes,37,1
368,52,Male,31,Yes,18,6
369,24,Male,20,Yes,29,6
370,38,Male,49,Yes,45,4
371,59,Male,5,Yes,13,2
372,27,Male,18,Yes,47,6
373,24,Male,39,Yes,7,2
374,23,Male,26,Yes,11,5
375,69,Male,32,Yes,39,6
376,59,Male,20,Yes,6,4
377,51,Male,37,Yes,2,5
378,63,Male,2,Yes,39,7
379,54,Male,23,Yes,23,6
380,32,Male,7,Yes,46,5
381,39,Male,14,Yes,19,2
382,66,Male,2,Yes,3,7
383,28,Male,19,Yes,47,4
384,50,Male,9,Yes,6,4
385,70,Male,19,Yes,6,3
386,67,Male,9,Yes,12,5
387,64,Male,8,Yes,40,4
388,45,Male,43,Yes,38,1
389,22,Male,48,Yes,10,4
390,27,Male,42,Yes,28,6
391,25,Male,28,Yes,19,3
392,37,Male,47,Yes,25,1
393,26,Male,38,Yes,38,3
394,33,Male,35,Yes,6,1
395,43,Male,26,Yes,7,5
396,37,Male,4,Yes,2,3
397,46,Male,37,Yes,24,3
398,22,Male,17,Yes,26,3
399,20,Male,7,Yes,25,7
400,60,Male,38,Yes,10,6
401,39,Male,41,Yes,14,1
402,43,Male,20,Yes,21,4
403,31,Male,19,Yes,26,6
404,19,Male,23,Yes,12,3
405,35,Male,13,Yes,11,6
406,41,Male,37,Yes,15,3
407,52,Male,34,Yes,13,6
408,45,Male,18,Yes,5,5
409,34,Male,16,Yes,36,1
410,35,Male,47,Yes,32,6
411,29,Male,42,Yes,1,4
412,59,Male,50,Yes,15,3
413,24,Male,2,Yes,3,2
414,70,Male,23,Yes,48,6
415,29,Male,6,Yes,30,2
416,67,Male,40,Yes,40,6
417,36,Male,5,Yes,24,1
418,23,Male,17,Yes,48,4
419,18,Male,27,Yes,27,5
420,53,Male,41,Yes,14,7
421,32,Male,18,Yes,18,5
422,38,Male,1,Yes,48,5
423,47,Male,47,Yes,32,3
424,46,Male,15,Yes,21,5
425,66,Male,27,Yes,42,1
426,40,Male,26,Yes,4,4
427,43,Male,8,Yes,19,4
428,58,Male,27,Yes,6,4
429,21,Male,6,Yes,2,1
430,42,Male,48,Yes,21,1
431,24,Male,22,Yes,40,3
432,43,Male,14,Yes,33,1
433,47,Male,28,Yes,26,2
434,49,Male,16,Yes,23,1
435,50,Male,20,Yes,39,7
436,51,Male,7,Yes,42,6
437,40,Male,31,Yes,41,2
438,45,Male,36,Yes,41,3
439,52,Male,45,Yes,12,1
440,62,Male,38,Yes,31,6
441,20,Male,20,Yes,34,1
442,43,Male,21,Yes,32,3
443,29,Male,50,Yes,31,4
444,22,Male,12,Yes,24,3
445,48,Male,19,Yes,31,3
446,42,Male,45,Yes,18,3
447,19,Male,9,Yes,15,6
448,60,Male,48,Yes,7,7
449,32,Male,10,Yes,35,1
450,26,Male,15,Yes,35,6
451,25,Male,40,Yes,19,6
452,66,Male,42,Yes,26,1
453,45,Male,10,Yes,39,1
454,54,Male,44,Yes,22,2
455,37,Male,33,Yes,14,5
456,54,Male,41,Yes,50,1
457,50,Male,18,Yes,33,4
458,25,Male,4,Yes,48,7
459,47,Male,11,Yes,48,6
460,63,Male,34,Yes,27,1
461,64,Male,37,Yes,27,2
462,18,Male,32,Yes,20,2
463,59,Male,27,Yes,48,7
464,37,Male,43,Yes,29,2
465,23,Male,16,Yes,45,6
466,54,Male,20,Yes,25,4
467,38,Male,35,Yes,25,2
468,19,Male,44,Yes,37,7
469,34,Male,43,Yes,16,4
470,21,Male,16,Yes,30,5
471,50,Male,47,Yes,6,7
472,55,Male,10,Yes,36,4
473,20,Male,43,Yes,3,4
474,34,Male,9,Yes,29,7
475,62,Male,11,Yes,15,4
476,21,Male,32,Yes,18,3
477,21,Male,40,Yes,2,1
478,42,Male,26,Yes,49,2
479,35,Male,24,Yes,48,3
480,39,Male,45,Yes,43,6
481,68,Male,35,Yes,30,5
482,46,Male,49,Yes,10,1
483,41,Male,40,Yes,11,3
484,23,Male,20,Yes,12,2
485,68,Male,10,Yes,28,4
486,48,Male,31,Yes,36,1
487,38,Male,36,Yes,37,7
488,41,Male,45,Yes,22,4
489,58,Male,2,Yes,32,2
490,49,Male,46,Yes,40,3
491,57,Male,25,Yes,47,6
492,49,Male,35,Yes,24,5
493,50,Male,50,Yes,11,2
494,28,Male,23,Yes,19,5
495,38,Male,28,Yes,42,2
496,33,Male,50,Yes,6,1
497,30,Male,19,Yes,31,1
498,43,Male,20,Yes,31,2
499,43,Male,45,Yes,27,6
500,36,Male,4,Yes,24,6
501,36,Male,48,Yes,35,7
502,64,Male,21,Yes,21,3
503,59,Male,37,Yes,8,1
504,55,Male,9,Yes,26,4
505,42,Male,10,Yes,26,3
506,61,Male,2,Yes,9,5
507,28,Male,43,Yes,48,3
508,65,Male,2,Yes,33,1
509,27,Male,27,Yes,31,4
510,41,Male,13,Yes,17,2
511,21,Male,9,Yes,22,3
512,61,Male,12,Yes,8,3
513,19,Male,15,Yes,2,6
514,22,Male,36,Yes,45,3
515,64,Male,28,Yes,47,4
516,28,Male,1,Yes,7,6
517,34,Male,9,Yes,19,5
518,61,Male,26,Yes,44,7
519,24,Male,5,Yes,16,7
520,19,Male,47,Yes,17,4
521,51,Male,37,Yes,20,4
522,36,Male,35,Yes,50,3
523,65,Male,47,Yes,37,4
524,46,Male,13,Yes,5,4
525,59,Male,39,Yes,44,3
526,51,Male,45,Yes,41,6
527,51,Male,33,Yes,19,6
528,21,Male,37,Yes,47,7
529,34,Male,34,Yes,40,3
530,32,Male,19,Yes,6,6
531,48,Male,7,Yes,25,5
532,50,Male,35,Yes,42,2
533,26,Male,22,Yes,35,7
534,57,Male,18,Yes,17,2
535,65,Male,21,Yes,4,4
536,56,Male,9,Yes,24,2
537,44,Male,27,Yes,16,7
538,50,Male,42,Yes,14,3
539,27,Male,42,Yes,43,2
540,49,Male,6,Yes,49,2
541,49,Male,37,Yes,33,7
542,52,Male,40,Yes,45,5
543,27,Male,27,Yes,35,5
544,53,Male,16,Yes,11,6
545,34,Male,48,Yes,30,7
546,33,Male,16,Yes,48,3
547,62,Male,36,Yes,45,5
548,38,Male,23,Yes,26,2
549,36,Male,44,Yes,41,7
550,31,Male,29,Yes,37,5
551,62,Male,43,Yes,12,2
552,29,Male,38,Yes,27,5
553,24,Male,10,Yes,18,2
554,63,Male,21,Yes,15,4
555,56,Male,47,Yes,34,2
556,63,Male,2,Yes,37,3
557,40,Male,7,Yes,21,1
558,18,Male,30,Yes,31,2
559,50,Male,45,Yes,43,7
560,66,Male,29,Yes,22,6
561,25,Male,8,Yes,12,3
562,65,Male,16,Yes,25,1
563,53,Male,10,Yes,40,3
564,61,Male,38,Yes,16,4
565,67,Male,21,Yes,30,2
566,59,Male,38,Yes,10,2
567,55,Male,16,Yes,1,1
568,21,Male,14,Yes,24,1
569,44,Male,41,Yes,36,6
570,65,Male,16,Yes,46,7
571,65,Male,45,Yes,20,3
572,54,Male,1,Yes,37,2
573,56,Male,37,Yes,26,3
574,58,Male,19,Yes,23,5
575,54,Male,2,Yes,20,5
576,58,Male,44,Yes,38,6
577,48,Male,48,Yes,5,7
578,19,Male,16,Yes,41,3
579,69,Male,2,Yes,22,1
580,58,Male,19,Yes,48,3
581,49,Male,45,Yes,10,2
582,32,Male,45,Yes,12,7
583,40,Male,25,Yes,2,4
584,25,Male,19,Yes,38,6
585,70,Male,28,Yes,20,6
586,69,Male,37,Yes,5,7
587,45,Male,49,Yes,9,3
588,29,Male,48,Yes,48,7
589,47,Male,46,Yes,9,4
590,28,Male,47,Yes,40,3
591,64,Male,30,Yes,30,1
592,47,Male,1,Yes,6,5
593,60,Male,26,Yes,42,7
594,67,Male,30,Yes,9,7
595,35,Male,20,Yes,6,6
596,30,Male,13,Yes,47,4
597,23,Male,7,Yes,36,3
598,70,Male,30,Yes,19,1
599,21,Male,19,Yes,30,7
600,51,Male,3,Yes,27,7
601,22,Male,37,Yes,25,6
602,32,Male,9,Yes,5,1
603,37,Male,5,Yes,10,7
604,31,Male,3,Yes,26,7
605,44,Male,9,Yes,11,7
606,40,Male,19,Yes,17,2
607,27,Male,25,Yes,44,6
608,47,Male,28,Yes,44,6
609,41,Male,13,Yes,21,7
610,51,Male,32,Yes,49,1
611,53,Male,20,Yes,27,7
612,43,Male,19,Yes,19,6
613,67,Male,14,Yes,33,4
614,61,Male,39,Yes,46,5
615,68,Male,38,Yes,21,5
616,67,Male,34,Yes,23,3
617,29,Male,39,Yes,38,7
618,50,Male,25,Yes,2,4
619,61,Male,28,Yes,21,5
620,19,Male,44,Yes,1,7
621,33,Male,4,Yes,10,7
622,51,Male,24,Yes,45,2
623,69,Male,43,Yes,44,1
624,19,Male,23,Yes,48,5
625,55,Male,37,Yes,21,3
626,49,Male,13,Yes,1,2
627,31,Male,14,Yes,10,3
628,42,Male,5,Yes,24,6
629,69,Male,3,Yes,29,6
630,26,Male,35,Yes,11,3
631,41,Male,17,Yes,33,3
632,55,Male,48,Yes,27,1
633,35,Male,6,Yes,19,1
634,66,Male,47,Yes,50,4
635,36,Male,32,Yes,46,2
636,27,Male,37,Yes,28,4
637,41,Male,49,Yes,14,7
638,21,Male,31,Yes,46,1
639,53,Male,34,Yes,41,6
640,54,Male,17,Yes,50,3
641,53,Male,47,Yes,28,1
642,47,Male,30,Yes,23,7
643,64,Male,11,Yes,14,5
644,18,Male,5,Yes,10,7
645,68,Male,8,Yes,37,2
646,62,Male,20,Yes,15,5
647,51,Male,28,Yes,19,5
648,54,Male,17,Yes,23,1
649,22,Male,50,Yes,35,2
650,53,Male,13,Yes,33,7
651,34,Male,21,Yes,12,3
652,32,Male,11,Yes,41,1
653,64,Male,47,Yes,27,2
654,20,Male,26,Yes,45,1
655,24,Male,19,Yes,23,3
656,20,Male,17,Yes,19,6
657,42,Male,39,Yes,6,4
658,48,Male,29,Yes,6,4
659,62,Male,8,Yes,20,2
660,62,Male,42,Yes,8,2
661,50,Male,7,Yes,39,4
662,57,Male,45,Yes,39,4
663,24,Male,27,Yes,39,5
664,59,Male,30,Yes,23,6
665,63,Male,25,Yes,41,5
666,41,Male,36,Yes,50,3
667,35,Male,25,Yes,30,4
668,34,Male,29,Yes,32,4
669,49,Male,12,Yes,35,6
670,43,Male,27,Yes,45,5
671,63,Male,8,Yes,37,5
672,38,Male,45,Yes,45,2
673,59,Male,48,Yes,29,4
674,35,Male,20,Yes,27,5
675,48,Male,48,Yes,36,3
676,64,Male,11,Yes,9,3
677,28,Male,40,Yes,38,5
678,60,Male,48,Yes,41,3
679,27,Male,2,Yes,25,7
680,56,Male,50,Yes,37,1
681,58,Male,31,Yes,3,3
682,30,Male,8,Yes,24,7
683,23,Male,10,Yes,49,5
684,33,Male,50,Yes,3,6
685,63,Male,16,Yes,42,6
686,70,Male,3,Yes,32,1
687,70,Male,28,Yes,33,1
688,19,Male,9,Yes,46,4
689,25,Male,50,Yes,44,6
690,19,Male,39,Yes,35,7
691,25,Male,30,Yes,45,2
692,60,Male,3,Yes,37,5
693,35,Male,26,Yes,40,7
694,46,Male,35,Yes,30,7
695,41,Male,1,Yes,38,7
696,30,Male,23,Yes,15,7
697,44,Male,41,Yes,49,6
698,61,Male,26,Yes,40,4
699,55,Male,45,Yes,40,2
700,50,Male,40,Yes,5,2
701,57,Male,49,Yes,5,6
702,51,Male,38,Yes,5,7
703,18,Male,7,Yes,1,2
704,63,Male,40,Yes,21,2
705,34,Male,38,Yes,18,3
706,25,Male,11,Yes,49,4
707,46,Male,45,Yes,27,2
708,59,Male,8,Yes,21,3
709,37,Male,1,Yes,19,1
710,49,Male,3,Yes,23,6
711,22,Male,42,Yes,26,1
712,64,Male,14,Yes,13,5
713,42,Male,14,Yes,36,4
714,37,Male,5,Yes,39,5
715,26,Male,46,Yes,40,1
716,33,Male,13,Yes,37,4
717,30,Male,10,Yes,9,5
718,21,Male,30,Yes,7,7
719,22,Male,21,Yes,25,3
720,63,Male,17,Yes,42,5
721,33,Male,36,Yes,19,2
722,43,Male,19,Yes,41,7
723,27,Male,6,Yes,50,5
724,35,Male,10,Yes,43,6
725,37,Male,14,Yes,36,7
726,61,Male,22,Yes,33,1
727,32,Male,26,Yes,20,7
728,62,Male,11,Yes,37,7
729,29,Male,44,Yes,12,7
730,41,Male,47,Yes,46,7
731,48,Male,3,Yes,28,1
732,43,Male,11,Yes,30,1
733,34,Male,14,Yes,28,5
734,45,Male,4,Yes,20,5
735,65,Male,33,Yes,39,7
736,61,Male,7,Yes,48,5
737,18,Male,25,Yes,32,7
738,47,Male,44,Yes,28,3
739,56,Male,47,Yes,27,4
740,64,Male,47,Yes,26,5
741,26,Male,46,Yes,22,1
742,22,Male,9,Yes,23,7
743,64,Male,23,Yes,21,4
744,21,Male,18,Yes,36,2
745,67,Male,27,Yes,42,5
746,46,Male,50,Yes,4,6
747,40,Male,50,Yes,47,3
748,51,Male,20,Yes,13,2
749,35,Male,46,Yes,8,4
750,56,Male,20,Yes,11,4
751,25,Male,34,Yes,5,3
752,65,Male,32,Yes,1,6
753,39,Male,32,Yes,17,7
754,47,Male,3,Yes,27,4
755,36,Male,18,Yes,3,4
756,66,Male,21,Yes,22,2
757,62,Male,7,Yes,24,1
758,41,Male,47,Yes,18,4
759,66,Male,3,Yes,39,7
760,51,Male,4,Yes,25,1
761,33,Male,47,Yes,6,3
762,57,Male,23,Yes,26,2
763,45,Male,36,Yes,43,1
764,61,Male,18,Yes,6,6
765,55,Male,42,Yes,6,4
766,54,Male,30,Yes,13,4
767,57,Male,23,Yes,13,6
768,27,Male,39,Yes,11,3
769,64,Male,27,Yes,45,2
770,52,Male,13,Yes,8,6
771,19,Male,35,Yes,8,3
772,22,Male,12,Yes,34,1
773,18,Male,27,Yes,40,5
774,29,Male,19,Yes,14,5
775,42,Male,23,Yes,11,4
776,49,Male,1,Yes,8,6
777,49,Male,16,Yes,8,7
778,55,Male,6,Yes,37,2
779,29,Male,3,Yes,23,3
780,60,Male,41,Yes,38,3
781,34,Male,15,Yes,38,4
782,30,Male,35,Yes,12,1
783,28,Male,12,Yes,15,2
784,63,Male,8,Yes,38,1
785,31,Male,16,Yes,41,7
786,46,Male,8,Yes,37,1
787,70,Male,28,Yes,16,7
788,53,Male,50,Yes,25,2
789,50,Male,4,Yes,18,4
790,33,Male,38,Yes,4,5
791,22,Male,8,Yes,12,4
792,50,Male,18,Yes,35,1
793,34,Male,33,Yes,45,2
794,24,Male,16,Yes,16,6
795,69,Male,1,Yes,10,1
796,39,Male,15,Yes,34,3
797,42,Male,29,Yes,43,3
798,42,Male,34,Yes,38,2
799,29,Male,30,Yes,48,7
800,55,Male,23,Yes,31,3
801,32,Male,41,Yes,20,7
802,25,Male,36,Yes,12,1
803,38,Male,13,Yes,2,2
804,32,Male,40,Yes,30,7
805,43,Male,17,Yes,28,4
806,41,Male,40,Yes,40,6
807,56,Male,21,Yes,46,4
808,27,Male,15,Yes,15,2
809,46,Male,49,Yes,38,7
810,48,Male,37,Yes,30,5
811,52,Male,46,Yes,32,5
812,18,Male,27,Yes,36,4
813,64,Male,30,Yes,32,2
814,54,Male,7,Yes,14,3
815,31,Male,47,Yes,8,6
816,30,Male,9,Yes,27,5
817,26,Male,27,Yes,24,6
818,25,Male,23,Yes,30,1
819,59,Male,38,Yes,34,6
820,55,Male,25,Yes,28,4
821,56,Male,8,Yes,27,6
822,62,Male,35,Yes,31,5
823,35,Male,17,Yes,23,3
824,51,Male,43,Yes,11,4
825,61,Male,43,Yes,48,4
826,27,Male,44,Yes,17,6
827,54,Male,3,Yes,36,2
828,31,Male,25,Yes,33,1
829,24,Male,23,Yes,27,5
830,42,Male,38,Yes,14,1
831,41,Male,6,Yes,5,3
832,66,Male,48,Yes,47,7
833,58,Male,19,Yes,28,5
834,43,Male,20,Yes,11,3
835,52,Male,23,Yes,18,2
836,35,Male,34,Yes,21,2
837,23,Male,9,Yes,22,5
838,25,Male,27,Yes,33,7
839,33,Male,1,Yes,49,3
840,48,Male,27,Yes,10,7
841,42,Male,16,Yes,18,2
842,55,Male,22,Yes,28,1
843,59,Male,10,Yes,25,2
844,65,Male,39,Yes,6,2
845,59,Male,10,Yes,44,5
846,31,Male,50,Yes,30,6
847,49,Male,1,Yes,42,4
848,53,Male,33,Yes,30,6
849,48,Male,13,Yes,33,5
850,23,Male,10,Yes,24,4
851,68,Male,40,Yes,13,6
852,35,Male,3,Yes,19,6
853,34,Male,21,Yes,23,7
854,62,Male,13,Yes,35,6
855,21,Male,19,Yes,22,6
856,70,Male,5,Yes,14,4
857,55,Male,30,Yes,47,1
858,43,Male,10,Yes,50,7
859,19,Male,20,Yes,33,2
860,47,Male,49,Yes,7,6
861,26,Male,37,Yes,3,6
862,46,Male,42,Yes,35,7
863,19,Male,11,Yes,13,1
864,49,Male,35,Yes,42,1
865,51,Male,1,Yes,5,3
866,64,Male,25,Yes,23,3
867,67,Male,36,Yes,11,5
868,37,Male,25,Yes,23,1
869,40,Male,18,Yes,2,7
870,38,Male,14,Yes,33,2
871,66,Male,9,Yes,6,5
872,47,Male,12,Yes,45,4
873,56,Male,26,Yes,25,4
874,51,Male,17,Yes,24,4
875,25,Male,2,Yes,10,7
876,37,Male,26,Yes,7,7
877,41,Male,44,Yes,1,2
878,64,Male,44,Yes,45,7
879,23,Male,31,Yes,37,2
880,62,Male,6,Yes,14,4
881,39,Male,23,Yes,25,6
882,52,Male,37,Yes,18,3
883,50,Male,42,Yes,37,7
884,28,Male,39,Yes,30,6
885,67,Male,12,Yes,34,2
886,41,Male,32,Yes,49,7
887,19,Male,41,Yes,48,6
888,70,Male,47,Yes,33,1
889,49,Male,14,Yes,44,3
890,59,Male,29,Yes,50,2
891,52,Male,15,Yes,47,6
892,20,Male,39,Yes,24,7
893,31,Male,36,Yes,43,6
894,33,Male,44,Yes,14,6
895,44,Male,6,Yes,3,4
896,40,Male,17,Yes,33,4
897,69,Male,11,Yes,38,1
898,29,Male,27,Yes,46,2
899,54,Male,23,Yes,19,7
900,65,Male,4,Yes,20,3
901,54,Male,9,Yes,42,4
902,60,Male,10,Yes,34,6
903,43,Male,1,Yes,5,6
904,44,Male,48,Yes,3,4
905,69,Male,30,Yes,46,7
906,46,Male,17,Yes,16,3
907,41,Male,37,Yes,21,5
908,32,Male,10,Yes,34,5
909,26,Male,33,Yes,9,7
910,61,Male,8,Yes,36,2
911,49,Male,37,Yes,22,6
912,53,Male,35,Yes,2,4
913,24,Male,11,Yes,32,6
914,37,Male,41,Yes,29,7
915,43,Male,48,Yes,27,7
916,31,Male,4,Yes,33,1
917,49,Male,27,Yes,16,6
918,69,Male,10,Yes,11,4
919,65,Male,18,Yes,11,1
920,41,Male,3,Yes,17,5
921,37,Male,11,Yes,37,2
922,70,Male,46,Yes,18,2
923,63,Male,43,Yes,13,6
924,55,Male,11,Yes,7,2
925,52,Male,24,Yes,37,4
926,22,Male,29,Yes,8,6
927,54,Male,3,Yes,11,5
928,28,Male,36,Yes,8,5
929,67,Male,11,Yes,31,7
930,59,Male,44,Yes,26,1
931,26,Male,12,Yes,20,5
932,24,Male,44,Yes,24,1
933,62,Male,28,Yes,45,5
934,70,Male,25,Yes,33,6
935,45,Male,5,Yes,21,6
936,58,Male,32,Yes,2,1
937,31,Male,2,Yes,28,2
938,32,Male,45,Yes,18,4
939,36,Male,49,Yes,21,1
940,25,Male,15,Yes,24,6
941,48,Male,25,Yes,15,7
942,39,Male,27,Yes,38,7
943,26,Male,29,Yes,38,5
944,32,Male,20,Yes,13,1
945,54,Male,28,Yes,39,5
946,38,Male,47,Yes,8,7
947,46,Male,39,Yes,4,4
948,57,Male,28,Yes,6,7
949,49,Male,16,Yes,11,7
950,33,Male,7,Yes,49,6
951,54,Male,36,Yes,30,4
952,47,Male,30,Yes,34,6
953,36,Male,38,Yes,28,6
954,68,Male,41,Yes,36,4
955,60,Male,8,Yes,18,7
956,55,Male,17,Yes,4,6
957,29,Male,17,Yes,42,4
958,38,Male,28,Yes,11,4
959,70,Male,48,Yes,31,5
960,36,Male,23,Yes,12,1
961,18,Male,8,Yes,20,4
962,62,Male,39,Yes,37,4
963,29,Male,50,Yes,26,1
964,21,Male,37,Yes,14,2
965,42,Male,29,Yes,12,5
966,43,Male,13,Yes,10,3
967,58,Male,1,Yes,19,3
968,27,Male,43,Yes,4,2
969,57,Male,18,Yes,48,4
970,40,Male,19,Yes,37,6
971,45,Male,19,Yes,4,6
972,47,Male,28,Yes,15,2
973,61,Male,25,Yes,33,2
974,60,Male,25,Yes,30,4
975,69,Male,18,Yes,23,6
976,58,Male,48,Yes,2,2
977,34,Male,21,Yes,50,7
978,20,Male,48,Yes,34,5
979,56,Male,25,Yes,33,2
980,64,Male,14,Yes,34,6
981,56,Male,34,Yes,39,7
982,27,Male,34,Yes,47,4
983,35,Male,22,Yes,37,6
984,24,Male,36,Yes,40,5
985,26,Male,41,Yes,8,5
986,32,Male,9,Yes,12,3
987,54,Male,40,Yes,36,6
988,62,Male,9,Yes,48,2
989,50,Male,32,Yes,47,1
990,70,Male,22,Yes,2,6
991,48,Male,48,Yes,24,2
992,20,Male,49,Yes,40,5
993,46,Male,8,Yes,50,2
994,51,Male,45,Yes,25,2
995,53,Male,15,Yes,20,6
996,44,Male,38,Yes,10,2
997,29,Male,13,Yes,32,4
998,64,Male,1,Yes,31,1
999,51,Male,40,Yes,48,5
1000,50,Male,36,Yes,23,6
1001,43,Male,43,Yes,1,5
1002,61,Male,48,Yes,4,1
1003,55,Male,26,Yes,3,5
1004,56,Male,32,Yes,3,5
1005,33,Male,31,Yes,44,3
1006,43,Male,15,Yes,5,5
1007,21,Male,50,Yes,50,4
1008,58,Male,43,Yes,2,3
1009,41,Male,36,Yes,29,3
1010,39,Male,8,Yes,11,3
1011,54,Male,46,Yes,37,1
1012,43,Male,7,Yes,32,1
1013,28,Male,36,Yes,27,3
1014,59,Male,37,Yes,31,5
1015,28,Male,32,Yes,36,1
1016,68,Male,18,Yes,34,2
1017,20,Male,38,Yes,15,7
1018,21,Male,20,Yes,14,3
1019,50,Male,43,Yes,46,2
1020,32,Male,1,Yes,33,5
1021,24,Male,13,Yes,41,3
1022,55,Male,3,Yes,39,2
1023,61,Male,44,Yes,7,3
1024,61,Male,2,Yes,29,7
1025,28,Male,39,Yes,18,4
1026,60,Male,44,Yes,15,3
1027,49,Male,42,Yes,39,5
1028,33,Male,32,Yes,11,6
1029,45,Male,44,Yes,4,1
1030,29,Male,32,Yes,33,5
1031,58,Male,1,Yes,37,4
1032,22,Male,31,Yes,32,4
1033,55,Male,2,Yes,44,4
1034,19,Male,7,Yes,41,4
1035,68,Male,34,Yes,44,2
1036,61,Male,43,Yes,32,3
1037,68,Male,12,Yes,13,6
1038,52,Male,4,Yes,48,4
1039,41,Male,44,Yes,3,2
1040,29,Male,50,Yes,39,6
1041,68,Male,18,Yes,7,1
1042,36,Male,47,Yes,11,1
1043,55,Male,34,Yes,47,2
1044,28,Male,12,Yes,28,1
1045,39,Male,5,Yes,17,7
1046,54,Male,36,Yes,11,5
1047,40,Male,27,Yes,12,3
1048,31,Male,41,Yes,7,1
1049,30,Male,2,Yes,19,1
1050,45,Male,42,Yes,24,4
1051,48,Male,21,Yes,19,6
1052,45,Male,32,Yes,39,3
1053,60,Male,42,Yes,1,1
1054,59,Male,24,No,10,5
1055,18,Male,11,No,48,4
1056,70,Male,3,No,24,3
1057,20,Male,38,No,42,1
1058,65,Male,49,No,20,2
1059,29,Male,36,No,49,7
1060,22,Male,18,No,25,6
1061,27,Male,45,No,21,7
1062,36,Male,38,No,12,7
1063,59,Male,32,No,21,7
1064,62,Male,16,No,35,6
1065,34,Male,6,No,42,7
1066,59,Male,16,No,3,7
1067,49,Male,17,No,11,5
1068,18,Male,39,No,22,4
1069,55,Male,6,No,47,2
1070,38,Male,34,No,33,7
1071,50,Male,18,No,50,2
1072,61,Male,39,No,46,6
1073,48,Male,38,No,34,1
1074,22,Male,19,No,33,6
1075,48,Male,31,No,45,1
1076,57,Male,10,No,32,5
1077,33,Male,26,No,47,5
1078,58,Male,9,No,5,4
1079,37,Male,29,No,49,1
1080,18,Male,20,No,48,6
1081,65,Male,39,No,22,7
1082,62,Male,38,No,45,3
1083,54,Male,37,No,30,4
1084,35,Male,48,No,43,2
1085,34,Male,11,No,48,4
1086,25,Male,41,No,23,1
1087,53,Male,30,No,27,5
1088,45,Male,9,No,7,6
1089,49,Male,8,No,2,2
1090,40,Male,29,No,33,5
1091,38,Male,40,No,27,1
1092,44,Male,18,No,6,1
1093,68,Male,46,No,20,4
1094,60,Male,13,No,46,7
1095,25,Male,40,No,25,4
1096,19,Male,31,No,30,4
1097,57,Male,14,No,48,3
1098,58,Male,35,No,47,2
1099,49,Male,38,No,27,2
1100,19,Male,18,No,45,1
1101,50,Male,23,No,2,2
1102,30,Male,13,No,39,1
1103,52,Male,22,No,24,1
1104,35,Male,31,No,8,5
1105,35,Male,13,No,8,4
1106,33,Male,3,No,6,7
1107,52,Male,47,No,12,1
1108,69,Male,22,No,26,2
1109,27,Male,44,No,50,1
1110,66,Male,20,No,2,2
1111,28,Male,22,No,31,5
1112,22,Male,15,No,4,5
1113,69,Male,48,No,32,4
1114,28,Male,34,No,11,5
1115,55,Male,14,No,47,7
1116,30,Male,15,No,37,2
1117,67,Male,12,No,39,1
1118,25,Male,19,No,24,6
1119,49,Male,28,No,11,7
1120,34,Male,8,No,36,2
1121,22,Male,39,No,40,6
1122,63,Male,21,No,25,4
1123,70,Male,18,No,12,3
1124,36,Male,3,No,38,6
1125,42,Male,45,No,40,4
1126,27,Male,26,No,10,2
1127,23,Male,45,No,47,1
1128,50,Male,13,No,22,6
1129,56,Male,15,No,35,6
1130,37,Male,14,No,46,1
1131,67,Male,1,No,30,5
1132,67,Male,27,No,20,6
1133,50,Male,18,No,25,1
1134,36,Male,40,No,29,2
1135,62,Male,49,No,2,7
1136,65,Male,3,No,32,4
1137,23,Male,27,No,37,6
1138,46,Male,36,No,16,7
1139,18,Male,45,No,32,1
1140,58,Male,16,No,42,5
1141,31,Male,34,No,6,7
1142,39,Male,32,No,23,1
1143,69,Male,32,No,27,5
1144,68,Male,23,No,43,4
1145,41,Male,37,No,25,1
1146,31,Male,23,No,30,7
1147,48,Male,49,No,7,7
1148,59,Male,31,No,17,3
1149,34,Male,21,No,10,1
1150,21,Male,43,No,40,3
1151,29,Male,1,No,50,5
1152,41,Male,32,No,24,2
1153,62,Male,40,No,8,7
1154,27,Male,38,No,6,4
1155,49,Male,43,No,44,5
1156,67,Male,31,No,47,4
1157,20,Male,12,No,6,7
1158,37,Male,34,No,11,4
1159,69,Male,23,No,41,3
1160,66,Male,14,No,46,7
1161,37,Male,26,No,9,5
1162,63,Male,20,No,37,6
1163,47,Male,18,No,13,2
1164,26,Male,31,No,24,6
1165,68,Male,7,No,47,4
1166,51,Male,49,No,21,7
1167,48,Male,40,No,22,1
1168,60,Male,33,No,16,4
1169,68,Male,17,No,37,1
1170,25,Male,6,No,3,3
1171,57,Male,27,No,33,5
1172,41,Male,8,No,15,3
1173,59,Male,5,No,42,5
1174,44,Male,46,No,42,5
1175,42,Male,50,No,19,5
1176,35,Male,33,No,26,4
1177,36,Male,5,No,39,4
1178,54,Male,45,No,24,6
1179,37,Male,37,No,23,3
1180,20,Male,28,No,44,3
1181,23,Male,5,No,34,6
1182,61,Male,15,No,43,4
1183,37,Male,36,No,45,4
1184,23,Male,8,No,4,2
1185,63,Male,37,No,19,3
1186,47,Male,2,No,29,6
1187,63,Male,28,No,27,3
1188,56,Male,45,No,37,7
1189,68,Male,17,No,11,2
1190,64,Male,11,No,28,3
1191,62,Male,37,No,31,2
1192,34,Male,28,No,50,4
1193,49,Male,21,No,42,4
1194,40,Male,30,No,18,1
1195,50,Male,15,No,6,1
1196,25,Male,22,No,33,6
1197,30,Male,26,No,13,5
1198,54,Male,35,No,26,3
1199,40,Male,33,No,17,3
1200,49,Male,34,No,3,2
1201,27,Male,40,No,7,2
1202,27,Male,27,No,46,1
1203,48,Male,34,No,14,7
1204,40,Male,47,No,23,3
1205,67,Male,21,No,20,7
1206,52,Male,19,No,38,1
1207,22,Male,17,No,16,7
1208,62,Male,48,No,48,7
1209,20,Male,49,No,8,3
1210,41,Male,39,No,16,6
1211,34,Male,10,No,5,4
1212,23,Male,20,No,14,7
1213,32,Male,39,No,18,2
1214,68,Male,1,No,14,7
1215,30,Male,35,No,5,7
1216,66,Male,5,No,15,7
1217,62,Male,41,No,3,7
1218,50,Male,44,No,12,7
1219,55,Male,39,No,43,7
1220,19,Male,35,No,35,5
1221,67,Male,1,No,36,4
1222,18,Male,45,No,3,4
1223,58,Male,28,No,27,3
1224,69,Male,24,No,21,2
1225,62,Male,27,No,18,2
1226,28,Male,18,No,16,2
1227,53,Male,32,No,18,5
1228,27,Male,27,No,19,5
1229,55,Male,28,No,1,3
1230,34,Male,24,No,39,3
1231,25,Male,27,No,49,6
1232,66,Male,39,No,43,1
1233,57,Male,15,No,31,7
1234,46,Male,41,No,40,7
1235,38,Male,33,No,2,5
1236,23,Male,38,No,46,7
1237,42,Male,36,No,35,7
1238,25,Male,50,No,42,4
1239,55,Male,6,No,3,1
1240,62,Male,33,No,32,7
1241,41,Male,33,No,48,3
1242,58,Male,12,No,34,2
1243,56,Male,23,No,15,4
1244,25,Male,14,No,22,3
1245,70,Male,28,No,2,6
1246,42,Male,15,No,30,2
1247,27,Male,8,No,27,6
1248,65,Male,42,No,18,5
1249,62,Male,49,No,8,3
1250,62,Male,5,No,48,1
1251,52,Male,14,No,24,6
1252,56,Male,28,No,43,6
1253,28,Male,3,No,8,4
1254,39,Male,7,No,49,3
1255,54,Male,19,No,2,5
1256,30,Male,28,No,38,1
1257,45,Male,9,No,4,1
1258,68,Male,47,No,31,7
1259,47,Male,32,No,34,7
1260,68,Male,47,No,45,6
1261,63,Male,42,No,30,4
1262,20,Male,40,No,2,1
1263,29,Male,31,No,44,6
1264,41,Male,13,No,1,5
1265,52,Male,35,No,1,5
1266,32,Male,8,No,27,2
1267,20,Male,26,No,14,7
1268,47,Male,5,No,41,2
1269,23,Male,38,No,25,5
1270,43,Male,35,No,47,4
1271,67,Male,9,No,20,3
1272,70,Male,1,No,42,3
1273,35,Male,49,No,16,6
1274,41,Male,17,No,32,7
1275,54,Male,10,No,37,4
1276,55,Male,11,No,1,6
1277,51,Male,6,No,37,2
1278,19,Male,4,No,5,4
1279,28,Male,41,No,31,1
1280,63,Male,34,No,18,3
1281,30,Male,43,No,39,7
1282,29,Male,33,No,8,5
1283,24,Male,14,No,20,6
1284,69,Male,5,No,23,7
1285,65,Male,11,No,38,1
1286,64,Male,18,No,45,1
1287,40,Male,9,No,44,1
1288,24,Male,41,No,20,6
1289,66,Male,46,No,34,5
1290,35,Male,14,No,10,2
1291,67,Male,34,No,3,3
1292,69,Male,46,No,23,1
1293,26,Male,1,No,42,3
1294,23,Male,21,No,30,3
1295,27,Male,22,No,21,7
1296,30,Male,36,No,50,2
1297,48,Male,46,No,16,5
1298,44,Male,33,No,32,3
1299,29,Male,28,No,14,1
1300,29,Male,8,No,42,5
1301,67,Male,9,No,47,7
1302,42,Male,2,No,21,2
1303,23,Male,38,No,37,6
1304,34,Male,15,No,10,3
1305,64,Male,7,No,18,7
1306,31,Male,17,No,2,7
1307,54,Male,30,No,40,3
1308,23,Male,10,No,43,3
1309,59,Male,4,No,14,7
1310,32,Male,12,No,41,4
1311,43,Male,37,No,38,7
1312,32,Male,31,No,12,3
1313,66,Male,10,No,19,6
1314,70,Male,10,No,23,5
1315,42,Male,10,No,49,3
1316,56,Male,17,No,29,4
1317,28,Male,11,No,14,5
1318,28,Male,1,No,19,6
1319,52,Male,40,No,19,5
1320,65,Male,20,No,48,2
1321,56,Male,19,No,19,3
1322,59,Male,10,No,45,7
1323,23,Male,48,No,17,4
1324,58,Male,15,No,15,7
1325,39,Male,28,No,11,1
1326,28,Male,5,No,1,6
1327,40,Male,22,No,17,6
1328,52,Male,21,No,37,2
1329,37,Male,4,No,40,2
1330,70,Male,22,No,50,7
1331,30,Male,35,No,20,5
1332,38,Male,34,No,8,5
1333,66,Male,30,No,16,4
1334,29,Male,38,No,9,4
1335,46,Male,9,No,12,6
1336,56,Male,23,No,26,2
1337,23,Male,5,No,44,1
1338,37,Male,31,No,19,5
1339,56,Male,16,No,43,1
1340,36,Male,28,No,5,7
1341,40,Male,38,No,5,7
1342,26,Male,4,No,31,4
1343,57,Male,29,No,11,6
1344,68,Male,21,No,34,6
1345,56,Male,15,No,14,3
1346,40,Male,44,No,42,2
1347,44,Male,17,No,15,5
1348,44,Male,35,No,47,6
1349,19,Male,44,No,23,1
1350,21,Male,37,No,23,5
1351,31,Male,13,No,1,7
1352,30,Male,35,No,28,4
1353,65,Male,28,No,37,5
1354,39,Male,5,No,4,7
1355,64,Male,34,No,21,4
1356,59,Male,21,No,50,5
1357,49,Male,28,No,34,3
1358,24,Male,22,No,20,4
1359,19,Male,44,No,25,7
1360,27,Male,18,No,26,1
1361,56,Male,16,No,4,3
1362,49,Male,16,No,39,6
1363,41,Male,25,No,29,2
1364,36,Male,49,No,47,4
1365,68,Male,13,No,5,7
1366,28,Male,28,No,18,1
1367,45,Male,45,No,10,1
1368,60,Male,45,No,25,4
1369,21,Male,49,No,2,2
1370,32,Male,45,No,48,1
1371,27,Male,7,No,41,7
1372,40,Male,17,No,42,6
1373,64,Male,50,No,44,5
1374,18,Male,42,No,6,4
1375,22,Male,15,No,5,4
1376,42,Male,2,No,8,3
1377,57,Male,33,No,24,3
1378,33,Male,34,No,42,6
1379,37,Male,1,No,24,2
1380,21,Male,47,No,38,5
1381,51,Male,3,No,41,1
1382,30,Male,27,No,48,4
1383,68,Male,50,No,16,4
1384,36,Male,49,No,4,6
1385,46,Male,30,No,8,2
1386,41,Male,17,No,1,5
1387,68,Male,5,No,4,4
1388,21,Male,34,No,20,6
1389,62,Male,11,No,40,4
1390,59,Male,27,No,8,1
1391,25,Male,11,No,42,2
1392,53,Male,17,No,38,3
1393,31,Male,11,No,34,7
1394,46,Male,38,No,14,1
1395,26,Male,45,No,39,2
1396,47,Male,9,No,40,5
1397,37,Male,49,No,49,6
1398,55,Male,3,No,33,3
1399,30,Male,22,No,25,2
1400,19,Male,44,No,48,3
1401,36,Male,23,No,22,7
1402,23,Male,28,No,1,2
1403,62,Male,26,No,47,6
1404,26,Male,43,No,20,5
1405,36,Male,36,No,10,2
1406,33,Male,14,No,39,6
1407,32,Male,48,No,15,6
1408,56,Male,23,No,11,3
1409,58,Male,2,No,38,2
1410,34,Male,38,No,41,1
1411,61,Male,31,No,18,3
1412,48,Male,8,No,13,4
1413,25,Male,50,No,43,3
1414,51,Male,14,No,12,4
1415,29,Male,47,No,3,5
1416,54,Male,27,No,12,7
1417,48,Male,38,No,46,4
1418,62,Male,7,No,21,1
1419,18,Male,16,No,23,7
1420,43,Male,7,No,4,4
1421,22,Male,19,No,45,7
1422,68,Male,39,No,24,1
1423,44,Male,22,No,3,5
1424,51,Male,50,No,12,7
1425,66,Male,40,No,34,7
1426,59,Male,6,No,39,3
1427,60,Male,50,No,35,7
1428,31,Male,46,No,8,3
1429,20,Male,26,No,42,4
1430,24,Male,34,No,6,7
1431,48,Male,50,No,3,1
1432,39,Male,46,No,29,4
1433,34,Male,21,No,32,4
1434,70,Male,47,No,45,2
1435,59,Male,15,No,21,5
1436,45,Male,5,No,41,2
1437,35,Male,47,No,23,1
1438,69,Male,7,No,14,3
1439,58,Male,48,No,24,6
1440,25,Male,36,No,25,1
1441,27,Male,29,No,13,6
1442,34,Male,44,No,3,7
1443,53,Male,38,No,42,3
1444,58,Male,38,No,2,6
1445,32,Male,35,No,26,4
1446,64,Male,11,No,24,3
1447,63,Male,6,No,6,4
1448,23,Male,36,No,25,6
1449,64,Male,9,No,11,7
1450,18,Male,15,No,20,7
1451,25,Male,27,No,25,4
1452,54,Male,41,No,35,4
1453,60,Male,25,No,11,4
1454,36,Male,42,No,41,1
1455,66,Male,43,No,17,3
1456,60,Male,16,No,1,7
1457,59,Male,7,No,30,7
1458,58,Male,39,No,47,1
1459,35,Male,10,No,34,2
1460,20,Male,2,No,18,1
1461,70,Male,39,No,33,5
1462,54,Male,5,No,42,4
1463,38,Male,41,No,2,4
1464,54,Male,20,No,1,6
1465,33,Male,7,No,23,4
1466,46,Male,44,No,42,5
1467,58,Male,16,No,3,3
1468,30,Male,32,No,16,1
1469,42,Male,11,No,46,1
1470,28,Male,17,No,31,7
1471,43,Male,19,No,15,7
1472,31,Male,30,No,48,7
1473,39,Male,28,No,11,2
1474,69,Male,49,No,20,7
1475,31,Male,33,No,6,6
1476,44,Male,4,No,24,6
1477,39,Male,6,No,18,6
1478,24,Male,5,No,1,7
1479,28,Male,48,No,13,5
1480,48,Male,48,No,2,2
1481,39,Male,14,No,26,4
1482,64,Male,34,No,31,4
1483,28,Male,49,No,43,2
1484,39,Male,3,No,12,5
1485,49,Male,44,No,22,7
1486,22,Male,44,No,3,1
1487,25,Male,38,No,23,7
1488,40,Male,29,No,26,3
1489,23,Male,12,No,37,2
1490,24,Male,10,No,42,4
1491,66,Male,8,No,15,5
1492,27,Male,11,No,10,4
1493,62,Male,18,No,3,4
1494,70,Male,26,No,44,4
1495,43,Male,7,No,23,1
1496,45,Male,4,No,6,2
1497,63,Male,38,No,9,5
1498,69,Male,50,No,16,7
1499,59,Male,27,No,46,1
1500,19,Male,43,No,24,7
1501,63,Male,16,No,22,6
1502,37,Male,30,No,13,7
1503,37,Male,3,No,20,1
1504,50,Male,50,No,46,4
1505,60,Male,30,No,10,6
1506,46,Male,26,No,39,6
1507,35,Male,37,No,44,4
1508,66,Male,39,No,7,3
1509,35,Male,25,No,3,7
1510,20,Male,14,No,44,3
1511,55,Male,34,No,31,3
1512,34,Male,43,No,48,2
1513,60,Male,49,No,18,5
1514,22,Male,22,No,27,6
1515,26,Male,41,No,1,2
1516,39,Male,28,No,34,2
1517,20,Male,23,No,5,5
1518,57,Male,14,No,12,4
1519,68,Male,15,No,14,1
1520,50,Male,22,No,40,2
1521,21,Male,45,No,39,4
1522,29,Male,48,No,50,2
1523,38,Male,31,No,5,6
1524,54,Male,43,No,35,3
1525,22,Male,3,No,6,5
1526,29,Male,5,No,22,1
1527,41,Male,20,No,27,6
1528,26,Male,49,No,33,1
1529,69,Male,5,No,47,5
1530,20,Male,43,No,48,5
1531,59,Male,36,No,22,4
1532,63,Male,17,No,8,5
1533,68,Male,49,No,5,7
1534,50,Male,14,No,16,4
1535,55,Male,6,No,26,1
1536,36,Male,9,No,8,6
1537,18,Male,50,No,17,4
1538,68,Male,30,No,50,3
1539,56,Male,27,No,22,5
1540,32,Male,12,No,19,7
1541,28,Male,25,No,14,6
1542,24,Male,27,No,35,5
1543,59,Male,12,No,43,2
1544,56,Male,49,No,24,3
1545,30,Male,11,No,17,5
1546,48,Male,13,No,49,3
1547,60,Male,5,No,17,3
1548,46,Male,37,No,40,4
1549,69,Male,34,No,43,2
1550,19,Male,24,No,19,7
1551,66,Male,11,No,40,4
1552,64,Male,47,No,13,6
1553,54,Male,36,No,20,6
1554,27,Male,13,No,21,4
1555,64,Male,41,No,18,5
1556,43,Male,32,No,44,4
1557,43,Male,16,No,26,4
1558,27,Male,46,No,34,4
1559,35,Male,36,No,24,7
1560,43,Male,5,No,23,1
1561,57,Male,5,No,3,2
1562,50,Male,17,No,2,4
1563,37,Male,16,No,23,5
1564,68,Male,24,No,8,2
1565,22,Male,19,No,30,7
1566,58,Male,38,No,48,3
1567,48,Male,6,No,21,5
1568,30,Male,47,No,9,6
1569,51,Male,48,No,8,6
1570,20,Male,12,No,29,2
1571,30,Male,10,No,3,7
1572,28,Male,25,No,11,1
1573,37,Male,48,No,16,6
1574,36,Male,26,No,25,2
1575,18,Male,47,No,32,5
1576,52,Male,19,No,28,1
1577,56,Male,50,No,36,6
1578,68,Male,13,No,7,1
1579,62,Male,19,No,2,4
1580,35,Male,20,No,6,6
1581,65,Male,26,No,30,3
1582,69,Male,32,No,46,4
1583,28,Male,12,No,39,6
1584,37,Male,34,No,8,3
1585,41,Male,12,No,46,4
1586,37,Male,16,No,40,1
1587,25,Male,20,No,21,2
1588,41,Male,16,No,33,1
1589,48,Male,35,No,3,6
1590,42,Male,32,No,48,2
1591,54,Male,49,No,8,3
1592,18,Male,46,No,24,3
1593,56,Male,45,No,10,7
1594,61,Male,34,No,25,6
1595,40,Male,25,No,3,1
1596,34,Male,49,No,45,1
1597,42,Male,17,No,15,6
1598,43,Male,17,No,34,4
1599,47,Male,19,No,21,5
1600,48,Male,13,No,22,5
1601,20,Male,7,No,24,2
1602,65,Male,28,No,33,6
1603,54,Male,9,No,13,1
1604,23,Male,45,No,17,5
1605,18,Male,2,No,25,7
1606,70,Male,40,No,15,5
1607,55,Male,24,No,4,1
1608,49,Male,35,No,43,4
1609,26,Male,44,No,12,5
1610,33,Male,23,No,3,6
1611,20,Male,31,No,1,3
1612,41,Male,11,No,6,6
1613,18,Male,49,No,26,6
1614,26,Male,27,No,6,1
1615,30,Male,24,No,22,5
1616,64,Male,15,No,45,5
1617,26,Male,25,No,50,4
1618,43,Male,49,No,50,1
1619,63,Male,50,No,39,4
1620,57,Male,12,No,50,5
1621,25,Male,42,No,27,7
1622,68,Male,32,No,38,1
1623,31,Male,10,No,37,7
1624,64,Male,28,No,50,3
1625,38,Male,21,No,40,7
1626,34,Male,47,No,3,5
1627,32,Male,23,No,45,5
1628,69,Male,2,No,8,3
1629,45,Male,3,No,7,6
1630,35,Male,26,No,13,4
1631,63,Male,33,No,29,7
1632,65,Male,28,No,7,1
1633,35,Male,5,No,50,7
1634,54,Male,26,No,33,5
1635,28,Male,37,No,30,7
1636,68,Male,18,No,40,3
1637,58,Male,26,No,49,1
1638,35,Male,3,No,32,1
1639,68,Male,31,No,18,2
1640,41,Male,10,No,50,3
1641,65,Male,31,No,13,2
1642,50,Male,25,No,1,7
1643,18,Male,17,No,16,1
1644,38,Male,32,No,6,6
1645,68,Male,18,No,21,6
1646,53,Male,32,No,36,7
1647,58,Male,44,No,20,7
1648,34,Male,12,No,8,4
1649,36,Male,20,No,22,6
1650,58,Male,49,No,3,4
1651,60,Male,11,No,46,1
1652,59,Male,22,No,42,6
1653,65,Male,36,No,1,1
1654,31,Male,25,No,29,5
1655,43,Male,28,No,14,4
1656,37,Male,29,No,4,6
1657,21,Male,28,No,41,7
1658,69,Male,28,No,4,5
1659,32,Male,30,No,47,2
1660,53,Male,41,No,44,3
1661,59,Male,8,No,37,6
1662,64,Male,45,No,21,4
1663,63,Male,36,No,46,1
1664,43,Male,2,No,1,5
1665,19,Male,47,No,35,2
1666,40,Male,36,No,49,6
1667,51,Male,11,No,47,3
1668,51,Male,20,No,24,7
1669,66,Male,41,No,28,1
1670,42,Male,49,No,22,4
1671,22,Male,41,No,20,2
1672,31,Male,41,No,25,2
1673,18,Male,37,No,15,4
1674,21,Male,12,No,49,5
1675,35,Male,30,No,10,1
1676,35,Male,25,No,21,3
1677,27,Male,9,No,34,2
1678,65,Male,5,No,41,2
1679,41,Male,32,No,30,1
1680,60,Male,3,No,24,5
1681,61,Male,8,No,6,3
1682,24,Male,42,No,14,5
1683,65,Male,15,No,37,5
1684,23,Male,11,No,37,4
1685,30,Male,36,No,28,2
1686,33,Male,47,No,43,5
1687,22,Male,27,No,25,3
1688,67,Male,43,No,4,3
1689,28,Male,17,No,13,1
1690,32,Male,18,No,32,6
1691,40,Male,23,No,1,3
1692,64,Male,40,No,4,3
1693,56,Male,41,No,33,5
1694,63,Male,31,No,45,1
1695,20,Male,17,No,20,1
1696,54,Male,44,No,1,1
1697,31,Male,9,No,7,5
1698,36,Male,37,No,48,7
1699,25,Male,45,No,46,4
1700,20,Male,26,No,34,3
1701,62,Male,9,No,36,6
1702,69,Male,17,No,44,7
1703,54,Male,16,No,48,2
1704,39,Male,19,No,12,3
1705,56,Male,38,No,19,7
1706,39,Male,46,No,49,5
1707,37,Male,26,No,25,1
1708,25,Male,23,No,25,5
1709,35,Male,21,No,1,4
1710,45,Male,28,No,19,3
1711,19,Male,11,No,7,4
1712,21,Male,18,No,19,6
1713,65,Male,27,No,9,1
1714,49,Male,10,No,37,4
1715,30,Male,46,No,15,6
1716,23,Male,38,No,30,5
1717,69,Male,40,No,30,7
1718,29,Male,12,No,16,5
1719,54,Male,34,No,14,7
1720,45,Male,34,No,8,4
1721,25,Male,3,No,40,5
1722,34,Male,13,No,24,6
1723,46,Male,3,No,14,1
1724,70,Male,15,No,39,3
1725,42,Male,13,No,21,2
1726,45,Male,3,No,32,4
1727,57,Male,28,No,45,2
1728,49,Male,42,No,19,6
1729,23,Male,6,No,1,7
1730,47,Male,27,No,12,1
1731,23,Male,16,No,26,2
1732,21,Male,38,No,12,6
1733,45,Male,4,No,36,7
1734,67,Male,15,No,22,3
1735,31,Male,10,No,16,4
1736,58,Male,22,No,31,3
1737,57,Male,31,No,43,4
1738,42,Male,32,No,50,5
1739,60,Male,31,No,37,2
1740,21,Male,47,No,23,2
1741,69,Male,49,No,10,7
1742,41,Male,13,No,20,6
1743,51,Male,24,No,18,7
1744,23,Male,10,No,3,2
1745,57,Male,50,No,23,2
1746,40,Male,9,No,27,2
1747,65,Male,16,No,44,1
1748,61,Male,14,No,41,4
1749,34,Male,7,No,41,3
1750,43,Male,6,No,36,7
1751,31,Male,10,No,38,7
1752,57,Male,32,No,34,3
1753,34,Male,46,No,14,4
1754,25,Male,25,No,23,1
1755,66,Male,3,No,18,1
1756,56,Male,13,No,45,6
1757,49,Male,14,No,14,2
1758,19,Male,50,No,48,3
1759,27,Male,39,No,17,5
1760,68,Male,8,No,1,2
1761,20,Male,47,No,39,2
1762,21,Male,12,No,24,2
1763,36,Male,38,No,41,1
1764,37,Male,35,No,28,3
1765,61,Male,13,No,34,4
1766,68,Male,36,No,41,4
1767,60,Male,30,No,27,5
1768,69,Male,47,No,46,1
1769,25,Male,44,No,2,7
1770,32,Male,30,No,45,6
1771,53,Male,50,No,34,2
1772,46,Male,28,No,9,3
1773,58,Male,12,No,1,3
1774,21,Male,9,No,17,3
1775,46,Male,15,No,6,2
1776,18,Male,45,No,12,5
1777,56,Male,29,No,10,7
1778,18,Male,47,No,4,1
1779,49,Male,22,No,8,5
1780,29,Male,42,No,41,2
1781,67,Male,26,No,49,2
1782,31,Male,45,No,49,4
1783,52,Male,41,No,40,1
1784,42,Male,32,No,30,6
1785,32,Male,8,No,4,4
1786,47,Male,45,No,22,6
1787,45,Male,34,No,22,6
1788,20,Male,7,No,10,4
1789,66,Male,27,No,23,5
1790,52,Male,29,No,43,4
1791,50,Male,18,No,31,5
1792,62,Male,7,No,38,3
1793,38,Male,45,No,22,7
1794,65,Male,45,No,45,7
1795,60,Male,32,No,21,1
1796,68,Male,49,No,9,1
1797,62,Male,37,No,34,2
1798,62,Male,5,No,26,2
1799,40,Male,26,No,1,2
1800,32,Male,19,No,47,2
1801,22,Male,17,No,30,2
1802,33,Male,33,No,48,1
1803,57,Male,4,No,31,5
1804,60,Male,14,No,33,1
1805,30,Male,8,No,39,2
1806,41,Male,29,No,46,2
1807,58,Male,4,No,24,3
1808,34,Male,35,No,37,1
1809,67,Male,31,No,7,6
1810,58,Male,30,No,6,1
1811,41,Male,34,No,16,5
1812,42,Male,49,No,33,3
1813,50,Male,23,No,18,5
1814,40,Male,27,No,24,2
1815,32,Male,7,No,24,4
1816,51,Male,36,No,48,7
1817,26,Male,42,No,4,2
1818,32,Male,13,No,20,2
1819,58,Male,18,No,47,7
1820,51,Male,23,No,50,4
1821,19,Male,48,No,31,6
1822,57,Male,2,No,29,4
1823,66,Male,40,No,4,3
1824,62,Male,8,No,40,5
1825,58,Male,27,No,31,6
1826,23,Male,46,No,41,2
1827,45,Male,28,No,44,3
1828,20,Male,35,No,31,2
1829,33,Male,14,No,45,7
1830,30,Male,5,No,50,4
1831,50,Male,24,No,7,3
1832,62,Male,2,No,5,7
1833,69,Male,8,No,48,6
1834,34,Male,8,No,19,1
1835,49,Male,28,No,39,1
1836,65,Male,1,No,45,4
1837,66,Male,37,No,35,6
1838,41,Male,7,No,8,6
1839,37,Male,35,No,11,4
1840,32,Male,17,No,32,3
1841,42,Male,6,No,46,7
1842,31,Male,35,No,7,7
1843,61,Male,16,No,1,3
1844,36,Male,1,No,32,6
1845,60,Male,46,No,31,3
1846,51,Male,13,No,39,4
1847,68,Male,49,No,9,4
1848,46,Male,29,No,49,2
1849,19,Male,2,No,34,7
1850,30,Male,36,No,35,6
1851,51,Male,6,No,50,2
1852,28,Male,13,No,4,1
1853,41,Male,39,No,32,2
1854,29,Male,26,No,11,1
1855,25,Male,1,No,49,3
1856,60,Male,4,No,9,3
1857,63,Male,29,No,30,5
1858,51,Male,25,No,33,6
1859,22,Male,2,No,8,3
1860,54,Male,33,No,29,1
1861,18,Male,24,No,4,6
1862,29,Male,46,No,19,6
1863,59,Male,14,No,10,1
1864,25,Male,40,No,39,6
1865,19,Male,6,No,21,4
1866,56,Male,10,No,12,6
1867,31,Male,30,No,9,1
1868,45,Male,13,No,20,4
1869,23,Male,28,No,44,1
1870,18,Male,9,No,16,7
1871,43,Male,6,No,27,1
1872,56,Male,27,No,14,7
1873,43,Male,30,No,24,6
1874,64,Male,49,No,49,2
1875,67,Male,28,No,14,2
1876,63,Male,31,No,6,4
1877,54,Male,27,No,20,4
1878,69,Male,39,No,3,3
1879,34,Male,20,No,5,6
1880,56,Male,31,No,46,5
1881,34,Male,33,No,8,6
1882,58,Male,33,No,13,5
1883,44,Male,31,No,25,4
1884,25,Male,43,No,39,1
1885,27,Male,29,No,15,5
1886,26,Male,23,No,35,6
1887,18,Male,11,No,46,5
1888,64,Male,26,No,3,6
1889,62,Male,46,No,48,2
1890,59,Male,18,No,27,2
1891,36,Male,12,No,5,2
1892,69,Male,14,No,48,4
1893,39,Male,19,No,12,2
1894,28,Male,13,No,10,1
1895,42,Male,29,No,48,5
1896,31,Male,48,No,3,6
1897,57,Male,23,No,19,6
1898,53,Male,30,No,11,1
1899,59,Male,22,No,25,6
1900,32,Male,15,No,42,2
1901,65,Male,45,No,34,4
1902,56,Male,29,No,50,4
1903,31,Male,36,No,21,6
1904,59,Male,18,No,37,2
1905,22,Male,23,No,46,6
1906,47,Male,38,No,14,1
1907,23,Male,35,No,24,1
1908,69,Male,36,No,36,7
1909,18,Male,43,No,19,5
1910,50,Male,1,No,12,6
1911,29,Male,15,No,13,4
1912,65,Male,29,No,32,5
1913,29,Male,25,No,5,5
1914,49,Male,1,No,29,3
1915,28,Male,30,No,40,1
1916,51,Male,16,No,44,2
1917,26,Male,40,No,3,5
1918,38,Male,12,No,35,5
1919,35,Male,38,No,33,6
1920,34,Male,42,No,20,5
1921,51,Male,40,No,40,7
1922,47,Male,50,No,13,3
1923,18,Male,1,No,9,6
1924,64,Male,44,No,7,3
1925,30,Male,50,No,42,4
1926,59,Male,41,No,44,1
1927,66,Male,36,No,6,3
1928,40,Male,21,No,8,7
1929,25,Male,17,No,10,2
1930,59,Male,12,No,46,4
1931,66,Male,18,No,26,2
1932,54,Male,27,No,6,7
1933,42,Male,34,No,47,7
1934,48,Male,7,No,28,3
1935,34,Male,50,No,23,3
1936,19,Male,18,No,45,1
1937,70,Male,47,No,44,7
1938,43,Male,13,No,11,6
1939,46,Male,1,No,39,5
1940,66,Male,32,No,20,7
1941,50,Male,30,No,48,1
1942,55,Male,35,No,46,4
1943,63,Male,16,No,22,6
1944,32,Male,49,No,45,3
1945,30,Male,11,No,49,7
1946,35,Male,43,No,9,7
1947,59,Male,8,No,41,4
1948,59,Male,15,No,2,6
1949,54,Male,40,No,39,5
1950,63,Male,44,No,12,4
1951,43,Male,11,No,26,7
1952,33,Male,40,No,32,5
1953,57,Male,34,No,50,5
1954,25,Male,25,No,3,1
1955,26,Male,25,No,3,4
1956,50,Male,2,No,37,6
1957,70,Male,20,No,20,1
1958,68,Male,37,No,26,5
1959,39,Male,23,No,47,4
1960,46,Male,25,No,7,7
1961,57,Male,3,No,40,3
1962,47,Male,23,No,45,4
1963,40,Male,45,No,20,1
1964,52,Male,50,No,11,2
1965,40,Male,9,No,50,6
1966,67,Male,28,No,25,4
1967,67,Male,28,No,5,1
1968,37,Male,43,No,4,3
1969,67,Male,47,No,25,2
1970,64,Male,8,No,11,1
1971,28,Male,34,No,4,5
1972,54,Male,39,No,1,6
1973,54,Male,8,No,48,7
1974,24,Male,34,No,9,7
1975,27,Male,31,No,2,1
1976,53,Male,27,No,4,4
1977,32,Male,6,No,43,1
1978,24,Male,21,No,32,3
1979,45,Male,3,No,1,4
1980,49,Male,31,No,38,1
1981,51,Male,45,No,25,1
1982,69,Male,50,No,42,4
1983,41,Male,24,No,32,6
1984,59,Male,43,No,21,4
1985,26,Male,9,No,26,1
1986,23,Male,31,No,6,1
1987,62,Male,11,No,14,4
1988,69,Male,35,No,4,4
1989,46,Male,42,No,26,2
1990,35,Male,34,No,39,5
1991,32,Male,40,No,15,3
1992,46,Male,10,No,1,7
1993,33,Male,33,No,28,6
1994,32,Male,11,No,17,2
1995,33,Male,23,No,24,2
1996,67,Male,10,No,29,4
1997,67,Male,46,No,18,7
1998,42,Male,40,No,10,5
1999,20,Male,35,No,19,4
2000,39,Male,31,No,26,6
2001,26,Male,19,No,25,5
2002,51,Male,6,No,2,1
2003,31,Male,15,No,19,7
2004,68,Male,2,No,32,4
2005,44,Male,43,No,13,5
2006,18,Male,31,No,30,1
2007,58,Male,36,No,2,3
2008,26,Male,42,No,8,4
2009,57,Male,21,No,27,7
2010,37,Male,16,No,26,5
2011,24,Male,22,No,3,5
2012,57,Male,9,No,4,6
2013,48,Male,23,No,5,1
2014,39,Male,42,No,25,4
2015,51,Male,49,No,47,5
2016,57,Male,42,No,8,1
2017,53,Male,2,No,20,1
2018,70,Male,3,No,42,7
2019,60,Male,11,No,20,2
2020,31,Male,38,No,23,1
2021,41,Male,39,No,26,4
2022,62,Male,2,No,48,4
2023,59,Male,16,No,16,5
2024,46,Male,38,No,28,5
2025,62,Male,11,No,39,2
2026,42,Male,13,No,43,1
2027,37,Male,2,No,45,7
2028,50,Male,44,No,50,7
2029,29,Male,32,No,10,5
2030,25,Male,7,No,40,4
2031,66,Male,36,No,38,6
2032,21,Male,18,No,2,6
2033,46,Male,37,No,13,3
2034,57,Male,27,No,33,3
2035,61,Male,16,No,27,6
2036,53,Male,20,No,43,2
2037,37,Male,47,No,46,2
2038,39,Male,27,No,7,5
2039,53,Male,11,No,35,1
2040,35,Male,47,No,31,5
2041,69,Male,37,No,42,4
2042,66,Male,15,No,14,5
2043,19,Male,16,No,35,6
2044,47,Male,15,No,49,2
2045,49,Male,10,No,17,1
2046,31,Male,43,No,26,4
2047,39,Male,20,No,30,7
2048,58,Male,40,No,32,3
2049,45,Male,50,No,35,4
2050,68,Male,4,No,15,3
2051,35,Male,17,No,10,3
2052,65,Male,3,No,14,6
2053,45,Male,14,No,30,3
2054,19,Male,6,No,16,1
2055,65,Male,33,No,14,3
2056,28,Male,22,No,28,2
2057,55,Male,47,No,29,6
2058,66,Male,46,No,5,7
2059,29,Male,48,No,17,4
2060,56,Male,19,No,50,2
2061,21,Male,49,No,23,4
2062,32,Male,50,No,22,3
2063,54,Male,37,No,15,4
2064,61,Male,28,No,32,6
2065,31,Male,11,No,5,6
2066,27,Male,5,No,6,5
2067,64,Male,27,No,44,1
2068,60,Male,34,No,23,1
2069,70,Male,35,No,44,6
2070,36,Male,22,No,3,4
2071,56,Male,44,No,14,6
2072,69,Male,37,No,37,4
2073,39,Male,3,No,22,2
2074,38,Male,22,No,2,7
2075,36,Male,21,No,44,1
2076,46,Male,37,No,49,6
2077,59,Male,21,No,22,5
2078,64,Male,44,No,26,3
2079,49,Male,12,No,40,2
2080,32,Male,7,No,16,4
2081,29,Male,46,No,17,5
2082,24,Male,16,No,48,5
2083,41,Male,11,No,28,7
2084,41,Male,17,No,26,1
2085,32,Male,35,No,43,4
2086,69,Male,15,No,38,2
2087,65,Male,26,No,36,7
2088,54,Male,49,No,1,2
2089,39,Male,19,No,49,3
2090,37,Male,34,No,41,7
2091,51,Male,3,No,21,6
2092,26,Male,48,No,24,4
2093,42,Male,47,No,27,2
2094,21,Male,48,No,4,3
2095,53,Male,37,No,19,3
2096,36,Male,36,No,1,1
2097,21,Male,18,No,27,3
2098,33,Male,45,No,5,2
2099,49,Male,8,No,20,4
2100,31,Male,20,No,50,3
2101,68,Male,50,No,36,1
2102,49,Male,5,No,12,5
2103,23,Male,38,No,23,6
2104,30,Male,28,No,21,2
2105,53,Male,36,No,47,2
2106,65,Male,37,No,38,5
2107,60,Male,35,No,40,7
2108,46,Male,13,No,35,4
2109,54,Male,26,No,4,4
2110,59,Male,19,No,28,7
2111,52,Male,7,No,36,7
2112,41,Male,10,No,15,3
2113,43,Male,31,No,7,1
2114,63,Male,42,No,29,7
2115,37,Male,35,No,12,3
2116,44,Male,4,No,16,5
2117,67,Male,24,No,50,5
2118,27,Male,25,No,11,3
2119,60,Male,43,No,28,4
2120,58,Male,44,No,36,5
2121,53,Male,10,No,38,4
2122,43,Male,30,No,32,6
2123,32,Male,42,No,42,2
2124,54,Male,44,No,22,5
2125,47,Male,4,No,22,4
2126,57,Male,14,No,31,4
2127,63,Male,16,No,28,6
2128,70,Male,18,No,40,2
2129,62,Male,36,No,21,2
2130,40,Male,47,No,12,7
2131,25,Male,29,No,33,3
2132,19,Male,7,No,9,1
2133,25,Male,35,No,15,2
2134,21,Male,2,No,13,3
2135,55,Male,42,No,35,1
2136,34,Male,19,No,1,7
2137,47,Male,15,No,25,1
2138,27,Male,28,No,20,7
2139,67,Male,17,No,36,4
2140,40,Male,15,No,33,2
2141,53,Male,36,No,36,1
2142,24,Male,1,No,32,3
2143,47,Male,26,No,21,4
2144,53,Male,11,No,48,5
2145,47,Male,34,No,25,4
2146,38,Male,40,No,32,3
2147,48,Male,41,No,45,7
2148,47,Male,10,No,4,1
2149,19,Male,44,No,19,5
2150,38,Male,12,No,1,2
2151,57,Male,27,No,12,2
2152,70,Male,35,No,18,6
2153,38,Male,33,No,43,5
2154,35,Male,1,No,31,3
2155,46,Male,6,No,33,7
2156,32,Male,12,No,46,6
2157,38,Male,10,No,41,5
2158,41,Male,17,No,41,1
2159,19,Male,3,No,9,1
2160,18,Male,8,No,34,3
2161,45,Male,9,No,21,3
2162,23,Male,48,No,5,1
2163,60,Male,5,No,32,2
2164,52,Male,15,No,44,6
2165,42,Male,45,No,46,5
2166,29,Male,38,No,42,7
2167,31,Male,33,No,50,5
2168,30,Male,32,No,33,1
2169,23,Male,40,No,32,4
2170,31,Male,21,No,32,5
2171,40,Male,37,No,37,7
2172,39,Male,10,No,9,1
2173,28,Male,4,No,6,1
2174,23,Male,13,No,36,4
2175,42,Male,25,No,1,3
2176,68,Male,44,No,48,1
2177,24,Male,35,No,44,4
2178,24,Male,7,No,9,5
2179,21,Male,21,No,32,3
2180,49,Male,13,No,14,6
2181,41,Male,40,No,43,4
2182,22,Male,12,No,32,5
2183,42,Male,36,No,26,5
2184,30,Male,24,No,2,6
2185,38,Male,23,No,16,7
2186,40,Male,18,No,50,7
2187,55,Male,36,No,6,7
2188,37,Male,38,No,20,3
2189,41,Male,19,No,9,2
2190,38,Male,49,No,47,5
2191,42,Male,30,No,33,3
2192,26,Male,39,No,46,5
2193,41,Male,42,No,9,6
2194,27,Male,19,No,8,6
2195,61,Male,1,No,48,4
2196,58,Male,15,No,2,6
2197,25,Male,35,No,31,2
2198,33,Male,39,No,40,6
2199,57,Male,15,No,35,6
2200,39,Male,18,No,40,6
2201,60,Male,6,No,27,7
2202,39,Male,32,No,10,3
2203,42,Male,16,No,23,2
2204,53,Male,4,No,32,4
2205,20,Male,5,No,6,6
2206,46,Male,26,No,27,2
2207,46,Male,27,No,25,1
2208,69,Male,36,No,11,3
2209,28,Male,25,No,23,6
2210,42,Male,41,No,44,4
2211,30,Male,42,No,35,1
2212,50,Male,2,No,45,7
2213,59,Male,44,No,22,4
2214,54,Male,12,No,18,4
2215,50,Male,38,No,20,2
2216,25,Male,9,No,28,1
2217,41,Male,35,No,15,5
2218,35,Male,28,No,42,1
2219,67,Male,38,No,20,4
2220,33,Male,47,No,16,1
2221,19,Male,6,No,47,3
2222,25,Male,24,No,34,3
2223,32,Male,43,No,30,2
2224,30,Male,24,No,5,4
2225,18,Male,44,No,38,4
2226,38,Male,48,No,18,3
2227,22,Male,10,No,28,3
2228,40,Male,48,No,42,1
2229,54,Male,24,No,5,2
2230,70,Male,47,No,50,6
2231,52,Male,25,No,33,1
2232,34,Male,41,No,1,2
2233,65,Male,18,No,14,1
2234,38,Male,21,No,48,6
2235,35,Male,14,No,26,2
2236,40,Male,27,No,44,3
2237,23,Male,8,No,18,1
2238,45,Male,16,No,31,7
2239,40,Male,21,No,18,2
2240,42,Male,16,No,41,7
2241,57,Male,19,No,18,7
2242,18,Male,34,No,3,5
2243,18,Male,23,No,5,5
2244,56,Male,3,No,13,3
2245,35,Male,37,No,22,3
2246,49,Male,13,No,45,1
2247,49,Male,12,No,39,7
2248,34,Male,21,No,18,3
2249,63,Male,4,No,19,1
2250,42,Male,6,No,29,2
2251,41,Male,25,No,19,2
2252,26,Male,42,No,22,6
2253,48,Male,44,No,21,3
2254,62,Male,20,No,22,6
2255,24,Male,26,No,44,7
2256,48,Male,50,No,42,4
2257,31,Male,19,No,33,4
2258,41,Male,31,No,6,3
2259,24,Male,32,No,44,7
2260,60,Male,21,No,24,3
2261,38,Male,10,No,16,4
2262,58,Male,37,No,12,1
2263,53,Male,29,No,50,6
2264,44,Male,28,No,42,4
2265,51,Male,26,No,50,6
2266,36,Male,7,No,10,4
2267,20,Male,10,No,32,2
2268,32,Male,1,No,37,2
2269,66,Male,43,No,15,6
2270,49,Male,1,No,27,3
2271,27,Male,43,No,7,2
2272,29,Male,30,No,49,4
2273,29,Male,2,No,44,6
2274,55,Male,36,No,13,5
2275,57,Male,15,No,38,1
2276,29,Male,20,No,10,2
2277,31,Male,6,No,25,2
2278,25,Male,16,No,18,4
2279,61,Male,34,No,6,7
2280,53,Male,9,No,35,4
2281,22,Male,1,No,31,1
2282,28,Male,24,No,41,3
2283,18,Male,38,No,8,3
2284,44,Male,32,No,34,1
2285,32,Male,45,No,20,3
2286,34,Male,50,No,38,7
2287,67,Male,46,No,35,4
2288,66,Male,44,No,6,3
2289,28,Male,19,No,50,2
2290,70,Male,23,No,47,2
2291,37,Male,24,No,23,4
2292,28,Male,32,No,13,4
2293,43,Male,35,No,31,6
2294,37,Male,43,No,16,7
2295,54,Male,34,No,40,3
2296,50,Male,40,No,45,4
2297,46,Male,48,No,50,7
2298,60,Male,19,No,1,4
2299,40,Male,7,No,10,7
2300,64,Male,38,No,48,7
2301,18,Male,39,No,38,6
2302,37,Male,2,No,21,3
2303,36,Male,7,No,38,6
2304,51,Male,33,No,31,1
2305,26,Male,8,No,9,1
2306,68,Male,2,No,47,2
2307,27,Male,21,No,8,5
2308,28,Male,10,No,30,3
2309,49,Male,26,No,22,4
2310,70,Male,40,No,3,4
2311,30,Male,42,No,15,6
2312,27,Male,7,No,10,7
2313,19,Male,35,No,19,7
2314,64,Male,43,No,36,1
2315,42,Male,42,No,12,7
2316,69,Male,35,No,49,4
2317,28,Male,7,No,7,3
2318,47,Male,33,No,28,6
2319,69,Male,6,No,30,3
2320,56,Male,2,No,29,6
2321,28,Male,36,No,9,7
2322,50,Male,25,No,27,1
2323,39,Male,40,No,21,1
2324,35,Male,34,No,36,6
2325,59,Male,5,No,19,3
2326,44,Male,15,No,47,2
2327,66,Male,20,No,38,3
2328,20,Male,16,No,22,5
2329,45,Male,26,No,29,5
2330,49,Male,44,No,42,3
2331,60,Male,29,No,47,7
2332,61,Male,27,No,10,5
2333,36,Male,37,No,10,6
2334,33,Male,24,No,1,7
2335,49,Male,24,No,7,6
2336,31,Male,38,No,10,1
2337,19,Male,19,No,11,2
2338,39,Male,26,No,5,3
2339,66,Male,43,No,21,4
2340,25,Male,27,No,24,4
2341,63,Male,13,No,37,1
2342,56,Male,40,No,22,7
2343,20,Male,31,No,16,1
2344,58,Male,34,No,44,6
2345,34,Male,4,No,14,5
2346,28,Male,15,No,23,7
2347,22,Male,36,No,46,1
2348,37,Male,19,No,46,7
2349,54,Male,2,No,16,7
2350,65,Male,15,No,40,7
2351,57,Male,12,No,21,3
2352,38,Male,14,No,25,5
2353,70,Male,44,No,25,4
2354,56,Male,7,No,25,7
2355,56,Male,49,No,27,6
2356,22,Male,31,No,12,6
2357,57,Male,7,No,27,4
2358,53,Male,50,No,40,5
2359,53,Male,22,No,38,4
2360,19,Male,39,No,44,7
2361,49,Male,15,No,27,7
2362,44,Male,16,No,30,7
2363,27,Male,42,No,24,6
2364,60,Male,39,No,38,5
2365,62,Male,17,No,4,4
2366,52,Male,6,No,32,6
2367,30,Male,36,No,32,1
2368,66,Male,26,No,28,5
2369,29,Male,33,No,6,7
2370,24,Male,35,No,24,6
2371,51,Male,30,No,38,2
2372,67,Male,28,No,28,3
2373,50,Male,16,No,9,1
2374,37,Male,50,No,21,7
2375,69,Male,48,No,31,6
2376,60,Male,42,No,18,4
2377,21,Male,31,No,5,2
2378,44,Male,46,No,22,3
2379,26,Male,14,No,37,5
2380,40,Male,46,No,22,6
2381,41,Male,39,No,36,1
2382,62,Male,49,No,23,3
2383,39,Male,19,No,44,2
2384,53,Male,4,No,25,3
2385,24,Male,16,No,40,4
2386,41,Male,20,No,12,2
2387,19,Male,27,No,14,6
2388,36,Male,31,No,14,6
2389,21,Male,16,No,10,3
2390,25,Male,24,No,17,7
2391,65,Male,29,No,24,1
2392,42,Male,50,No,31,4
2393,40,Male,10,No,36,3
2394,58,Male,8,No,38,7
2395,40,Male,40,No,23,1
2396,62,Male,40,No,47,5
2397,38,Male,5,No,20,2
2398,37,Male,9,No,41,6
2399,65,Male,21,No,44,1
2400,55,Male,14,No,31,6
2401,43,Male,5,No,11,5
2402,43,Male,5,No,25,5
2403,45,Male,41,No,31,2
2404,64,Male,10,No,40,2
2405,28,Male,9,No,23,5
2406,69,Male,19,No,5,4
2407,54,Male,19,No,26,2
2408,52,Male,27,No,11,5
2409,23,Male,12,No,44,7
2410,26,Male,48,No,47,7
2411,48,Male,49,No,46,6
2412,49,Male,42,No,35,7
2413,53,Male,5,No,8,5
2414,69,Male,39,No,30,2
2415,26,Male,42,No,14,5
2416,21,Male,12,No,30,2
2417,59,Male,44,No,26,7
2418,21,Male,30,No,32,1
2419,22,Male,50,No,47,7
2420,26,Male,18,No,11,7
2421,41,Male,18,No,28,3
2422,37,Male,47,No,2,7
2423,30,Male,43,No,45,2
2424,49,Male,9,No,7,7
2425,49,Male,13,No,28,5
2426,58,Male,26,No,34,4
2427,70,Male,21,No,26,7
2428,27,Male,5,No,45,4
2429,65,Male,38,No,34,3
2430,57,Male,42,No,47,1
2431,20,Male,26,No,42,4
2432,34,Male,16,No,27,7
2433,59,Male,12,No,43,6
2434,54,Male,5,No,16,5
2435,36,Male,41,No,40,6
2436,21,Male,12,No,29,5
2437,52,Male,40,No,38,4
2438,43,Male,6,No,34,2
2439,32,Male,13,No,30,2
2440,55,Male,11,No,45,3
2441,31,Male,28,No,47,3
2442,45,Male,19,No,5,6
2443,53,Male,6,No,50,5
2444,24,Male,46,No,24,5
2445,47,Male,9,No,15,5
2446,63,Male,31,No,50,2
2447,38,Male,30,No,7,6
2448,59,Male,46,No,10,1
2449,54,Male,31,No,38,5
2450,26,Male,16,No,31,1
2451,68,Male,18,No,7,4
2452,41,Male,20,No,27,6
2453,68,Male,15,No,45,7
2454,21,Male,45,No,13,3
2455,32,Male,30,No,33,3
2456,20,Male,30,No,25,7
2457,59,Male,44,No,5,6
2458,53,Male,13,No,23,4
2459,66,Male,22,No,17,2
2460,47,Male,10,No,14,2
2461,58,Male,2,No,28,3
2462,28,Male,39,No,19,2
2463,68,Male,10,No,31,5
2464,60,Male,17,No,25,5
2465,47,Male,12,No,4,5
2466,18,Male,22,No,20,2
2467,32,Male,46,No,37,3
2468,27,Male,33,No,28,3
2469,65,Male,40,No,6,2
2470,68,Male,34,No,27,3
2471,55,Male,29,No,29,1
2472,30,Male,20,No,1,3
2473,24,Male,41,No,31,3
2474,57,Male,11,No,28,4
2475,23,Male,18,No,19,4
2476,69,Male,19,No,36,6
2477,60,Male,25,No,28,6
2478,25,Male,19,No,29,2
2479,18,Male,35,No,9,7
2480,37,Male,24,No,26,7
2481,61,Male,32,No,7,1
2482,41,Male,33,No,35,2
2483,69,Male,29,No,46,7
2484,32,Male,29,No,8,6
2485,60,Male,14,No,50,7
2486,43,Male,8,No,37,3
2487,61,Male,22,No,6,1
2488,57,Male,7,No,16,5
2489,56,Male,14,No,30,6
2490,66,Male,46,No,50,4
2491,52,Male,7,No,5,7
2492,63,Male,18,No,15,6
2493,50,Male,46,No,34,5
2494,21,Male,2,No,6,7
2495,42,Male,20,No,26,3
2496,40,Male,44,No,34,7
2497,67,Male,27,No,37,2
2498,35,Male,25,No,28,3
2499,18,Male,3,No,38,1
2500,52,Male,8,No,2,4
2501,59,Male,3,No,32,5
2502,49,Male,9,No,30,5
2503,46,Male,38,No,17,7
2504,69,Male,32,No,5,5
2505,56,Male,4,No,31,5
2506,27,Male,27,No,43,4
2507,57,Male,15,No,19,3
2508,58,Male,8,No,32,7
2509,23,Male,19,No,5,5
2510,19,Male,48,No,9,4
2511,40,Male,46,No,48,2
2512,54,Male,38,No,1,4
2513,50,Male,26,No,20,6
2514,69,Male,48,No,42,3
2515,42,Male,30,No,45,5
2516,37,Male,24,No,41,6
2517,46,Male,41,No,36,4
2518,64,Male,6,No,10,3
2519,20,Male,2,No,31,3
2520,40,Male,50,No,21,4
2521,64,Male,27,No,16,7
2522,29,Male,47,No,18,7
2523,20,Male,3,No,20,2
2524,43,Male,33,No,21,3
2525,60,Male,24,No,23,4
2526,39,Male,1,No,20,2
2527,47,Male,4,No,30,5
2528,19,Male,27,No,33,7
2529,52,Male,16,No,31,6
2530,34,Male,31,No,48,6
2531,25,Male,3,No,28,2
2532,43,Male,22,No,7,7
2533,55,Male,44,No,4,2
2534,66,Male,39,No,49,5
2535,41,Male,42,No,22,2
2536,47,Male,35,No,39,1
2537,51,Male,20,No,45,7
2538,44,Male,2,No,30,1
2539,18,Male,33,No,33,5
2540,33,Male,3,No,24,5
2541,24,Male,33,No,11,4
2542,33,Male,48,No,13,7
2543,61,Male,11,No,27,3
2544,27,Male,9,No,30,5
2545,46,Male,13,No,39,4
2546,38,Male,22,No,10,3
2547,63,Male,22,No,4,4
2548,47,Male,17,No,16,2
2549,42,Male,22,No,34,6
2550,41,Male,42,No,11,7
2551,53,Male,14,No,30,1
2552,29,Male,47,No,40,3
2553,61,Male,34,No,13,3
2554,69,Male,35,No,28,7
2555,51,Male,24,No,49,5
2556,24,Male,38,No,23,2
2557,24,Male,7,No,4,4
2558,70,Male,20,No,17,1
2559,49,Male,19,No,24,1
2560,48,Male,17,No,21,7
2561,58,Male,19,No,17,5
2562,32,Male,15,No,22,4
2563,57,Male,29,No,27,1
2564,69,Male,3,No,1,7
2565,42,Male,1,No,27,2
2566,30,Male,35,No,8,4
2567,35,Male,10,No,43,4
2568,19,Male,50,No,24,1
2569,52,Male,22,No,29,1
2570,42,Male,15,No,10,5
2571,36,Male,36,No,12,1
2572,45,Male,17,No,48,1
2573,54,Male,48,No,40,4
2574,54,Male,36,No,1,3
2575,27,Male,21,No,26,1
2576,53,Male,47,No,9,3
2577,20,Male,14,No,19,4
2578,52,Male,47,No,37,6
2579,54,Male,35,No,3,4
2580,65,Male,47,No,40,2
2581,43,Male,3,No,13,4
2582,57,Male,6,No,48,6
2583,19,Male,46,No,4,7
2584,69,Male,20,No,9,2
2585,26,Male,21,No,26,5
2586,57,Male,49,No,19,2
2587,20,Male,2,No,1,7
2588,55,Male,40,No,29,7
2589,44,Male,13,No,38,5
2590,52,Male,26,No,31,3
2591,57,Male,19,No,35,3
2592,40,Male,36,No,40,4
2593,23,Male,45,No,13,4
2594,36,Male,25,No,9,7
2595,59,Male,7,No,25,7
2596,29,Male,45,No,3,5
2597,63,Male,8,No,35,6
2598,60,Male,16,No,13,5
2599,64,Male,23,No,31,3
2600,63,Male,35,No,48,6
2601,21,Male,15,No,6,5
2602,61,Male,17,No,43,6
2603,65,Male,37,No,1,4
2604,69,Male,48,No,8,3
2605,47,Male,25,No,6,2
2606,41,Male,23,No,32,1
2607,68,Male,23,No,46,5
2608,41,Male,20,No,38,7
2609,42,Male,17,No,48,1
2610,66,Male,11,No,18,5
2611,66,Male,9,No,25,4
2612,33,Male,50,No,4,1
2613,55,Male,8,No,27,4
2614,58,Male,46,No,14,6
2615,18,Male,26,No,36,1
2616,49,Male,29,No,6,4
2617,61,Male,43,No,46,3
2618,31,Male,38,No,29,3
2619,70,Male,8,No,12,6
2620,68,Male,40,No,47,2
2621,27,Male,32,No,28,3
2622,48,Male,2,No,21,3
2623,63,Male,14,No,15,3
2624,49,Male,3,No,38,3
2625,19,Male,46,No,19,3
2626,30,Male,25,No,31,2
2627,50,Male,4,No,30,7
2628,66,Male,10,No,40,4
2629,25,Male,6,No,42,5
2630,61,Male,14,No,25,3
2631,29,Male,2,No,20,4
2632,53,Male,40,No,3,2
2633,24,Male,30,No,14,3
2634,51,Male,30,No,32,1
2635,26,Male,18,No,20,7
2636,59,Male,25,No,34,1
2637,41,Male,41,No,6,3
2638,20,Male,16,No,2,3
2639,22,Male,12,No,35,3
2640,18,Male,14,No,33,4
2641,30,Male,28,No,45,5
2642,25,Male,35,No,20,7
2643,39,Male,45,No,48,3
2644,49,Male,34,No,37,6
2645,25,Male,36,No,4,7
2646,23,Male,8,No,24,5
2647,33,Male,36,No,4,7
2648,60,Male,37,No,25,3
2649,51,Male,27,No,14,5
2650,23,Male,47,No,14,1
2651,20,Male,5,No,46,7
2652,51,Male,31,No,27,4
2653,23,Female,34,No,46,6
2654,67,Female,49,No,24,7
2655,23,Female,38,No,4,3
2656,26,Female,6,No,2,1
2657,52,Female,28,No,29,1
2658,52,Female,22,No,7,1
2659,52,Female,32,No,39,6
2660,35,Female,24,No,46,1
2661,24,Female,37,No,44,3
2662,43,Female,50,No,20,3
2663,25,Female,44,No,44,1
2664,46,Female,49,No,23,3
2665,22,Female,27,No,37,2
2666,70,Female,8,No,4,2
2667,49,Female,32,No,14,1
2668,48,Female,34,No,31,1
2669,59,Female,22,No,9,4
2670,39,Female,27,No,31,2
2671,30,Female,39,No,26,5
2672,37,Female,16,No,41,7
2673,56,Female,9,No,13,3
2674,67,Female,23,No,4,6
2675,40,Female,21,No,15,7
2676,24,Female,42,No,38,5
2677,43,Female,1,No,3,1
2678,45,Female,40,No,6,7
2679,33,Female,7,No,34,5
2680,53,Female,7,No,7,4
2681,44,Female,44,No,21,3
2682,23,Female,3,No,17,6
2683,59,Female,18,No,5,7
2684,68,Female,7,No,21,1
2685,46,Female,48,No,42,5
2686,56,Female,42,No,49,4
2687,40,Female,43,No,33,1
2688,61,Female,13,No,12,5
2689,53,Female,9,No,18,7
2690,29,Female,6,No,47,4
2691,44,Female,36,No,18,2
2692,43,Female,44,No,48,6
2693,40,Female,48,No,18,7
2694,55,Female,12,No,46,4
2695,66,Female,8,No,34,7
2696,50,Female,31,No,10,5
2697,57,Female,46,No,12,6
2698,42,Female,13,No,36,4
2699,55,Female,42,No,34,4
2700,25,Female,41,No,49,3
2701,22,Female,19,No,36,2
2702,49,Female,38,No,18,1
2703,70,Female,22,No,39,1
2704,56,Female,31,No,34,2
2705,52,Female,31,No,35,2
2706,65,Female,48,No,1,5
2707,24,Female,16,No,48,4
2708,32,Female,44,No,19,2
2709,57,Female,16,No,44,2
2710,35,Female,27,No,9,5
2711,69,Female,49,No,3,1
2712,30,Female,44,No,50,6
2713,37,Female,26,No,7,4
2714,19,Female,17,No,20,3
2715,53,Female,45,No,16,5
2716,25,Female,17,No,29,1
2717,47,Female,25,No,21,2
2718,18,Female,44,No,19,7
2719,22,Female,42,No,10,5
2720,69,Female,8,No,4,6
2721,55,Female,34,No,45,4
2722,19,Female,47,No,17,1
2723,23,Female,2,No,22,1
2724,54,Female,22,No,3,7
2725,52,Female,10,No,11,1
2726,64,Female,17,No,4,3
2727,33,Female,50,No,11,5
2728,40,Female,25,No,47,1
2729,26,Female,21,No,17,2
2730,31,Female,7,No,32,6
2731,23,Female,49,No,37,3
2732,52,Female,49,No,44,4
2733,21,Female,13,No,27,7
2734,31,Female,18,No,46,3
2735,63,Female,15,No,13,5
2736,46,Female,19,No,2,5
2737,44,Female,7,No,45,3
2738,57,Female,18,No,35,7
2739,50,Female,32,No,39,7
2740,33,Female,30,No,39,7
2741,19,Female,39,No,34,1
2742,68,Female,2,No,41,6
2743,27,Female,22,No,47,3
2744,61,Female,33,No,17,4
2745,38,Female,6,No,40,6
2746,28,Female,50,No,44,5
2747,39,Female,32,No,21,7
2748,18,Female,9,No,21,7
2749,24,Female,42,No,16,3
2750,64,Female,35,No,15,3
2751,51,Female,30,No,26,7
2752,27,Female,47,No,50,6
2753,48,Female,25,No,30,5
2754,69,Female,4,No,48,4
2755,59,Female,33,No,21,5
2756,59,Female,23,No,18,3
2757,42,Female,47,No,41,6
2758,39,Female,13,No,11,6
2759,32,Female,27,No,8,5
2760,68,Female,48,No,42,7
2761,41,Female,30,No,41,5
2762,31,Female,50,No,3,7
2763,58,Female,43,No,10,7
2764,28,Female,9,No,35,4
2765,63,Female,29,No,2,2
2766,64,Female,25,No,24,4
2767,66,Female,31,No,47,6
2768,31,Female,45,No,31,6
2769,55,Female,24,No,28,5
2770,32,Female,20,No,13,2
2771,50,Female,44,No,22,4
2772,58,Female,34,No,12,1
2773,18,Female,39,No,10,7
2774,39,Female,29,No,45,4
2775,56,Female,20,No,42,4
2776,37,Female,7,No,16,2
2777,46,Female,6,No,6,3
2778,52,Female,38,No,28,7
2779,70,Female,39,No,24,5
2780,61,Female,7,No,14,1
2781,33,Female,32,No,29,1
2782,65,Female,17,No,33,2
2783,41,Female,38,No,30,3
2784,19,Female,42,No,26,4
2785,33,Female,38,No,12,7
2786,53,Female,8,No,13,6
2787,54,Female,25,No,41,7
2788,36,Female,9,No,4,1
2789,56,Female,4,No,2,3
2790,28,Female,18,No,28,5
2791,34,Female,2,No,24,3
2792,43,Female,45,No,14,1
2793,54,Female,1,No,11,2
2794,37,Female,3,No,27,5
2795,33,Female,15,No,7,1
2796,33,Female,44,No,49,3
2797,55,Female,20,No,21,3
2798,63,Female,20,No,10,7
2799,52,Female,4,No,37,2
2800,23,Female,2,No,9,7
2801,70,Female,11,No,14,5
2802,64,Female,36,No,30,3
2803,22,Female,12,No,42,1
2804,46,Female,38,No,31,6
2805,65,Female,37,No,48,7
2806,18,Female,23,No,48,4
2807,45,Female,37,No,50,3
2808,56,Female,34,No,10,1
2809,49,Female,31,No,45,7
2810,66,Female,11,No,27,4
2811,27,Female,29,No,10,1
2812,69,Female,32,No,19,4
2813,66,Female,26,No,1,7
2814,45,Female,35,No,39,4
2815,31,Female,47,No,14,6
2816,33,Female,38,No,40,7
2817,43,Female,34,No,45,2
2818,25,Female,37,No,6,2
2819,46,Female,19,No,12,3
2820,67,Female,43,No,19,6
2821,26,Female,35,No,5,5
2822,35,Female,43,No,37,6
2823,61,Female,33,No,33,4
2824,26,Female,41,No,47,5
2825,39,Female,41,No,49,4
2826,69,Female,18,No,28,3
2827,32,Female,21,No,23,3
2828,20,Female,49,No,11,5
2829,25,Female,31,No,33,4
2830,56,Female,29,No,47,2
2831,63,Female,5,No,13,7
2832,34,Female,42,No,4,2
2833,29,Female,34,No,40,4
2834,43,Female,11,No,19,6
2835,39,Female,22,No,17,2
2836,33,Female,35,No,7,3
2837,51,Female,6,No,21,5
2838,65,Female,16,No,44,2
2839,51,Female,2,No,2,2
2840,70,Female,46,No,30,6
2841,40,Female,9,No,41,3
2842,19,Female,32,No,31,2
2843,28,Female,29,No,48,4
2844,51,Female,32,No,41,2
2845,32,Female,36,No,42,3
2846,26,Female,46,No,39,7
2847,50,Female,20,No,15,5
2848,68,Female,40,No,3,7
2849,33,Female,49,No,28,4
2850,56,Female,14,No,27,5
2851,57,Female,44,No,36,3
2852,58,Female,23,No,42,6
2853,40,Female,15,No,30,2
2854,37,Female,39,No,9,2
2855,36,Female,13,No,25,6
2856,29,Female,17,No,33,4
2857,65,Female,45,No,31,6
2858,44,Female,41,No,35,6
2859,34,Female,34,No,46,6
2860,31,Female,41,No,29,3
2861,28,Female,4,No,49,2
2862,66,Female,34,No,27,6
2863,68,Female,12,No,5,7
2864,37,Female,40,No,18,6
2865,58,Female,27,No,31,2
2866,28,Female,19,No,27,1
2867,54,Female,40,No,19,3
2868,21,Female,25,No,33,1
2869,45,Female,25,No,42,7
2870,57,Female,43,No,16,2
2871,47,Female,26,No,49,7
2872,46,Female,38,No,40,5
2873,63,Female,40,No,5,3
2874,44,Female,7,No,8,6
2875,36,Female,25,No,2,3
2876,24,Female,1,No,14,2
2877,65,Female,36,No,5,1
2878,32,Female,33,No,34,6
2879,63,Female,19,No,13,3
2880,62,Female,26,No,31,3
2881,19,Female,21,No,43,4
2882,38,Female,22,No,6,3
2883,59,Female,20,No,23,5
2884,22,Female,4,No,10,2
2885,55,Female,11,No,47,7
2886,29,Female,23,No,14,5
2887,42,Female,41,No,29,2
2888,23,Female,1,No,12,5
2889,70,Female,49,No,25,4
2890,64,Female,47,No,21,3
2891,39,Female,26,No,23,6
2892,47,Female,32,No,10,6
2893,22,Female,23,No,47,6
2894,69,Female,1,No,44,7
2895,35,Female,1,No,41,3
2896,56,Female,7,No,29,6
2897,30,Female,13,No,2,7
2898,43,Female,7,No,2,1
2899,23,Female,33,No,29,3
2900,50,Female,44,No,22,1
2901,41,Female,34,No,23,5
2902,41,Female,16,No,46,4
2903,27,Female,18,No,19,5
2904,38,Female,13,No,24,7
2905,41,Female,45,No,43,6
2906,58,Female,15,No,14,1
2907,58,Female,42,No,7,3
2908,19,Female,34,No,50,5
2909,43,Female,22,No,15,7
2910,27,Female,8,No,40,7
2911,32,Female,17,No,41,6
2912,28,Female,32,No,34,4
2913,48,Female,5,No,27,5
2914,43,Female,6,No,12,7
2915,45,Female,39,No,1,5
2916,26,Female,5,No,39,5
2917,62,Female,20,No,13,5
2918,58,Female,25,No,50,3
2919,19,Female,15,No,36,2
2920,64,Female,47,No,31,6
2921,33,Female,22,No,3,5
2922,20,Female,49,No,11,1
2923,45,Female,1,No,16,4
2924,28,Female,39,No,12,4
2925,47,Female,4,No,37,7
2926,54,Female,27,No,43,7
2927,64,Female,34,No,9,2
2928,45,Female,10,No,15,5
2929,40,Female,16,No,17,2
2930,31,Female,2,No,42,1
2931,38,Female,17,No,14,6
2932,36,Female,16,No,49,5
2933,65,Female,30,No,3,4
2934,27,Female,27,No,28,6
2935,38,Female,38,No,41,4
2936,58,Female,18,No,11,2
2937,31,Female,48,No,46,2
2938,28,Female,9,No,15,2
2939,28,Female,2,No,15,6
2940,32,Female,1,No,34,2
2941,61,Female,3,No,13,6
2942,38,Female,39,No,27,6
2943,54,Female,12,No,37,2
2944,29,Female,42,No,37,6
2945,50,Female,15,No,4,7
2946,32,Female,13,No,1,7
2947,38,Female,12,No,29,4
2948,52,Female,44,No,50,3
2949,61,Female,35,No,38,5
2950,25,Female,45,No,15,3
2951,22,Female,45,No,44,7
2952,47,Female,11,No,14,2
2953,50,Female,16,No,5,6
2954,45,Female,34,No,11,3
2955,33,Female,46,No,15,3
2956,42,Female,35,No,46,3
2957,52,Female,7,No,30,6
2958,69,Female,46,No,2,3
2959,55,Female,32,No,28,6
2960,38,Female,22,No,9,4
2961,57,Female,28,No,47,2
2962,33,Female,14,No,21,5
2963,57,Female,19,No,42,7
2964,52,Female,2,No,28,2
2965,44,Female,32,No,13,1
2966,48,Female,13,No,25,1
2967,52,Female,20,No,38,7
2968,34,Female,28,No,40,3
2969,26,Female,37,No,25,7
2970,36,Female,35,No,20,7
2971,24,Female,24,No,44,5
2972,30,Female,41,No,9,7
2973,31,Female,15,No,11,7
2974,25,Female,28,No,3,1
2975,57,Female,31,No,34,2
2976,61,Female,43,No,48,7
2977,30,Female,44,No,28,1
2978,38,Female,48,No,20,3
2979,53,Female,38,No,49,1
2980,31,Female,8,No,14,2
2981,70,Female,33,No,9,6
2982,21,Female,13,No,37,3
2983,33,Female,49,No,4,2
2984,60,Female,9,No,1,4
2985,45,Female,22,No,36,5
2986,46,Female,12,No,21,5
2987,62,Female,29,No,16,6
2988,63,Female,8,No,42,6
2989,69,Female,23,No,31,6
2990,46,Female,4,No,6,2
2991,69,Female,27,No,24,6
2992,66,Female,41,No,7,5
2993,41,Female,26,No,25,2
2994,32,Female,24,No,18,5
2995,69,Female,23,No,14,4
2996,29,Female,42,No,42,5
2997,70,Female,41,No,6,7
2998,41,Female,38,No,14,7
2999,31,Female,30,No,30,4
3000,31,Female,14,No,10,6
3001,57,Female,32,No,7,2
3002,29,Female,7,No,28,4
3003,70,Female,8,No,19,4
3004,51,Female,5,No,13,7
3005,45,Female,29,No,23,1
3006,18,Female,30,No,5,2
3007,37,Female,41,No,17,5
3008,23,Female,15,No,31,2
3009,39,Female,36,No,19,2
3010,62,Female,8,No,8,1
3011,70,Female,32,No,15,3
3012,20,Female,23,No,18,7
3013,42,Female,38,No,16,3
3014,41,Female,29,No,13,6
3015,24,Female,41,No,38,7
3016,37,Female,6,No,27,5
3017,30,Female,28,No,31,4
3018,58,Female,49,No,24,5
3019,43,Female,22,No,21,5
3020,19,Female,41,No,15,3
3021,23,Female,11,No,48,7
3022,65,Female,39,No,47,4
3023,58,Female,43,No,23,2
3024,50,Female,28,No,4,4
3025,67,Female,38,No,47,7
3026,40,Female,7,No,7,6
3027,55,Female,31,No,6,3
3028,52,Female,9,No,47,4
3029,62,Female,19,No,7,7
3030,64,Female,43,No,1,4
3031,43,Female,34,No,23,2
3032,61,Female,38,No,30,6
3033,26,Female,19,No,24,4
3034,22,Female,16,No,9,2
3035,51,Female,41,No,25,4
3036,69,Female,1,No,18,5
3037,50,Female,35,No,7,1
3038,51,Female,45,No,2,3
3039,56,Female,43,No,36,3
3040,59,Female,16,No,31,5
3041,18,Female,44,No,10,1
3042,48,Female,4,No,27,6
3043,53,Female,46,No,14,7
3044,45,Female,27,No,17,6
3045,21,Female,18,No,10,4
3046,42,Female,21,No,4,5
3047,60,Female,39,No,25,7
3048,21,Female,35,No,3,5
3049,69,Female,25,No,47,1
3050,40,Female,41,No,41,5
3051,31,Female,1,No,28,7
3052,44,Female,6,No,49,7
3053,48,Female,2,No,7,1
3054,32,Female,2,No,22,6
3055,42,Female,14,No,34,6
3056,27,Female,24,No,5,5
3057,69,Female,33,No,15,5
3058,67,Female,18,No,26,2
3059,41,Female,9,No,3,1
3060,46,Female,1,No,42,4
3061,47,Female,19,No,1,6
3062,33,Female,46,No,20,7
3063,51,Female,19,No,39,6
3064,26,Female,40,No,24,1
3065,22,Female,38,No,49,4
3066,49,Female,26,No,7,5
3067,58,Female,50,No,13,7
3068,70,Female,10,No,2,2
3069,32,Female,19,No,4,2
3070,62,Female,13,No,17,4
3071,52,Female,16,No,43,5
3072,23,Female,14,No,6,6
3073,26,Female,15,No,46,4
3074,58,Female,5,No,7,5
3075,26,Female,3,No,34,1
3076,54,Female,41,No,21,7
3077,66,Female,14,No,13,5
3078,60,Female,27,No,33,5
3079,32,Female,30,No,24,5
3080,48,Female,6,No,4,3
3081,69,Female,25,No,5,5
3082,64,Female,35,No,11,2
3083,56,Female,41,No,20,3
3084,22,Female,27,No,28,4
3085,46,Female,38,No,43,6
3086,24,Female,23,No,10,7
3087,47,Female,41,No,26,7
3088,62,Female,18,No,29,6
3089,34,Female,11,No,35,4
3090,50,Female,18,No,23,5
3091,29,Female,22,No,15,4
3092,68,Female,23,No,46,3
3093,52,Female,41,No,14,5
3094,29,Female,39,No,17,7
3095,22,Female,43,No,9,2
3096,62,Female,47,No,13,1
3097,69,Female,24,No,20,6
3098,48,Female,13,No,39,4
3099,66,Female,36,No,50,4
3100,42,Female,50,No,21,5
3101,50,Female,35,No,3,2
3102,32,Female,38,No,9,1
3103,51,Female,46,No,29,5
3104,27,Female,27,No,42,2
3105,43,Female,43,No,41,1
3106,48,Female,5,No,17,6
3107,62,Female,16,No,20,3
3108,65,Female,12,No,18,5
3109,50,Female,5,No,7,6
3110,60,Female,27,No,47,1
3111,19,Female,22,No,2,5
3112,21,Female,24,No,25,4
3113,19,Female,22,No,26,3
3114,46,Female,44,No,2,2
3115,21,Female,11,No,45,5
3116,26,Female,46,No,9,5
3117,50,Female,7,No,1,2
3118,43,Female,21,No,4,5
3119,61,Female,42,No,31,4
3120,63,Female,8,No,21,7
3121,46,Female,8,No,32,1
3122,63,Female,8,No,16,2
3123,23,Female,43,No,34,1
3124,57,Female,45,No,40,5
3125,57,Female,19,No,4,7
3126,33,Female,5,No,3,4
3127,57,Female,2,No,28,5
3128,55,Female,8,No,43,7
3129,65,Female,11,No,20,3
3130,60,Female,34,No,40,7
3131,52,Female,35,No,34,7
3132,34,Female,26,No,11,7
3133,33,Female,50,No,26,4
3134,58,Female,11,No,29,5
3135,35,Female,1,No,47,2
3136,68,Female,28,No,48,1
3137,58,Female,47,No,29,5
3138,34,Female,8,No,14,6
3139,47,Female,1,No,40,7
3140,35,Female,43,No,4,2
3141,34,Female,30,No,37,2
3142,36,Female,17,No,47,5
3143,23,Female,24,No,1,4
3144,68,Female,29,No,26,4
3145,23,Female,2,No,12,4
3146,57,Female,22,No,16,1
3147,21,Female,42,No,19,3
3148,45,Female,26,No,21,2
3149,37,Female,9,No,15,2
3150,18,Female,18,No,9,3
3151,55,Female,43,No,7,5
3152,52,Female,36,No,47,4
3153,49,Female,18,No,17,6
3154,56,Female,16,No,46,1
3155,27,Female,40,No,32,4
3156,22,Female,7,No,34,3
3157,18,Female,7,No,18,6
3158,21,Female,2,No,5,1
3159,30,Female,17,No,44,6
3160,62,Female,8,No,4,4
3161,28,Female,44,No,37,1
3162,66,Female,3,No,43,6
3163,66,Female,49,No,28,4
3164,49,Female,44,No,36,6
3165,40,Female,29,No,16,3
3166,49,Female,12,No,38,7
3167,19,Female,43,No,37,1
3168,24,Female,5,No,9,5
3169,31,Female,7,No,14,1
3170,35,Female,43,No,3,2
3171,65,Female,4,No,10,1
3172,68,Female,31,No,26,5
3173,57,Female,10,No,30,5
3174,69,Female,48,No,32,1
3175,45,Female,20,No,35,6
3176,35,Female,40,No,26,7
3177,36,Female,11,No,39,6
3178,55,Female,10,No,31,6
3179,66,Female,48,No,28,3
3180,57,Female,38,No,12,5
3181,18,Female,7,No,46,2
3182,31,Female,7,No,27,7
3183,50,Female,43,No,4,3
3184,50,Female,17,No,14,7
3185,61,Female,12,No,30,4
3186,52,Female,32,No,6,3
3187,38,Female,42,No,43,3
3188,67,Female,22,No,28,2
3189,42,Female,35,No,39,6
3190,25,Female,24,No,30,5
3191,41,Female,19,No,5,1
3192,62,Female,17,No,42,7
3193,19,Female,45,No,20,1
3194,63,Female,42,No,35,1
3195,43,Female,34,No,10,5
3196,68,Female,10,No,36,4
3197,24,Female,49,No,21,1
3198,27,Female,2,No,29,7
3199,61,Female,39,No,39,2
3200,59,Female,2,No,16,6
3201,67,Female,10,No,32,6
3202,46,Female,35,No,34,6
3203,65,Female,49,No,38,3
3204,63,Female,33,No,14,3
3205,57,Female,36,No,23,5
3206,40,Female,25,No,50,7
3207,36,Female,19,No,49,6
3208,67,Female,29,No,14,3
3209,61,Female,28,No,42,2
3210,64,Female,11,No,39,3
3211,30,Female,23,No,43,5
3212,53,Female,4,No,12,6
3213,27,Female,6,No,21,2
3214,27,Female,22,No,33,6
3215,53,Female,48,No,6,3
3216,34,Female,4,No,10,7
3217,39,Female,27,No,18,2
3218,44,Female,5,No,46,2
3219,37,Female,21,No,49,6
3220,57,Female,24,No,39,2
3221,38,Female,26,No,16,6
3222,21,Female,14,No,28,3
3223,45,Female,22,No,22,4
3224,68,Female,7,No,36,5
3225,37,Female,13,No,18,6
3226,53,Female,14,No,31,2
3227,57,Female,47,No,38,1
3228,28,Female,30,No,42,4
3229,37,Female,40,No,27,3
3230,54,Female,40,No,24,6
3231,49,Female,24,No,38,3
3232,62,Female,23,No,9,3
3233,45,Female,3,No,19,6
3234,45,Female,28,No,11,5
3235,49,Female,48,No,16,4
3236,27,Female,24,No,18,6
3237,63,Female,37,No,8,6
3238,61,Female,35,No,4,2
3239,25,Female,6,No,37,4
3240,33,Female,25,No,30,6
3241,56,Female,9,No,37,6
3242,50,Female,40,No,30,4
3243,45,Female,5,No,17,2
3244,45,Female,38,No,11,7
3245,65,Female,11,No,42,3
3246,63,Female,24,No,20,2
3247,70,Female,50,No,37,6
3248,53,Female,11,No,12,1
3249,22,Female,39,No,41,4
3250,26,Female,42,No,32,4
3251,23,Female,47,No,15,2
3252,25,Female,23,No,39,4
3253,69,Female,7,No,48,1
3254,36,Female,44,No,8,1
3255,21,Female,28,No,11,7
3256,57,Female,33,No,36,6
3257,60,Female,49,No,50,7
3258,44,Female,47,No,39,7
3259,31,Female,33,No,11,5
3260,57,Female,20,No,5,7
3261,39,Female,49,No,7,3
3262,48,Female,4,No,50,2
3263,42,Female,28,No,21,7
3264,56,Female,35,No,31,1
3265,28,Female,2,No,39,5
3266,40,Female,16,No,28,1
3267,49,Female,16,No,33,2
3268,37,Female,38,No,42,4
3269,22,Female,11,No,5,7
3270,27,Female,32,No,25,6
3271,59,Female,27,No,48,3
3272,35,Female,23,No,30,2
3273,58,Female,22,No,34,4
3274,58,Female,23,No,34,7
3275,46,Female,20,No,14,1
3276,43,Female,16,No,2,2
3277,39,Female,46,No,41,7
3278,59,Female,22,No,3,6
3279,59,Female,7,No,18,2
3280,59,Female,6,No,1,1
3281,45,Female,15,No,5,6
3282,27,Female,5,No,41,3
3283,24,Female,19,No,5,6
3284,47,Female,18,No,10,7
3285,70,Female,1,No,20,3
3286,58,Female,12,No,11,2
3287,45,Female,27,No,4,1
3288,24,Female,9,No,38,2
3289,67,Female,37,No,19,5
3290,31,Female,7,No,16,7
3291,52,Female,26,No,2,6
3292,29,Female,36,No,11,6
3293,62,Female,10,No,18,1
3294,19,Female,9,No,47,1
3295,62,Female,37,No,15,5
3296,70,Female,9,No,15,2
3297,20,Female,30,No,47,4
3298,67,Female,9,No,47,6
3299,65,Female,36,No,6,7
3300,45,Female,46,No,18,6
3301,26,Female,20,No,40,5
3302,36,Female,20,No,31,1
3303,36,Female,16,No,31,5
3304,20,Female,17,No,4,1
3305,30,Female,17,No,36,7
3306,34,Female,44,No,31,5
3307,63,Female,25,No,6,1
3308,18,Female,39,No,1,6
3309,55,Female,41,No,29,6
3310,48,Female,3,No,19,6
3311,45,Female,45,No,12,1
3312,29,Female,21,No,18,3
3313,55,Female,8,No,45,4
3314,55,Female,24,No,45,6
3315,55,Female,24,No,8,4
3316,48,Female,1,No,4,7
3317,42,Female,36,No,5,1
3318,21,Female,18,No,30,4
3319,45,Female,26,No,15,6
3320,23,Female,26,No,17,7
3321,66,Female,27,No,45,7
3322,32,Female,2,No,3,3
3323,52,Female,28,No,43,2
3324,54,Female,26,No,4,6
3325,37,Female,10,No,41,2
3326,29,Female,30,No,16,6
3327,47,Female,26,No,10,3
3328,47,Female,40,No,2,4
3329,42,Female,49,No,11,5
3330,34,Female,33,No,1,5
3331,38,Female,10,No,41,4
3332,55,Female,19,No,39,4
3333,27,Female,48,No,1,5
3334,55,Female,47,No,3,6
3335,66,Female,19,No,21,3
3336,44,Female,22,No,48,4
3337,39,Female,7,No,24,3
3338,23,Female,29,No,45,5
3339,29,Female,47,No,46,6
3340,20,Female,44,No,35,1
3341,42,Female,42,No,47,1
3342,55,Female,40,No,35,6
3343,66,Female,33,No,45,2
3344,24,Female,1,No,6,5
3345,62,Female,48,No,20,3
3346,28,Female,21,No,3,5
3347,30,Female,20,No,30,4
3348,22,Female,45,No,28,5
3349,28,Female,14,No,15,7
3350,35,Female,43,No,29,4
3351,45,Female,17,No,15,5
3352,43,Female,14,No,18,1
3353,55,Female,48,No,7,5
3354,31,Female,32,No,19,7
3355,42,Female,34,No,15,2
3356,40,Female,13,No,3,5
3357,39,Female,31,No,13,5
3358,41,Female,11,No,37,6
3359,56,Female,31,No,26,3
3360,43,Female,14,No,29,6
3361,22,Female,47,No,47,7
3362,47,Female,21,No,47,5
3363,50,Female,31,No,48,1
3364,58,Female,19,No,46,5
3365,50,Female,5,No,7,6
3366,43,Female,31,No,45,7
3367,38,Female,18,No,47,4
3368,44,Female,31,No,6,1
3369,30,Female,44,No,29,7
3370,47,Female,2,No,42,6
3371,30,Female,27,No,46,1
3372,49,Female,25,No,28,3
3373,56,Female,39,No,14,7
3374,70,Female,47,No,12,7
3375,22,Female,23,No,41,3
3376,51,Female,40,No,8,3
3377,22,Female,32,No,24,4
3378,37,Female,1,No,18,1
3379,49,Female,47,No,6,4
3380,61,Female,31,No,40,2
3381,41,Female,26,No,6,7
3382,57,Female,47,No,27,4
3383,34,Female,44,No,2,2
3384,27,Female,13,No,39,5
3385,39,Female,47,No,9,4
3386,62,Female,4,No,16,7
3387,34,Female,50,No,36,4
3388,53,Female,33,No,2,5
3389,35,Female,46,No,21,2
3390,38,Female,18,No,39,3
3391,32,Female,5,No,38,3
3392,47,Female,7,No,6,7
3393,53,Female,33,No,6,5
3394,60,Female,29,No,50,6
3395,31,Female,35,No,9,3
3396,44,Female,25,No,15,7
3397,29,Female,31,No,5,4
3398,19,Female,33,No,13,5
3399,54,Female,7,No,44,1
3400,40,Female,7,No,36,3
3401,39,Female,23,No,18,1
3402,44,Female,23,No,39,2
3403,22,Female,8,No,11,7
3404,30,Female,27,No,1,5
3405,69,Female,37,No,34,3
3406,28,Female,48,No,47,5
3407,57,Female,44,No,24,4
3408,46,Female,16,No,20,4
3409,48,Female,7,No,11,3
3410,24,Female,47,No,3,7
3411,50,Female,32,No,38,5
3412,29,Female,15,No,45,2
3413,61,Female,28,No,31,4
3414,34,Female,13,No,16,5
3415,27,Female,40,No,3,4
3416,38,Female,15,No,15,3
3417,25,Female,16,No,11,7
3418,54,Female,3,No,22,1
3419,53,Female,37,No,35,3
3420,23,Female,9,No,5,5
3421,19,Female,1,No,35,5
3422,57,Female,33,No,27,2
3423,19,Female,15,No,9,6
3424,33,Female,3,No,21,5
3425,33,Female,21,No,23,6
3426,38,Female,50,No,3,5
3427,47,Female,5,No,31,3
3428,39,Female,50,No,44,3
3429,32,Female,48,No,20,6
3430,27,Female,30,No,34,2
3431,67,Female,7,No,17,7
3432,46,Female,36,No,20,3
3433,36,Female,40,No,46,7
3434,62,Female,30,No,28,3
3435,31,Female,32,No,6,1
3436,68,Female,7,No,50,5
3437,57,Female,44,No,41,6
3438,22,Female,20,No,50,3
3439,26,Female,1,No,33,6
3440,43,Female,38,No,25,4
3441,45,Female,34,No,2,2
3442,64,Female,31,No,15,3
3443,28,Female,50,No,12,2
3444,47,Female,31,No,28,5
3445,53,Female,4,No,12,5
3446,42,Female,21,No,3,3
3447,51,Female,8,No,20,2
3448,62,Female,11,No,3,5
3449,18,Female,1,No,32,1
3450,48,Female,24,No,35,6
3451,20,Female,35,No,31,6
3452,32,Female,23,No,13,3
3453,26,Female,20,No,3,1
3454,31,Female,16,No,48,5
3455,55,Female,8,No,15,5
3456,49,Female,32,No,13,3
3457,42,Female,22,No,21,6
3458,64,Female,34,No,29,1
3459,68,Female,9,No,24,4
3460,68,Female,32,No,21,3
3461,41,Female,28,No,5,5
3462,51,Female,6,No,47,4
3463,44,Female,50,No,34,7
3464,27,Female,2,No,45,1
3465,36,Female,41,No,12,3
3466,19,Female,45,No,31,2
3467,49,Female,34,No,43,3
3468,18,Female,22,No,5,3
3469,36,Female,32,No,36,4
3470,36,Female,26,No,12,3
3471,19,Female,9,No,31,5
3472,43,Female,18,No,31,5
3473,31,Female,43,No,15,2
3474,63,Female,24,No,11,2
3475,41,Female,2,No,18,6
3476,48,Female,37,No,9,4
3477,68,Female,37,No,11,2
3478,53,Female,1,No,38,5
3479,36,Female,29,No,42,4
3480,46,Female,15,No,41,6
3481,21,Female,14,No,45,6
3482,52,Female,32,No,41,5
3483,66,Female,12,No,35,2
3484,19,Female,22,No,21,7
3485,44,Female,27,No,13,5
3486,50,Female,3,No,23,1
3487,51,Female,18,No,6,2
3488,25,Female,9,No,39,3
3489,62,Female,13,No,7,4
3490,48,Female,38,No,32,7
3491,62,Female,5,No,43,4
3492,22,Female,2,No,15,6
3493,48,Female,46,No,48,3
3494,48,Female,36,No,35,2
3495,62,Female,48,No,41,4
3496,24,Female,43,No,14,2
3497,39,Female,38,No,22,6
3498,35,Female,25,No,16,7
3499,47,Female,1,No,2,5
3500,22,Female,33,No,13,7
3501,38,Female,5,No,38,1
3502,53,Female,44,No,43,2
3503,31,Female,3,No,26,4
3504,31,Female,44,No,39,2
3505,65,Female,12,No,50,6
3506,48,Female,28,No,40,7
3507,18,Female,27,No,12,1
3508,46,Female,25,No,33,7
3509,52,Female,39,No,49,2
3510,50,Female,32,No,43,5
3511,49,Female,39,No,14,6
3512,69,Female,17,No,21,7
3513,36,Female,1,No,31,4
3514,30,Female,30,No,29,1
3515,25,Female,43,No,32,6
3516,19,Female,46,No,16,5
3517,34,Female,37,No,38,5
3518,29,Female,31,No,34,7
3519,50,Female,25,No,30,4
3520,31,Female,49,No,14,1
3521,41,Female,43,No,33,6
3522,52,Female,34,No,35,2
3523,27,Female,33,No,13,4
3524,49,Female,23,No,30,1
3525,69,Female,50,No,30,6
3526,45,Female,6,No,47,3
3527,20,Female,3,No,1,7
3528,25,Female,48,No,1,2
3529,38,Female,2,No,33,3
3530,55,Female,7,No,43,2
3531,62,Female,20,No,37,2
3532,54,Female,26,No,23,4
3533,61,Female,40,No,12,3
3534,50,Female,22,No,30,1
3535,65,Female,13,No,7,2
3536,68,Female,17,No,20,6
3537,55,Female,47,No,10,6
3538,57,Female,43,No,40,7
3539,56,Female,45,No,21,6
3540,29,Female,15,No,17,5
3541,24,Female,23,No,5,2
3542,59,Female,42,No,22,3
3543,62,Female,38,No,5,2
3544,58,Female,25,No,18,7
3545,64,Female,49,No,42,7
3546,48,Female,40,No,22,3
3547,60,Female,24,No,37,5
3548,52,Female,39,No,23,3
3549,63,Female,41,No,47,1
3550,44,Female,5,No,11,1
3551,63,Female,9,No,32,2
3552,66,Female,7,No,20,2
3553,22,Female,1,No,3,4
3554,62,Female,47,No,32,2
3555,39,Female,8,No,5,1
3556,25,Female,13,No,45,4
3557,70,Female,29,No,43,5
3558,52,Female,23,No,1,7
3559,68,Female,30,No,9,4
3560,18,Female,41,No,13,7
3561,18,Female,24,No,5,3
3562,63,Female,18,No,39,1
3563,47,Female,34,No,7,2
3564,43,Female,2,No,8,7
3565,60,Female,27,No,40,3
3566,49,Female,39,No,35,6
3567,28,Female,30,No,14,6
3568,32,Female,36,No,26,6
3569,29,Female,11,No,14,4
3570,35,Female,30,No,9,1
3571,23,Female,8,No,32,3
3572,70,Female,26,No,15,7
3573,23,Female,4,No,25,6
3574,43,Female,40,No,27,6
3575,29,Female,15,No,39,4
3576,61,Female,1,No,49,5
3577,29,Female,2,No,12,5
3578,66,Female,10,No,13,2
3579,46,Female,43,No,22,4
3580,34,Female,29,No,19,7
3581,51,Female,14,No,3,5
3582,26,Female,43,No,50,2
3583,23,Female,19,No,15,3
3584,52,Female,29,No,44,7
3585,39,Female,21,No,48,6
3586,39,Female,15,No,4,5
3587,33,Female,38,No,12,5
3588,33,Female,42,No,33,3
3589,23,Female,50,No,40,3
3590,31,Female,14,No,38,7
3591,27,Female,46,No,19,7
3592,48,Female,46,No,38,4
3593,61,Female,33,No,18,1
3594,63,Female,6,No,24,6
3595,19,Female,16,No,29,4
3596,21,Female,46,No,14,3
3597,28,Female,37,No,44,1
3598,29,Female,36,No,18,4
3599,23,Female,40,No,19,5
3600,37,Female,24,No,4,2
3601,67,Female,37,No,25,5
3602,34,Female,18,No,3,6
3603,58,Female,6,No,40,4
3604,45,Female,8,No,5,2
3605,63,Female,8,No,17,3
3606,68,Female,16,No,36,7
3607,41,Female,47,No,41,3
3608,50,Female,36,No,20,5
3609,24,Female,31,No,2,7
3610,21,Female,36,No,31,6
3611,18,Female,22,No,23,1
3612,63,Female,48,No,30,3
3613,47,Female,50,No,26,7
3614,58,Female,47,No,40,3
3615,46,Female,13,No,19,3
3616,35,Female,19,No,4,6
3617,42,Female,49,No,33,1
3618,48,Female,1,No,29,6
3619,28,Female,23,No,47,5
3620,44,Female,18,No,50,2
3621,60,Female,8,No,28,1
3622,38,Female,33,No,5,1
3623,46,Female,49,No,12,3
3624,39,Female,11,No,4,2
3625,22,Female,22,No,22,5
3626,44,Female,27,No,32,2
3627,69,Female,17,No,32,4
3628,39,Female,13,No,48,7
3629,53,Female,43,No,35,6
3630,52,Female,24,No,44,1
3631,65,Female,20,No,29,2
3632,48,Female,33,No,26,6
3633,27,Female,41,No,3,4
3634,39,Female,7,No,1,5
3635,59,Female,32,No,17,3
3636,52,Female,25,No,17,1
3637,50,Female,19,No,36,2
3638,32,Female,41,No,32,1
3639,40,Female,24,No,50,5
3640,26,Female,27,No,39,3
3641,47,Female,47,No,17,6
3642,51,Female,15,No,39,7
3643,47,Female,29,No,5,3
3644,53,Female,31,No,47,3
3645,35,Female,11,No,18,2
3646,38,Female,25,No,31,7
3647,69,Female,23,No,39,1
3648,47,Female,24,No,12,2
3649,31,Female,15,No,45,5
3650,68,Female,47,No,33,1
3651,51,Female,32,No,3,3
3652,20,Female,29,No,5,7
3653,27,Female,1,No,23,6
3654,67,Female,47,No,39,1
3655,21,Female,11,No,10,3
3656,20,Female,6,No,4,5
3657,35,Female,26,No,18,6
3658,58,Female,16,No,1,7
3659,28,Female,17,No,18,1
3660,27,Female,27,No,46,3
3661,19,Female,11,No,13,1
3662,63,Female,24,No,5,1
3663,69,Female,4,No,11,2
3664,65,Female,21,No,49,2
3665,63,Female,10,No,1,1
3666,28,Female,18,No,11,4
3667,67,Female,16,No,47,7
3668,51,Female,48,No,20,6
3669,59,Female,50,No,18,3
3670,25,Female,48,No,43,4
3671,31,Female,35,No,4,7
3672,62,Female,27,No,20,4
3673,51,Female,15,No,7,6
3674,32,Female,4,No,31,1
3675,35,Female,48,No,41,1
3676,70,Female,42,No,3,6
3677,19,Female,49,No,16,6
3678,32,Female,50,No,43,3
3679,56,Female,22,No,29,1
3680,53,Female,38,No,5,5
3681,22,Female,45,No,30,4
3682,26,Female,40,No,33,6
3683,42,Female,6,No,46,5
3684,30,Female,17,No,17,1
3685,29,Female,39,No,47,5
3686,47,Female,31,No,17,5
3687,59,Female,8,No,17,5
3688,34,Female,11,No,28,7
3689,52,Female,9,No,8,6
3690,47,Female,37,No,8,4
3691,24,Female,24,No,4,5
3692,63,Female,50,No,24,2
3693,59,Female,16,No,29,1
3694,66,Female,46,No,10,2
3695,45,Female,4,No,11,5
3696,38,Female,21,No,18,1
3697,63,Female,40,No,26,3
3698,55,Female,39,No,39,2
3699,25,Female,19,No,4,3
3700,51,Female,20,No,24,2
3701,28,Female,26,No,2,7
3702,46,Female,36,No,36,3
3703,58,Female,37,No,36,2
3704,30,Female,50,No,23,7
3705,68,Female,10,No,36,4
3706,28,Female,25,No,2,3
3707,26,Female,24,No,17,5
3708,35,Female,27,No,19,2
3709,40,Female,37,No,41,6
3710,31,Female,41,No,27,4
3711,60,Female,12,No,32,1
3712,69,Female,22,No,33,3
3713,51,Female,5,No,24,4
3714,49,Female,29,No,31,7
3715,18,Female,15,No,35,2
3716,63,Female,44,No,2,6
3717,57,Female,35,No,42,7
3718,45,Female,34,No,47,7
3719,36,Female,31,No,44,5
3720,20,Female,39,No,8,7
3721,21,Female,37,No,13,4
3722,62,Female,40,No,10,3
3723,23,Female,1,No,1,1
3724,26,Female,4,No,1,6
3725,30,Female,25,No,18,3
3726,18,Female,20,No,2,3
3727,47,Female,38,No,36,7
3728,41,Female,2,No,17,5
3729,62,Female,35,No,1,3
3730,28,Female,4,No,50,4
3731,46,Female,21,No,3,5
3732,54,Female,9,No,45,4
3733,36,Female,28,No,28,3
3734,25,Female,27,No,6,7
3735,38,Female,19,No,33,7
3736,38,Female,3,No,29,3
3737,42,Female,38,No,2,7
3738,19,Female,1,No,43,5
3739,34,Female,13,No,48,1
3740,38,Female,38,No,43,2
3741,42,Female,42,No,26,5
3742,58,Female,29,No,26,5
3743,56,Female,34,No,50,5
3744,62,Female,38,No,36,4
3745,24,Female,33,No,26,1
3746,60,Female,48,No,2,6
3747,53,Female,38,No,49,6
3748,26,Female,4,No,32,5
3749,34,Female,13,No,3,3
3750,24,Female,30,No,38,7
3751,42,Female,29,No,5,6
3752,36,Female,16,No,8,7
3753,24,Female,48,No,43,2
3754,39,Female,8,No,22,1
3755,46,Female,44,No,10,7
3756,64,Female,39,No,26,6
3757,64,Female,37,No,42,5
3758,61,Female,19,No,33,2
3759,61,Female,28,No,23,4
3760,44,Female,10,No,30,4
3761,65,Female,40,No,36,2
3762,60,Female,23,No,3,7
3763,65,Female,15,No,13,3
3764,27,Female,20,No,38,7
3765,36,Female,46,No,19,6
3766,22,Female,10,No,14,5
3767,62,Female,22,No,43,3
3768,59,Female,15,No,10,1
3769,50,Female,35,No,34,4
3770,51,Female,29,No,31,3
3771,23,Female,7,No,34,2
3772,21,Female,20,No,28,5
3773,44,Female,14,No,35,3
3774,25,Female,49,No,41,4
3775,57,Female,30,No,48,1
3776,41,Female,46,No,45,4
3777,19,Female,30,No,10,1
3778,43,Female,41,No,9,2
3779,25,Female,46,No,30,3
3780,60,Female,19,No,45,3
3781,54,Female,17,No,41,4
3782,52,Female,31,No,40,1
3783,40,Female,16,No,42,1
3784,39,Female,2,No,17,1
3785,54,Female,42,No,4,3
3786,64,Female,14,No,6,6
3787,31,Female,31,No,22,2
3788,37,Female,15,No,46,7
3789,43,Female,24,No,27,6
3790,56,Female,26,No,18,7
3791,27,Female,30,No,31,2
3792,40,Female,22,No,1,2
3793,43,Female,3,No,2,1
3794,62,Female,13,No,46,3
3795,44,Female,46,No,27,2
3796,45,Female,11,No,3,2
3797,40,Female,41,No,47,4
3798,68,Female,19,No,20,4
3799,63,Female,4,No,23,3
3800,60,Female,20,No,13,6
3801,19,Female,35,No,12,5
3802,26,Female,1,No,36,1
3803,70,Female,27,No,1,6
3804,48,Female,40,No,14,2
3805,37,Female,21,No,45,3
3806,48,Female,33,No,31,4
3807,18,Female,10,No,41,2
3808,38,Female,50,No,36,3
3809,33,Female,48,No,6,5
3810,57,Female,15,No,28,3
3811,46,Female,49,No,29,6
3812,46,Female,38,No,14,6
3813,50,Female,50,No,7,7
3814,61,Female,43,No,31,5
3815,45,Female,50,No,26,7
3816,32,Female,2,No,12,1
3817,29,Female,34,No,45,1
3818,66,Female,10,No,40,3
3819,70,Female,5,No,42,6
3820,36,Female,11,No,45,4
3821,34,Female,14,No,34,4
3822,20,Female,5,No,34,7
3823,70,Female,24,No,17,7
3824,50,Female,19,No,27,2
3825,54,Female,43,No,31,4
3826,49,Female,12,No,47,1
3827,50,Female,7,No,25,3
3828,62,Female,7,No,47,1
3829,42,Female,17,No,8,2
3830,69,Female,48,No,32,1
3831,22,Female,39,No,33,7
3832,36,Female,23,No,16,7
3833,64,Female,24,No,27,2
3834,44,Female,29,No,17,7
3835,43,Female,31,No,17,4
3836,58,Female,39,No,28,5
3837,62,Female,30,No,38,1
3838,45,Female,36,No,33,1
3839,47,Female,4,No,24,7
3840,66,Female,40,No,14,4
3841,30,Female,38,No,5,1
3842,68,Female,17,No,8,6
3843,35,Female,25,No,42,6
3844,64,Female,43,No,48,7
3845,30,Female,7,No,40,4
3846,58,Female,19,No,46,3
3847,57,Female,39,No,40,7
3848,60,Female,13,No,31,1
3849,22,Female,14,No,39,7
3850,46,Female,21,No,36,1
3851,27,Female,17,No,25,7
3852,50,Female,7,No,24,3
3853,65,Female,17,No,19,2
3854,61,Female,31,No,49,5
3855,57,Female,21,No,4,3
3856,40,Female,27,No,36,4
3857,39,Female,42,No,8,4
3858,42,Female,22,No,29,7
3859,30,Female,10,No,26,4
3860,65,Female,17,No,47,5
3861,57,Female,39,No,44,3
3862,64,Female,6,No,49,6
3863,56,Female,38,No,9,6
3864,40,Female,14,No,28,1
3865,55,Female,6,No,1,1
3866,25,Female,44,No,28,7
3867,58,Female,30,No,33,1
3868,46,Female,34,No,28,6
3869,18,Female,34,No,9,3
3870,26,Female,29,No,28,3
3871,61,Female,32,No,19,7
3872,55,Female,47,No,20,7
3873,41,Female,14,No,3,6
3874,42,Female,8,No,22,2
3875,70,Female,23,No,33,5
3876,63,Female,14,No,21,3
3877,60,Female,49,No,7,3
3878,28,Female,23,No,46,6
3879,60,Female,37,No,24,3
3880,26,Female,21,No,6,4
3881,42,Female,3,No,40,6
3882,56,Female,43,No,17,2
3883,35,Female,26,No,24,1
3884,34,Female,26,No,22,1
3885,47,Female,34,No,3,2
3886,49,Female,36,No,39,4
3887,37,Female,45,No,40,4
3888,40,Female,24,No,1,4
3889,45,Female,42,No,14,5
3890,57,Female,30,No,49,3
3891,35,Female,44,No,33,3
3892,36,Female,25,No,6,4
3893,35,Female,50,No,5,1
3894,21,Female,3,No,29,5
3895,66,Female,40,No,44,7
3896,40,Female,42,No,32,2
3897,52,Female,45,No,41,5
3898,46,Female,33,No,24,4
3899,44,Female,47,No,24,2
3900,52,Female,19,No,33,4
