product_features_id,product_id,category_id,size_id,color_id,season_id
1,1,1,1,1,1
2,2,1,1,2,1
3,3,1,2,2,2
4,4,2,3,2,2
5,1,1,3,3,2
6,5,2,3,4,3
7,6,1,3,1,4
8,7,1,1,5,1
9,8,3,1,6,3
10,9,4,3,7,2
11,10,2,1,8,4
12,7,1,2,9,1
13,8,3,3,10,1
14,11,1,3,11,2
15,8,3,1,12,1
16,12,1,3,12,1
17,13,4,2,1,2
18,11,1,4,13,1
19,2,1,2,14,3
20,14,1,3,15,3
21,14,1,3,14,1
22,14,1,3,5,1
23,14,1,3,16,3
24,14,1,4,4,1
25,15,3,3,15,4
26,16,1,3,6,3
27,17,4,3,17,2
28,7,1,1,18,3
29,9,4,3,1,4
30,11,1,2,14,4
31,17,4,1,14,1
32,11,1,1,19,1
33,15,3,3,6,3
34,14,1,1,15,3
35,18,1,1,11,2
36,1,1,3,18,3
37,18,1,3,2,1
38,3,1,2,18,3
39,11,1,3,17,1
40,14,1,2,3,3
41,9,4,1,20,1
42,19,4,3,21,2
43,8,3,3,20,2
44,19,4,1,13,4
45,20,4,2,6,3
46,21,1,4,22,4
47,6,1,1,4,3
48,17,4,3,5,1
49,6,1,3,21,3
50,16,1,2,22,2
51,1,1,3,17,2
52,12,1,4,1,1
53,18,1,3,15,3
54,12,1,2,16,1
55,8,3,3,19,3
56,15,3,3,13,1
57,22,4,4,19,3
58,8,3,3,4,3
59,16,1,3,5,3
60,23,4,1,23,2
61,2,1,1,19,3
62,19,4,3,21,1
63,5,2,2,24,2
64,13,4,1,13,1
65,24,2,2,15,4
66,22,4,3,8,2
67,1,1,2,24,1
68,8,3,1,1,1
69,9,4,1,6,3
70,23,4,2,18,3
71,23,4,3,24,4
72,11,1,1,10,3
73,11,1,3,9,1
74,14,1,3,12,2
75,25,4,1,11,2
76,19,4,3,25,3
77,20,4,2,12,3
78,11,1,1,10,3
79,12,1,3,2,2
80,15,3,3,9,1
81,4,2,4,25,3
82,10,2,1,2,3
83,14,1,2,9,2
84,11,1,3,3,3
85,8,3,2,16,2
86,13,4,3,5,1
87,16,1,1,7,2
88,10,2,3,15,4
89,18,1,3,21,4
90,15,3,4,7,4
91,20,4,1,11,3
92,19,4,2,15,1
93,15,3,3,9,1
94,2,1,3,8,4
95,12,1,2,6,2
96,5,2,1,7,4
97,25,4,2,10,2
98,10,2,3,12,1
99,3,1,4,12,2
100,16,1,4,22,3
101,13,4,3,2,4
102,8,3,4,4,2
103,21,1,1,11,1
104,24,2,1,17,1
105,13,4,1,7,2
106,22,4,3,5,4
107,15,3,1,4,3
108,5,2,1,9,1
109,21,1,1,8,2
110,18,1,3,11,2
111,22,4,3,14,3
112,23,4,1,8,3
113,25,4,3,17,2
114,20,4,1,2,1
115,8,3,2,25,3
116,12,1,3,1,2
117,10,2,2,25,2
118,4,2,1,23,3
119,2,1,1,21,4
120,8,3,3,21,4
121,20,4,1,17,3
122,7,1,3,9,1
123,22,4,1,19,2
124,2,1,1,19,4
125,2,1,3,1,2
126,7,1,3,22,1
127,7,1,1,7,2
128,2,1,3,1,1
129,19,4,3,10,2
130,11,1,4,9,3
131,19,4,1,11,4
132,12,1,1,22,3
133,22,4,3,21,4
134,2,1,3,11,1
135,20,4,1,1,4
136,4,2,3,8,4
137,1,1,3,4,1
138,5,2,3,3,2
139,12,1,3,2,1
140,8,3,3,4,4
141,6,1,1,23,4
142,25,4,3,3,4
143,15,3,1,11,4
144,8,3,3,20,4
145,10,2,3,6,4
146,17,4,3,12,4
147,12,1,2,14,4
148,10,2,3,8,3
149,25,4,3,1,4
150,14,1,3,4,3
151,24,2,1,18,4
152,13,4,1,3,4
153,6,1,2,19,3
154,16,1,3,2,1
155,11,1,3,5,4
156,21,1,2,9,2
157,7,1,3,13,4
158,20,4,2,23,4
159,6,1,4,12,4
160,25,4,3,5,4
161,25,4,3,21,3
162,22,4,3,9,4
163,13,4,3,3,3
164,12,1,3,8,3
165,9,4,2,8,2
166,9,4,2,23,1
167,5,2,4,22,4
168,25,4,3,15,4
169,10,2,3,24,3
170,15,3,2,10,3
171,6,1,3,2,4
172,7,1,3,25,3
173,17,4,3,11,3
174,20,4,3,3,4
175,10,2,1,19,1
176,8,3,1,11,4
177,22,4,1,14,2
178,16,1,1,24,4
179,12,1,1,13,4
180,24,2,3,11,4
181,4,2,1,15,4
182,14,1,3,20,3
183,25,4,4,8,3
184,12,1,4,20,2
185,5,2,1,18,2
186,18,1,4,6,3
187,22,4,2,13,3
188,10,2,2,8,2
189,16,1,3,7,2
190,1,1,3,2,4
191,8,3,4,20,4
192,20,4,3,1,4
193,10,2,1,3,3
194,23,4,2,6,4
195,22,4,3,9,2
196,15,3,3,24,4
197,24,2,3,13,3
198,19,4,3,14,4
199,17,4,3,3,1
200,20,4,4,15,3
201,11,1,2,12,3
202,1,1,2,20,4
203,20,4,1,24,2
204,19,4,2,23,4
205,5,2,3,23,4
206,6,1,3,6,1
207,18,1,1,6,3
208,25,4,3,6,3
209,12,1,3,10,2
210,4,2,2,9,1
211,15,3,1,12,4
212,12,1,1,2,4
213,9,4,1,25,4
214,9,4,1,16,4
215,15,3,1,25,3
216,19,4,2,21,2
217,7,1,1,23,2
218,13,4,3,8,1
219,18,1,2,24,2
220,23,4,3,18,2
221,5,2,2,22,2
222,20,4,4,24,3
223,25,4,4,1,2
224,14,1,3,3,2
225,21,1,2,20,3
226,15,3,3,9,2
227,10,2,1,11,2
228,3,1,3,3,1
229,21,1,3,4,2
230,4,2,2,6,2
231,19,4,1,9,4
232,1,1,3,25,2
233,17,4,1,8,1
234,2,1,4,23,4
235,25,4,2,6,3
236,13,4,3,18,1
237,8,3,1,15,1
238,11,1,3,20,3
239,12,1,3,16,4
240,14,1,1,23,3
241,2,1,4,3,1
242,16,1,3,16,1
243,8,3,1,1,3
244,17,4,3,9,1
245,23,4,2,22,2
246,4,2,1,5,3
247,13,4,4,20,2
248,2,1,4,19,2
249,23,4,3,25,1
250,9,4,2,12,4
251,12,1,1,14,4
252,9,4,4,10,1
253,7,1,3,11,3
254,24,2,1,18,1
255,13,4,3,4,1
256,19,4,3,5,2
257,17,4,4,11,2
258,9,4,3,17,3
259,25,4,2,13,2
260,3,1,3,10,4
261,20,4,2,17,1
262,3,1,1,24,1
263,14,1,3,12,3
264,7,1,3,8,3
265,14,1,2,5,4
266,22,4,3,1,2
267,17,4,1,4,3
268,2,1,3,9,2
269,10,2,3,5,2
270,1,1,3,5,1
271,3,1,4,21,4
272,13,4,4,23,3
273,17,4,3,20,3
274,8,3,2,6,2
275,17,4,3,22,2
276,22,4,4,13,1
277,12,1,4,3,4
278,6,1,3,15,1
279,2,1,3,21,2
280,5,2,1,3,3
281,4,2,2,18,4
282,23,4,4,5,2
283,12,1,3,12,3
284,2,1,2,2,4
285,12,1,3,17,3
286,9,4,4,23,3
287,17,4,1,1,3
288,19,4,1,25,2
289,18,1,3,13,1
290,8,3,3,23,4
291,18,1,3,22,1
292,11,1,4,11,4
293,10,2,3,15,2
294,9,4,3,4,2
295,12,1,3,10,2
296,13,4,3,22,1
297,4,2,2,13,2
298,10,2,4,8,3
299,18,1,3,13,1
300,5,2,3,2,3
301,20,4,3,12,2
302,12,1,3,15,2
303,2,1,1,9,3
304,4,2,3,3,3
305,11,1,3,15,1
306,2,1,3,12,4
307,15,3,2,4,3
308,25,4,3,21,1
309,9,4,3,20,4
310,11,1,3,23,2
311,14,1,3,5,1
312,3,1,1,6,1
313,14,1,1,15,2
314,11,1,3,7,2
315,14,1,3,8,3
316,17,4,4,21,2
317,9,4,3,5,4
318,2,1,1,12,4
319,22,4,3,20,1
320,7,1,4,4,2
321,17,4,1,4,3
322,5,2,1,21,3
323,23,4,2,18,1
324,16,1,3,21,1
325,6,1,3,9,3
326,14,1,3,5,1
327,19,4,3,4,4
328,8,3,3,12,3
329,8,3,3,23,4
330,21,1,2,4,3
331,2,1,3,20,1
332,6,1,1,20,4
333,6,1,3,2,1
334,2,1,3,12,1
335,1,1,3,13,4
336,2,1,1,2,2
337,20,4,2,21,4
338,2,1,3,18,1
339,16,1,3,6,1
340,7,1,3,12,2
341,7,1,1,25,3
342,20,4,2,25,3
343,8,3,3,9,2
344,4,2,3,8,3
345,12,1,3,5,1
346,10,2,2,9,1
347,3,1,1,11,2
348,4,2,1,17,4
349,1,1,3,20,4
350,20,4,3,15,1
351,2,1,3,11,2
352,12,1,3,12,1
353,3,1,4,23,4
354,5,2,1,23,4
355,17,4,2,9,4
356,17,4,4,24,4
357,14,1,1,14,2
358,23,4,3,9,2
359,20,4,4,24,3
360,5,2,3,9,1
361,14,1,3,12,3
362,18,1,3,4,2
363,5,2,3,5,4
364,7,1,1,23,1
365,10,2,1,5,3
366,25,4,4,1,3
367,21,1,3,3,2
368,11,1,4,18,2
369,9,4,3,5,2
370,23,4,3,6,3
371,19,4,3,9,1
372,5,2,2,7,1
373,2,1,1,21,3
374,8,3,1,4,3
375,17,4,2,8,2
376,13,4,3,9,3
377,10,2,2,1,4
378,19,4,3,6,2
379,11,1,1,21,1
380,18,1,2,24,4
381,22,4,4,20,4
382,17,4,1,13,1
383,3,1,3,16,1
384,13,4,2,24,4
385,2,1,3,20,4
386,7,1,2,23,4
387,17,4,1,19,2
388,8,3,1,6,3
389,9,4,3,21,3
390,24,2,1,8,2
391,25,4,3,22,1
392,2,1,1,1,2
393,18,1,4,14,2
394,10,2,1,2,4
395,19,4,3,20,2
396,5,2,1,19,1
397,11,1,2,14,4
398,23,4,3,22,4
399,24,2,2,6,1
400,19,4,1,25,4
401,24,2,3,15,1
402,18,1,1,21,4
403,22,4,1,18,4
404,5,2,3,21,1
405,18,1,3,22,2
406,3,1,2,6,3
407,25,4,3,16,2
408,16,1,4,12,2
409,5,2,1,4,2
410,7,1,3,19,1
411,2,1,1,13,2
412,3,1,3,22,3
413,15,3,3,23,3
414,17,4,2,4,3
415,22,4,1,11,1
416,8,3,3,13,1
417,23,4,1,9,2
418,4,2,1,20,4
419,2,1,1,8,2
420,7,1,2,12,1
421,21,1,2,16,2
422,6,1,3,11,1
423,14,1,3,8,4
424,19,4,1,12,2
425,2,1,3,10,1
426,3,1,2,12,1
427,14,1,3,11,1
428,22,4,1,14,1
429,8,3,4,10,1
430,4,2,3,10,1
431,6,1,3,19,3
432,20,4,1,18,1
433,6,1,2,22,4
434,12,1,3,21,4
435,10,2,1,7,2
436,8,3,4,9,1
437,14,1,1,18,3
438,17,4,3,16,3
439,23,4,3,3,1
440,15,3,3,3,3
441,6,1,4,2,1
442,16,1,3,2,1
443,13,4,3,9,4
444,13,4,3,24,3
445,11,1,3,17,3
446,24,2,3,9,4
447,6,1,3,6,3
448,7,1,2,3,2
449,25,4,3,23,3
450,17,4,1,16,3
451,24,2,1,20,3
452,17,4,3,7,3
453,14,1,3,11,3
454,17,4,4,16,1
455,15,3,2,10,3
456,1,1,4,10,4
457,1,1,2,22,4
458,25,4,3,25,2
459,7,1,1,14,1
460,20,4,1,14,1
461,10,2,1,12,3
462,24,2,3,23,1
463,15,3,3,4,4
464,17,4,2,21,3
465,13,4,3,6,1
466,12,1,3,7,3
467,3,1,1,3,1
468,22,4,2,21,2
469,22,4,2,16,4
470,7,1,1,7,4
471,11,1,1,12,3
472,19,4,4,4,1
473,3,1,1,1,1
474,8,3,1,9,2
475,2,1,4,2,3
476,5,2,1,24,3
477,19,4,3,24,2
478,2,1,3,15,3
479,17,4,4,3,1
480,9,4,1,23,1
481,16,1,3,1,3
482,20,4,1,16,4
483,23,4,3,23,1
484,16,1,3,4,4
485,20,4,1,13,3
486,10,2,2,25,2
487,4,2,3,5,4
488,15,3,1,17,1
489,2,1,1,9,2
490,21,1,3,15,3
491,5,2,3,6,1
492,8,3,3,6,3
493,6,1,3,14,4
494,22,4,4,17,3
495,24,2,3,22,1
496,9,4,4,18,4
497,11,1,2,2,4
498,5,2,2,6,1
499,24,2,3,13,2
500,10,2,1,6,1
501,18,1,1,8,4
502,24,2,3,18,2
503,14,1,2,18,4
504,10,2,3,13,3
505,10,2,3,2,1
506,18,1,1,1,2
507,19,4,3,9,4
508,7,1,3,24,2
509,17,4,2,23,1
510,18,1,1,18,3
511,6,1,3,12,4
512,6,1,1,23,4
513,25,4,1,16,1
514,19,4,3,16,4
515,12,1,2,9,1
516,20,4,1,5,2
517,16,1,1,22,4
518,24,2,1,6,4
519,1,1,3,20,4
520,23,4,1,25,3
521,13,4,3,4,2
522,7,1,1,10,1
523,25,4,3,25,2
524,4,2,3,21,2
525,6,1,3,10,3
526,8,3,3,18,2
527,14,1,2,17,1
528,18,1,1,23,1
529,5,2,2,20,1
530,7,1,3,21,4
531,8,3,4,24,1
532,4,2,1,8,4
533,14,1,1,14,1
534,4,2,1,7,2
535,25,4,1,7,4
536,18,1,1,2,2
537,15,3,2,2,4
538,1,1,2,3,3
539,21,1,4,15,2
540,8,3,3,11,1
541,11,1,3,13,2
542,15,3,1,1,4
543,24,2,4,12,2
544,12,1,2,17,2
545,4,2,2,23,3
546,8,3,1,24,3
547,16,1,3,19,1
548,15,3,3,25,1
549,22,4,3,14,1
550,22,4,2,9,4
551,23,4,3,9,3
552,8,3,4,15,4
553,18,1,3,16,4
554,13,4,3,4,1
555,5,2,3,17,3
556,25,4,3,4,4
557,8,3,1,22,1
558,6,1,3,4,2
559,5,2,1,12,4
560,19,4,3,22,4
561,17,4,1,17,4
562,15,3,3,25,4
563,3,1,3,25,3
564,10,2,3,14,4
565,16,1,3,9,1
566,22,4,1,13,4
567,5,2,3,22,2
568,1,1,2,17,1
569,14,1,1,17,3
570,12,1,3,7,4
571,18,1,4,8,4
572,15,3,4,18,2
573,19,4,4,18,3
574,14,1,3,5,3
575,5,2,1,17,4
576,3,1,3,16,4
577,20,4,3,14,1
578,12,1,3,14,4
579,4,2,3,8,4
580,4,2,3,11,1
581,2,1,3,21,2
582,2,1,4,5,1
583,15,3,1,3,2
584,7,1,1,23,2
585,21,1,3,4,2
586,21,1,3,1,4
587,16,1,2,25,1
588,21,1,2,2,4
589,24,2,3,11,4
590,6,1,3,21,4
591,23,4,2,3,4
592,22,4,1,9,4
593,24,2,3,19,4
594,8,3,2,15,1
595,16,1,2,19,1
596,10,2,3,6,3
597,10,2,4,4,3
598,17,4,1,10,3
599,11,1,1,15,1
600,24,2,1,12,2
601,20,4,3,5,2
602,22,4,3,2,3
603,10,2,1,13,3
604,9,4,1,15,1
605,13,4,2,7,4
606,20,4,4,5,1
607,19,4,3,25,2
608,16,1,1,8,4
609,22,4,2,10,4
610,2,1,1,8,4
611,7,1,3,5,3
612,19,4,3,14,1
613,20,4,1,13,4
614,8,3,1,13,4
615,17,4,3,13,1
616,4,2,1,9,3
617,25,4,1,12,2
618,22,4,3,2,4
619,15,3,1,18,2
620,22,4,3,5,3
621,22,4,3,14,4
622,13,4,2,17,4
623,21,1,2,16,2
624,10,2,3,4,4
625,14,1,4,7,4
626,17,4,3,17,4
627,13,4,3,22,2
628,4,2,1,14,1
629,2,1,3,4,4
630,10,2,1,20,2
631,17,4,2,6,4
632,24,2,2,11,3
633,22,4,3,17,1
634,4,2,3,21,2
635,5,2,3,12,3
636,16,1,3,19,4
637,9,4,3,22,3
638,2,1,3,18,1
639,4,2,2,25,3
640,11,1,1,9,2
641,12,1,3,1,3
642,1,1,3,17,1
643,12,1,1,17,2
644,2,1,4,15,1
645,22,4,2,25,3
646,16,1,2,8,3
647,24,2,4,7,2
648,1,1,4,5,3
649,16,1,3,19,1
650,14,1,1,21,2
651,25,4,3,24,2
652,20,4,1,23,3
653,13,4,3,20,1
654,19,4,3,9,1
655,9,4,1,1,3
656,9,4,2,8,4
657,3,1,3,20,3
658,15,3,3,4,1
659,22,4,2,4,4
660,7,1,2,10,2
661,8,3,3,9,4
662,6,1,4,15,4
663,25,4,1,24,4
664,11,1,3,5,4
665,14,1,3,22,1
666,14,1,3,16,2
667,16,1,1,3,1
668,13,4,2,25,1
669,18,1,2,3,4
670,15,3,3,1,2
671,2,1,4,8,2
672,15,3,1,14,1
673,21,1,3,16,1
674,6,1,3,22,2
675,17,4,4,20,1
676,13,4,3,23,2
677,14,1,3,16,1
678,21,1,2,3,3
679,1,1,3,12,4
680,4,2,3,3,4
681,5,2,3,24,2
682,6,1,4,8,1
683,15,3,3,19,3
684,4,2,2,11,1
685,20,4,3,23,3
686,1,1,4,24,1
687,2,1,1,20,4
688,25,4,4,3,1
689,19,4,2,16,3
690,16,1,3,21,3
691,7,1,4,17,2
692,22,4,1,6,3
693,13,4,3,18,2
694,7,1,1,3,2
695,11,1,2,5,4
696,7,1,4,16,3
697,23,4,1,15,4
698,19,4,4,19,3
699,24,2,3,23,1
700,9,4,3,5,4
701,14,1,1,9,1
702,24,2,1,17,4
703,6,1,3,4,1
704,11,1,1,7,3
705,16,1,2,14,2
706,14,1,4,22,3
707,3,1,1,3,3
708,6,1,1,8,2
709,22,4,1,20,3
710,15,3,1,5,3
711,19,4,1,3,2
712,24,2,3,2,2
713,1,1,4,14,3
714,16,1,3,13,3
715,15,3,3,24,4
716,3,1,1,15,2
717,17,4,3,9,2
718,21,1,1,15,2
719,6,1,3,16,3
720,7,1,1,3,3
721,17,4,1,21,4
722,1,1,1,6,3
723,2,1,2,25,3
724,17,4,1,18,4
725,18,1,4,15,4
726,20,4,1,6,1
727,7,1,1,23,3
728,2,1,2,1,1
729,3,1,3,7,1
730,13,4,1,20,3
731,24,2,3,22,3
732,8,3,3,17,2
733,6,1,1,25,2
734,11,1,1,18,4
735,6,1,2,11,1
736,13,4,3,21,4
737,11,1,1,2,2
738,13,4,3,12,2
739,13,4,1,21,1
740,7,1,2,8,3
741,3,1,3,21,3
742,18,1,4,23,3
743,14,1,3,5,3
744,13,4,1,1,4
745,24,2,2,5,2
746,18,1,1,21,4
747,4,2,3,17,1
748,7,1,1,10,2
749,20,4,1,19,4
750,19,4,3,9,1
751,18,1,1,11,4
752,25,4,1,22,4
753,19,4,1,23,4
754,24,2,3,12,4
755,25,4,1,7,2
756,8,3,3,11,2
757,23,4,2,21,3
758,16,1,3,17,4
759,10,2,1,16,3
760,11,1,4,15,1
761,25,4,4,11,4
762,17,4,1,23,4
763,23,4,3,7,4
764,2,1,3,19,2
765,12,1,4,6,4
766,5,2,3,7,3
767,25,4,3,18,1
768,8,3,3,19,4
769,22,4,4,17,2
770,21,1,3,6,2
771,5,2,3,1,2
772,2,1,1,18,4
773,3,1,1,12,4
774,20,4,1,22,1
775,20,4,3,23,3
776,9,4,2,10,1
777,6,1,3,2,2
778,21,1,4,6,2
779,21,1,3,23,3
780,11,1,3,25,2
781,10,2,3,3,2
782,19,4,1,22,1
783,16,1,3,15,3
784,18,1,1,8,1
785,3,1,3,16,1
786,7,1,2,8,2
787,20,4,2,12,1
788,9,4,2,15,2
789,14,1,4,23,3
790,9,4,2,8,4
791,2,1,3,22,3
792,19,4,2,24,3
793,5,2,3,11,2
794,14,1,1,2,3
795,22,4,4,23,1
796,4,2,3,20,3
797,21,1,4,14,4
798,8,3,3,11,4
799,21,1,3,11,2
800,23,4,1,19,3
801,21,1,2,10,3
802,23,4,1,25,4
803,14,1,3,12,1
804,7,1,1,6,1
805,24,2,3,2,3
806,11,1,1,4,3
807,3,1,1,5,3
808,18,1,2,19,1
809,10,2,1,13,4
810,24,2,3,11,4
811,19,4,2,13,4
812,5,2,3,15,1
813,24,2,3,9,3
814,9,4,2,9,3
815,6,1,3,7,1
816,20,4,1,12,2
817,2,1,1,18,3
818,9,4,2,1,2
819,6,1,3,16,1
820,13,4,2,12,1
821,5,2,3,3,2
822,16,1,3,15,2
823,6,1,1,24,1
824,13,4,3,15,1
825,1,1,3,4,2
826,23,4,4,19,4
827,11,1,3,8,1
828,10,2,2,15,4
829,21,1,3,16,4
830,21,1,2,6,2
831,7,1,3,2,4
832,25,4,3,17,3
833,15,3,1,25,4
834,9,4,3,8,4
835,22,4,3,22,3
836,24,2,1,22,3
837,25,4,1,11,1
838,16,1,1,19,2
839,8,3,3,1,2
840,6,1,1,12,2
841,6,1,1,12,3
842,2,1,3,20,3
843,6,1,3,11,2
844,16,1,2,20,3
845,4,2,1,8,1
846,23,4,4,5,1
847,24,2,3,7,2
848,16,1,1,25,4
849,4,2,3,13,4
850,3,1,2,5,2
851,10,2,1,3,1
852,4,2,3,17,3
853,11,1,1,23,2
854,20,4,1,21,1
855,14,1,1,25,2
856,21,1,1,10,2
857,6,1,3,10,3
858,7,1,1,18,4
859,15,3,1,9,4
860,16,1,3,12,1
861,10,2,3,2,2
862,12,1,4,15,2
863,8,3,3,5,1
864,5,2,3,18,3
865,3,1,2,5,1
866,1,1,1,5,1
867,13,4,3,13,3
868,15,3,3,3,2
869,11,1,3,15,3
870,20,4,3,6,2
871,16,1,3,25,4
872,9,4,3,5,2
873,3,1,3,7,2
874,24,2,3,7,3
875,15,3,3,24,4
876,4,2,1,1,3
877,23,4,1,1,3
878,9,4,3,21,1
879,13,4,2,14,3
880,12,1,2,13,2
881,22,4,1,17,2
882,4,2,3,6,3
883,24,2,3,18,4
884,5,2,2,10,4
885,12,1,1,23,1
886,11,1,1,8,4
887,7,1,2,19,3
888,9,4,1,3,1
889,19,4,2,10,2
890,23,4,2,9,4
891,25,4,2,8,2
892,12,1,2,13,3
893,7,1,1,1,3
894,22,4,3,17,2
895,16,1,1,8,2
896,20,4,4,9,2
897,17,4,3,13,2
898,6,1,3,1,2
899,23,4,1,17,2
900,2,1,3,16,3
901,20,4,1,1,4
902,19,4,1,11,3
903,20,4,3,20,3
904,15,3,3,25,1
905,18,1,1,24,2
906,11,1,2,18,2
907,14,1,3,17,2
908,2,1,1,18,1
909,13,4,3,3,1
910,23,4,1,6,4
911,16,1,2,7,2
912,14,1,3,14,1
913,16,1,3,15,1
914,5,2,3,23,4
915,11,1,1,8,3
916,11,1,1,8,1
917,3,1,2,25,2
918,2,1,3,2,2
919,7,1,3,21,2
920,6,1,1,15,1
921,23,4,4,10,3
922,8,3,1,6,3
923,5,2,3,18,4
924,6,1,3,6,2
925,21,1,4,20,1
926,3,1,1,12,1
927,3,1,4,15,2
928,5,2,1,14,3
929,11,1,4,23,1
930,24,2,3,4,4
931,18,1,1,15,4
932,8,3,3,6,1
933,12,1,1,25,1
934,5,2,3,24,2
935,3,1,2,23,2
936,16,1,1,4,4
937,10,2,3,7,3
938,7,1,3,24,3
939,1,1,2,12,4
940,18,1,1,22,1
941,23,4,2,2,2
942,9,4,1,14,1
943,11,1,3,18,1
944,20,4,1,18,1
945,23,4,2,1,2
946,24,2,3,11,3
947,8,3,4,25,2
948,1,1,3,5,1
949,20,4,1,9,3
950,3,1,3,9,3
951,22,4,4,3,1
952,11,1,3,18,3
953,20,4,2,17,4
954,13,4,2,18,2
955,20,4,2,3,4
956,11,1,1,13,3
957,6,1,4,18,2
958,19,4,4,11,2
959,5,2,4,20,1
960,12,1,3,18,2
961,17,4,4,22,2
962,24,2,1,9,4
963,13,4,1,15,2
964,24,2,1,15,2
965,4,2,3,20,2
966,24,2,1,14,2
967,11,1,3,19,2
968,16,1,2,6,3
969,7,1,1,1,3
970,8,3,2,7,4
971,3,1,2,2,1
972,13,4,3,18,3
973,5,2,1,10,1
974,15,3,3,12,4
975,12,1,3,20,2
976,2,1,3,9,3
977,18,1,3,1,4
978,23,4,3,14,2
979,25,4,3,3,3
980,20,4,2,19,4
981,24,2,2,24,2
982,23,4,3,6,2
983,8,3,2,17,3
984,20,4,1,22,1
985,10,2,3,15,3
986,9,4,3,1,4
987,19,4,2,16,2
988,9,4,3,5,3
989,14,1,3,21,1
990,10,2,3,20,2
991,13,4,2,23,2
992,7,1,4,4,2
993,15,3,3,1,1
994,4,2,3,16,1
995,10,2,1,11,4
996,17,4,3,24,2
997,4,2,1,2,3
998,14,1,3,18,2
999,10,2,3,4,2
1000,21,1,1,19,2
1001,21,1,3,17,1
1002,11,1,3,21,4
1003,10,2,3,4,2
1004,20,4,3,15,4
1005,22,4,3,14,3
1006,22,4,3,10,1
1007,14,1,2,13,3
1008,25,4,4,3,2
1009,19,4,3,7,2
1010,16,1,3,6,3
1011,3,1,4,1,2
1012,22,4,1,22,2
1013,4,2,1,12,3
1014,23,4,4,15,3
1015,10,2,3,11,3
1016,25,4,3,18,3
1017,23,4,4,25,3
1018,15,3,1,21,4
1019,11,1,4,5,2
1020,6,1,2,20,1
1021,19,4,3,14,4
1022,8,3,2,13,1
1023,9,4,3,13,1
1024,13,4,2,3,1
1025,18,1,3,8,3
1026,6,1,3,9,1
1027,9,4,1,3,1
1028,17,4,1,12,3
1029,16,1,2,13,3
1030,25,4,3,8,2
1031,8,3,1,25,1
1032,4,2,3,12,2
1033,24,2,3,13,4
1034,14,1,2,6,2
1035,21,1,3,9,4
1036,1,1,3,19,4
1037,9,4,3,23,4
1038,17,4,4,19,2
1039,14,1,4,18,4
1040,23,4,3,24,4
1041,3,1,2,24,4
1042,6,1,3,21,3
1043,23,4,3,2,2
1044,3,1,3,15,2
1045,3,1,1,12,3
1046,2,1,1,14,4
1047,5,2,3,24,1
1048,21,1,2,9,4
1049,21,1,1,23,4
1050,13,4,2,8,4
1051,5,2,3,20,1
1052,21,1,3,22,4
1053,10,2,4,7,4
1054,1,1,3,25,2
1055,7,1,1,18,1
1056,15,3,3,21,2
1057,2,1,1,14,1
1058,15,3,2,2,2
1059,19,4,1,11,3
1060,15,3,3,20,1
1061,2,1,2,1,3
1062,8,3,3,1,3
1063,24,2,3,19,4
1064,16,1,2,22,3
1065,20,4,3,11,2
1066,18,1,4,25,2
1067,8,3,3,17,1
1068,11,1,2,16,3
1069,6,1,3,9,4
1070,12,1,4,4,4
1071,17,4,3,24,3
1072,20,4,3,20,3
1073,7,1,1,10,4
1074,19,4,4,8,2
1075,17,4,2,4,4
1076,13,4,1,22,3
1077,8,3,1,5,2
1078,15,3,3,7,1
1079,2,1,3,6,4
1080,8,3,2,25,3
1081,19,4,1,25,4
1082,23,4,4,19,2
1083,20,4,4,18,1
1084,22,4,1,12,3
1085,18,1,2,8,4
1086,17,4,3,3,1
1087,13,4,3,9,1
1088,3,1,2,4,1
1089,14,1,3,3,1
1090,22,4,3,6,2
1091,19,4,3,11,2
1092,2,1,1,13,2
1093,17,4,1,24,2
1094,5,2,2,22,1
1095,17,4,3,14,1
1096,8,3,2,16,3
1097,8,3,2,20,4
1098,13,4,3,14,3
1099,9,4,2,3,2
1100,2,1,3,16,4
1101,14,1,1,10,2
1102,25,4,4,6,4
1103,2,1,3,16,4
1104,16,1,2,5,2
1105,20,4,3,20,4
1106,18,1,2,9,2
1107,12,1,1,11,1
1108,5,2,3,16,4
1109,7,1,3,12,4
1110,16,1,1,11,1
1111,16,1,1,18,4
1112,10,2,2,9,3
1113,16,1,4,7,2
1114,13,4,3,8,3
1115,12,1,1,11,4
1116,20,4,2,16,4
1117,22,4,3,5,1
1118,13,4,1,13,2
1119,23,4,3,8,3
1120,17,4,3,22,2
1121,5,2,3,24,1
1122,18,1,4,16,4
1123,9,4,2,5,2
1124,20,4,2,8,4
1125,2,1,3,21,2
1126,4,2,3,13,3
1127,19,4,1,20,1
1128,6,1,4,2,2
1129,25,4,1,5,1
1130,16,1,4,4,1
1131,17,4,3,13,3
1132,6,1,3,14,2
1133,16,1,2,12,2
1134,10,2,4,24,1
1135,18,1,3,19,3
1136,12,1,1,16,1
1137,9,4,2,18,3
1138,6,1,4,7,1
1139,14,1,3,8,3
1140,8,3,1,8,2
1141,3,1,3,4,1
1142,25,4,2,6,1
1143,18,1,1,15,2
1144,24,2,1,12,1
1145,3,1,2,22,4
1146,5,2,1,7,3
1147,5,2,3,22,3
1148,20,4,4,17,1
1149,14,1,3,11,2
1150,17,4,1,18,2
1151,17,4,2,17,1
1152,1,1,3,1,2
1153,9,4,3,10,4
1154,6,1,3,7,3
1155,11,1,1,18,2
1156,18,1,2,17,4
1157,10,2,3,10,3
1158,23,4,3,5,4
1159,23,4,1,21,3
1160,9,4,1,25,4
1161,19,4,2,25,3
1162,7,1,2,21,4
1163,4,2,3,25,1
1164,14,1,1,4,3
1165,11,1,3,15,1
1166,18,1,3,6,1
1167,11,1,2,13,1
1168,21,1,4,20,3
1169,19,4,1,11,3
1170,22,4,2,1,4
1171,12,1,2,17,2
1172,21,1,3,13,2
1173,8,3,1,16,2
1174,17,4,3,22,1
1175,22,4,3,14,1
1176,23,4,3,20,2
1177,11,1,3,17,1
1178,12,1,3,14,2
1179,11,1,3,12,2
1180,18,1,3,25,3
1181,12,1,2,20,2
1182,7,1,1,12,3
1183,17,4,3,2,2
1184,14,1,3,23,2
1185,23,4,2,22,4
1186,3,1,3,24,2
1187,3,1,3,20,3
1188,20,4,1,2,4
1189,1,1,3,24,3
1190,6,1,4,12,3
1191,6,1,3,21,1
1192,18,1,1,5,1
1193,8,3,3,3,3
1194,15,3,1,7,4
1195,16,1,2,12,1
1196,19,4,3,4,1
1197,23,4,3,2,1
1198,5,2,1,11,4
1199,21,1,3,19,3
1200,4,2,3,22,4
1201,8,3,4,14,1
1202,10,2,4,14,3
1203,19,4,2,9,2
1204,5,2,3,21,1
1205,23,4,3,7,2
1206,9,4,3,9,2
1207,9,4,2,18,4
1208,24,2,3,4,3
1209,24,2,2,17,1
1210,14,1,3,25,1
1211,13,4,3,9,4
1212,16,1,3,15,2
1213,10,2,3,23,3
1214,9,4,4,14,2
1215,15,3,3,25,4
1216,1,1,1,7,1
1217,14,1,4,13,3
1218,24,2,4,18,4
1219,24,2,3,18,2
1220,2,1,3,10,1
1221,25,4,3,15,1
1222,21,1,3,17,1
1223,3,1,1,24,4
1224,14,1,1,17,1
1225,7,1,3,23,3
1226,25,4,2,3,4
1227,4,2,2,18,4
1228,1,1,1,23,2
1229,15,3,2,23,1
1230,17,4,4,2,1
1231,20,4,1,19,2
1232,21,1,3,10,2
1233,9,4,3,5,3
1234,14,1,1,20,1
1235,25,4,3,22,4
1236,2,1,3,17,2
1237,20,4,3,4,3
1238,11,1,2,5,2
1239,14,1,3,11,1
1240,8,3,4,24,2
1241,19,4,1,4,1
1242,16,1,4,7,1
1243,21,1,3,13,3
1244,1,1,2,7,2
1245,21,1,2,6,3
1246,11,1,3,11,4
1247,16,1,3,5,1
1248,18,1,3,5,2
1249,20,4,4,17,1
1250,24,2,3,16,1
1251,3,1,4,8,1
1252,7,1,4,21,2
1253,4,2,1,24,4
1254,4,2,4,17,1
1255,5,2,4,14,2
1256,20,4,3,16,4
1257,8,3,2,9,1
1258,11,1,1,10,2
1259,24,2,4,10,2
1260,12,1,3,3,4
1261,6,1,4,15,2
1262,6,1,1,2,3
1263,24,2,1,19,1
1264,16,1,1,19,1
1265,2,1,2,25,1
1266,6,1,3,13,2
1267,1,1,3,16,4
1268,18,1,2,1,2
1269,15,3,4,5,1
1270,17,4,3,13,2
1271,16,1,3,15,4
1272,17,4,2,1,2
1273,4,2,3,21,1
1274,3,1,1,6,2
1275,20,4,3,9,2
1276,2,1,2,3,4
1277,24,2,1,3,2
1278,1,1,1,15,2
1279,7,1,3,11,4
1280,16,1,1,5,4
1281,14,1,1,4,1
1282,23,4,3,9,2
1283,6,1,1,11,1
1284,6,1,3,11,1
1285,11,1,3,14,2
1286,25,4,3,5,4
1287,25,4,1,23,1
1288,3,1,4,25,1
1289,23,4,4,5,1
1290,15,3,3,17,4
1291,12,1,3,22,2
1292,4,2,2,20,2
1293,23,4,3,2,3
1294,2,1,4,23,4
1295,6,1,3,6,3
1296,5,2,3,9,4
1297,3,1,2,12,2
1298,4,2,3,6,3
1299,14,1,2,22,3
1300,23,4,1,12,4
1301,18,1,3,5,2
1302,6,1,3,21,4
1303,5,2,3,10,4
1304,1,1,1,6,3
1305,22,4,2,21,2
1306,14,1,4,16,2
1307,2,1,1,19,1
1308,8,3,1,14,3
1309,11,1,1,17,3
1310,1,1,1,13,3
1311,16,1,1,19,1
1312,10,2,3,2,4
1313,18,1,3,11,1
1314,10,2,3,13,3
1315,24,2,2,24,3
1316,7,1,1,15,2
1317,23,4,2,13,2
1318,14,1,3,15,2
1319,7,1,3,2,2
1320,13,4,3,24,2
1321,20,4,4,12,4
1322,18,1,1,21,1
1323,14,1,3,11,1
1324,7,1,3,23,2
1325,17,4,2,21,3
1326,22,4,1,10,3
1327,10,2,3,22,2
1328,8,3,3,3,1
1329,2,1,3,21,1
1330,25,4,3,22,4
1331,9,4,3,5,4
1332,21,1,3,13,2
1333,16,1,2,10,2
1334,14,1,3,13,1
1335,8,3,2,4,2
1336,24,2,3,13,4
1337,5,2,3,5,2
1338,2,1,1,6,2
1339,9,4,2,23,1
1340,23,4,1,9,1
1341,23,4,3,16,4
1342,16,1,4,23,4
1343,13,4,4,23,3
1344,5,2,3,22,2
1345,18,1,2,11,4
1346,11,1,3,4,4
1347,16,1,1,4,1
1348,2,1,3,18,3
1349,23,4,4,8,2
1350,21,1,4,14,2
1351,13,4,3,21,4
1352,8,3,1,2,3
1353,20,4,4,21,2
1354,14,1,3,12,1
1355,22,4,3,1,2
1356,7,1,3,25,3
1357,15,3,3,18,2
1358,22,4,2,17,3
1359,19,4,4,7,2
1360,16,1,2,18,1
1361,12,1,1,14,4
1362,11,1,3,20,4
1363,8,3,3,1,4
1364,1,1,1,17,3
1365,20,4,1,23,4
1366,9,4,3,24,1
1367,23,4,3,24,4
1368,23,4,2,14,4
1369,6,1,1,21,3
1370,10,2,3,15,1
1371,19,4,1,16,3
1372,14,1,3,5,2
1373,1,1,3,1,4
1374,25,4,1,3,1
1375,9,4,3,17,4
1376,5,2,1,19,2
1377,4,2,1,7,2
1378,13,4,1,9,2
1379,15,3,4,13,4
1380,18,1,1,8,4
1381,5,2,2,20,1
1382,10,2,1,15,1
1383,15,3,1,19,1
1384,19,4,3,20,2
1385,5,2,3,20,4
1386,17,4,3,22,4
1387,15,3,3,6,4
1388,1,1,3,10,1
1389,11,1,3,13,2
1390,19,4,1,21,4
1391,20,4,3,2,3
1392,1,1,2,4,1
1393,25,4,3,23,2
1394,25,4,1,23,2
1395,8,3,1,24,4
1396,19,4,1,3,2
1397,14,1,4,13,1
1398,13,4,2,24,3
1399,11,1,3,18,3
1400,20,4,3,9,1
1401,22,4,3,17,4
1402,4,2,3,25,4
1403,13,4,1,4,3
1404,22,4,3,16,2
1405,17,4,3,5,1
1406,21,1,3,16,1
1407,6,1,1,3,2
1408,9,4,4,5,2
1409,1,1,3,23,1
1410,22,4,3,25,2
1411,20,4,3,8,3
1412,12,1,1,15,3
1413,7,1,3,5,3
1414,1,1,2,22,4
1415,21,1,3,14,3
1416,23,4,3,25,1
1417,24,2,1,6,3
1418,7,1,2,19,2
1419,6,1,3,11,3
1420,9,4,3,21,3
1421,3,1,4,1,3
1422,11,1,2,10,2
1423,11,1,1,5,4
1424,4,2,2,14,4
1425,15,3,2,22,4
1426,8,3,2,4,1
1427,14,1,3,23,3
1428,22,4,2,21,3
1429,1,1,2,15,3
1430,12,1,1,10,4
1431,4,2,2,21,3
1432,14,1,3,18,4
1433,20,4,1,14,1
1434,16,1,1,23,1
1435,2,1,1,2,3
1436,19,4,4,14,4
1437,5,2,3,1,1
1438,24,2,4,21,1
1439,8,3,3,18,2
1440,24,2,3,24,3
1441,4,2,3,7,2
1442,14,1,2,3,3
1443,16,1,2,11,2
1444,4,2,1,12,4
1445,2,1,1,7,4
1446,23,4,3,10,4
1447,3,1,4,17,3
1448,16,1,2,20,3
1449,24,2,3,14,3
1450,21,1,1,13,1
1451,11,1,2,12,1
1452,15,3,3,2,4
1453,15,3,1,25,2
1454,24,2,2,12,1
1455,5,2,1,2,1
1456,14,1,1,6,4
1457,8,3,2,9,2
1458,6,1,2,1,2
1459,2,1,3,16,2
1460,10,2,1,23,1
1461,24,2,1,11,4
1462,13,4,2,17,3
1463,5,2,2,5,3
1464,17,4,3,20,3
1465,23,4,3,16,1
1466,25,4,4,11,1
1467,7,1,3,15,3
1468,17,4,4,9,1
1469,25,4,2,6,4
1470,17,4,3,8,1
1471,4,2,3,6,2
1472,17,4,2,1,2
1473,20,4,1,3,2
1474,7,1,3,11,4
1475,2,1,2,7,4
1476,1,1,3,12,2
1477,20,4,3,24,4
1478,23,4,4,6,3
1479,25,4,3,25,3
1480,8,3,1,14,2
1481,17,4,3,10,4
1482,12,1,2,1,2
1483,25,4,2,24,2
1484,17,4,2,23,3
1485,7,1,3,12,3
1486,25,4,1,17,2
1487,5,2,2,23,2
1488,12,1,1,14,3
1489,20,4,1,7,1
1490,17,4,4,24,3
1491,5,2,1,9,2
1492,6,1,2,14,3
1493,15,3,3,2,3
1494,23,4,2,10,4
1495,18,1,3,1,2
1496,17,4,3,19,1
1497,18,1,3,8,1
1498,15,3,2,24,2
1499,2,1,3,12,3
1500,24,2,2,9,4
1501,3,1,1,2,3
1502,3,1,4,6,2
1503,14,1,3,14,3
1504,15,3,3,2,4
1505,15,3,3,12,1
1506,23,4,3,12,3
1507,6,1,1,20,4
1508,11,1,2,2,1
1509,1,1,1,20,2
1510,11,1,4,4,3
1511,1,1,4,1,4
1512,11,1,3,11,1
1513,5,2,1,6,1
1514,21,1,3,17,2
1515,10,2,1,19,1
1516,3,1,2,3,4
1517,3,1,1,22,1
1518,25,4,3,11,2
1519,23,4,3,23,1
1520,13,4,1,18,4
1521,20,4,3,19,3
1522,22,4,3,4,3
1523,7,1,1,23,2
1524,21,1,3,4,3
1525,21,1,1,7,3
1526,23,4,3,22,1
1527,15,3,1,4,3
1528,20,4,1,17,4
1529,18,1,2,17,2
1530,22,4,3,13,1
1531,8,3,3,12,2
1532,22,4,2,11,2
1533,15,3,2,6,1
1534,10,2,3,10,3
1535,1,1,3,15,3
1536,4,2,2,3,4
1537,13,4,3,22,3
1538,10,2,1,14,2
1539,11,1,1,5,4
1540,23,4,3,3,2
1541,7,1,3,17,1
1542,9,4,2,22,1
1543,1,1,3,2,1
1544,3,1,3,22,4
1545,17,4,3,2,2
1546,23,4,3,14,1
1547,5,2,4,8,3
1548,20,4,1,12,3
1549,11,1,3,6,3
1550,5,2,3,14,2
1551,13,4,2,14,3
1552,9,4,3,9,3
1553,1,1,1,8,2
1554,1,1,3,22,2
1555,7,1,2,13,1
1556,7,1,2,18,1
1557,16,1,3,10,4
1558,22,4,1,24,4
1559,13,4,4,12,4
1560,19,4,1,20,4
1561,20,4,3,12,1
1562,19,4,3,22,3
1563,19,4,3,8,1
1564,14,1,3,12,4
1565,22,4,4,3,3
1566,13,4,1,16,4
1567,5,2,2,15,1
1568,22,4,3,3,2
1569,5,2,1,23,2
1570,12,1,3,21,3
1571,14,1,1,19,1
1572,17,4,1,6,1
1573,12,1,1,4,3
1574,18,1,1,22,3
1575,12,1,2,24,2
1576,6,1,3,3,2
1577,11,1,3,4,2
1578,24,2,2,9,2
1579,14,1,2,2,1
1580,15,3,3,11,3
1581,5,2,1,18,3
1582,17,4,1,12,4
1583,23,4,1,17,2
1584,19,4,4,23,3
1585,1,1,2,6,2
1586,2,1,3,5,4
1587,24,2,3,8,4
1588,21,1,3,20,3
1589,23,4,1,18,1
1590,5,2,3,6,3
1591,3,1,2,7,1
1592,12,1,1,10,1
1593,10,2,3,18,3
1594,11,1,3,14,2
1595,9,4,4,5,3
1596,22,4,2,24,2
1597,17,4,2,7,4
1598,20,4,4,2,1
1599,17,4,3,12,4
1600,6,1,3,21,1
1601,24,2,2,23,2
1602,6,1,4,17,2
1603,13,4,2,5,1
1604,7,1,1,14,3
1605,2,1,3,4,3
1606,23,4,3,13,1
1607,18,1,2,4,2
1608,7,1,2,1,4
1609,4,2,4,18,4
1610,6,1,2,19,4
1611,21,1,1,8,2
1612,14,1,1,23,1
1613,12,1,3,22,3
1614,17,4,2,14,3
1615,18,1,2,1,3
1616,17,4,3,22,4
1617,20,4,3,15,2
1618,1,1,3,16,1
1619,4,2,1,8,3
1620,9,4,1,20,1
1621,20,4,3,5,1
1622,19,4,1,1,3
1623,7,1,2,19,1
1624,22,4,3,18,3
1625,2,1,3,4,1
1626,12,1,1,20,1
1627,5,2,1,21,3
1628,13,4,3,9,1
1629,11,1,2,12,1
1630,1,1,2,6,2
1631,10,2,3,10,3
1632,2,1,1,11,3
1633,25,4,2,4,3
1634,21,1,3,16,2
1635,8,3,2,21,3
1636,13,4,1,11,3
1637,24,2,1,15,4
1638,11,1,3,16,2
1639,15,3,3,14,2
1640,25,4,1,25,3
1641,19,4,2,24,2
1642,16,1,1,11,3
1643,8,3,3,20,2
1644,19,4,1,7,3
1645,8,3,2,20,3
1646,19,4,1,15,3
1647,9,4,2,6,3
1648,24,2,3,8,3
1649,14,1,3,1,3
1650,18,1,3,4,3
1651,19,4,3,6,1
1652,8,3,3,25,1
1653,2,1,3,21,3
1654,23,4,1,6,1
1655,23,4,1,1,2
1656,2,1,1,10,2
1657,1,1,1,19,2
1658,12,1,1,3,2
1659,17,4,2,7,2
1660,25,4,3,14,4
1661,18,1,1,23,1
1662,25,4,2,20,3
1663,13,4,3,9,1
1664,6,1,4,10,3
1665,9,4,3,8,2
1666,15,3,1,7,4
1667,12,1,3,25,3
1668,9,4,1,19,1
1669,1,1,1,5,3
1670,18,1,1,2,1
1671,14,1,1,18,4
1672,16,1,3,9,1
1673,24,2,1,10,4
1674,1,1,3,11,4
1675,8,3,3,16,1
1676,14,1,3,20,2
1677,13,4,3,18,1
1678,3,1,1,6,3
1679,14,1,2,24,3
1680,11,1,2,14,4
1681,10,2,3,9,3
1682,5,2,1,15,1
1683,21,1,3,23,4
1684,8,3,2,13,2
1685,6,1,3,22,2
1686,1,1,3,7,1
1687,25,4,1,17,4
1688,12,1,2,24,1
1689,9,4,2,16,1
1690,6,1,1,3,1
1691,8,3,3,14,3
1692,10,2,1,25,3
1693,9,4,3,20,1
1694,15,3,4,9,4
1695,6,1,3,3,3
1696,20,4,2,23,4
1697,13,4,2,3,2
1698,6,1,1,13,4
1699,23,4,4,3,1
1700,2,1,1,12,2
1701,16,1,1,14,4
1702,9,4,4,25,1
1703,3,1,4,23,3
1704,22,4,3,14,2
1705,5,2,3,13,3
1706,17,4,1,18,3
1707,13,4,3,19,2
1708,7,1,1,2,4
1709,24,2,1,18,2
1710,12,1,3,7,1
1711,14,1,4,21,4
1712,18,1,3,13,2
1713,18,1,2,20,4
1714,15,3,3,7,1
1715,3,1,2,5,3
1716,11,1,4,1,2
1717,1,1,3,18,1
1718,16,1,1,21,3
1719,18,1,1,7,1
1720,2,1,3,4,1
1721,7,1,2,20,1
1722,17,4,2,24,2
1723,18,1,1,11,3
1724,19,4,4,10,2
1725,10,2,2,12,1
1726,13,4,3,22,2
1727,8,3,2,9,3
1728,1,1,2,11,2
1729,3,1,1,14,4
1730,7,1,3,19,1
1731,6,1,2,6,4
1732,22,4,3,1,4
1733,23,4,2,5,1
1734,1,1,1,14,3
1735,3,1,1,19,2
1736,11,1,3,8,1
1737,7,1,3,8,3
1738,17,4,1,1,3
1739,9,4,3,15,2
1740,17,4,1,6,1
1741,14,1,1,5,4
1742,14,1,4,12,1
1743,4,2,4,4,2
1744,12,1,4,19,1
1745,13,4,1,12,1
1746,12,1,1,17,1
1747,9,4,1,19,3
1748,8,3,3,23,1
1749,12,1,1,12,1
1750,16,1,1,7,4
1751,13,4,3,4,4
1752,2,1,3,6,1
1753,24,2,1,25,1
1754,12,1,1,14,4
1755,11,1,2,20,4
1756,23,4,4,5,2
1757,17,4,2,18,4
1758,11,1,1,23,4
1759,20,4,3,6,1
1760,2,1,1,15,2
1761,12,1,4,16,2
1762,16,1,2,15,4
1763,4,2,3,19,3
1764,17,4,3,13,1
1765,11,1,3,5,3
1766,16,1,3,21,2
1767,2,1,2,18,1
1768,17,4,1,13,4
1769,4,2,3,22,3
1770,21,1,1,19,1
1771,22,4,3,7,4
1772,6,1,4,3,4
1773,10,2,3,10,3
1774,8,3,3,25,3
1775,2,1,3,13,2
1776,15,3,3,11,2
1777,15,3,1,18,3
1778,5,2,1,8,1
1779,23,4,3,17,1
1780,19,4,3,5,1
1781,17,4,2,1,3
1782,18,1,3,7,4
1783,14,1,3,13,4
1784,9,4,1,13,1
1785,22,4,1,23,3
1786,25,4,2,16,4
1787,15,3,3,19,2
1788,2,1,1,10,4
1789,1,1,1,7,3
1790,1,1,1,16,2
1791,25,4,2,11,3
1792,3,1,2,8,1
1793,5,2,3,16,4
1794,20,4,2,4,4
1795,22,4,1,22,2
1796,3,1,2,11,4
1797,12,1,2,19,2
1798,23,4,1,2,2
1799,11,1,1,24,1
1800,16,1,3,5,4
1801,8,3,4,22,1
1802,2,1,3,3,2
1803,7,1,1,3,1
1804,5,2,2,1,3
1805,2,1,1,16,1
1806,18,1,1,10,2
1807,9,4,3,15,4
1808,5,2,1,10,3
1809,15,3,3,13,2
1810,22,4,2,25,4
1811,3,1,3,24,4
1812,23,4,1,25,3
1813,24,2,2,25,3
1814,7,1,3,9,2
1815,3,1,3,4,3
1816,10,2,1,4,1
1817,20,4,3,8,3
1818,18,1,3,4,3
1819,13,4,3,4,4
1820,21,1,2,16,2
1821,6,1,4,10,4
1822,7,1,3,12,2
1823,6,1,2,18,3
1824,21,1,1,7,4
1825,14,1,4,24,1
1826,24,2,3,7,1
1827,18,1,3,3,1
1828,18,1,2,7,2
1829,8,3,1,1,2
1830,20,4,3,4,2
1831,13,4,3,25,1
1832,1,1,3,18,3
1833,17,4,3,25,4
1834,17,4,3,23,2
1835,12,1,3,5,3
1836,19,4,3,13,4
1837,14,1,3,12,4
1838,20,4,3,20,1
1839,25,4,1,25,4
1840,6,1,4,8,1
1841,4,2,3,10,1
1842,21,1,1,25,1
1843,9,4,3,14,3
1844,15,3,3,5,4
1845,7,1,3,8,2
1846,4,2,3,21,1
1847,19,4,3,23,3
1848,4,2,4,18,3
1849,3,1,4,23,1
1850,12,1,3,2,1
1851,25,4,2,14,1
1852,12,1,2,13,4
1853,2,1,4,11,1
1854,1,1,4,9,2
1855,2,1,3,12,2
1856,6,1,4,12,2
1857,17,4,4,20,3
1858,18,1,1,2,3
1859,19,4,2,16,2
1860,23,4,1,20,3
1861,18,1,3,6,3
1862,5,2,2,16,4
1863,25,4,3,3,1
1864,4,2,1,21,2
1865,22,4,2,18,4
1866,14,1,2,6,3
1867,18,1,4,10,1
1868,12,1,3,19,4
1869,25,4,3,6,2
1870,1,1,2,20,2
1871,1,1,1,11,2
1872,3,1,4,11,4
1873,18,1,3,13,3
1874,2,1,4,17,4
1875,14,1,1,8,4
1876,24,2,3,19,1
1877,12,1,3,1,4
1878,25,4,1,7,4
1879,21,1,1,24,3
1880,18,1,1,5,2
1881,1,1,1,23,4
1882,1,1,3,17,1
1883,19,4,1,25,1
1884,22,4,3,18,2
1885,7,1,2,7,3
1886,17,4,2,2,1
1887,25,4,1,20,2
1888,16,1,4,10,4
1889,16,1,4,3,1
1890,12,1,1,16,2
1891,13,4,3,13,2
1892,17,4,3,1,3
1893,15,3,3,25,4
1894,11,1,1,17,3
1895,16,1,3,8,4
1896,3,1,1,22,4
1897,4,2,3,10,4
1898,13,4,1,12,1
1899,14,1,1,24,4
1900,7,1,1,2,1
1901,17,4,2,25,3
1902,21,1,2,20,1
1903,4,2,2,9,2
1904,14,1,3,10,3
1905,18,1,2,6,2
1906,24,2,3,12,3
1907,22,4,3,15,2
1908,12,1,1,21,4
1909,19,4,4,5,1
1910,2,1,2,14,2
1911,4,2,2,23,4
1912,17,4,3,1,2
1913,2,1,2,5,1
1914,12,1,3,16,1
1915,7,1,1,15,4
1916,22,4,3,24,4
1917,16,1,2,20,1
1918,12,1,1,14,1
1919,12,1,2,8,3
1920,22,4,3,9,3
1921,1,1,3,8,2
1922,6,1,3,15,4
1923,25,4,2,16,3
1924,4,2,4,25,3
1925,15,3,3,1,4
1926,5,2,1,14,1
1927,22,4,3,6,2
1928,14,1,3,7,3
1929,13,4,2,13,3
1930,3,1,1,19,4
1931,14,1,1,3,2
1932,17,4,2,9,2
1933,16,1,3,4,2
1934,4,2,1,11,3
1935,15,3,1,10,1
1936,1,1,4,11,2
1937,17,4,2,12,3
1938,21,1,3,9,3
1939,3,1,1,25,2
1940,25,4,1,24,1
1941,20,4,1,1,4
1942,10,2,4,16,1
1943,14,1,3,18,4
1944,21,1,1,11,3
1945,16,1,3,10,1
1946,16,1,3,10,1
1947,14,1,3,4,3
1948,6,1,3,1,3
1949,18,1,1,19,1
1950,11,1,1,1,1
1951,22,4,1,25,3
1952,25,4,1,10,3
1953,10,2,1,23,3
1954,12,1,4,15,2
1955,25,4,3,7,1
1956,16,1,3,7,1
1957,21,1,3,7,1
1958,25,4,3,18,2
1959,7,1,3,1,1
1960,10,2,3,4,4
1961,3,1,1,17,3
1962,24,2,1,14,3
1963,20,4,3,6,4
1964,7,1,1,7,2
1965,14,1,2,18,3
1966,2,1,3,4,4
1967,15,3,4,8,1
1968,11,1,1,23,4
1969,6,1,2,25,2
1970,11,1,2,18,1
1971,23,4,3,22,2
1972,20,4,4,22,2
1973,22,4,3,6,3
1974,12,1,4,17,4
1975,25,4,3,16,1
1976,15,3,1,3,4
1977,9,4,3,7,2
1978,4,2,3,12,3
1979,13,4,1,24,2
1980,3,1,1,25,2
1981,4,2,3,15,1
1982,10,2,1,11,3
1983,13,4,3,3,3
1984,19,4,3,7,3
1985,12,1,3,14,3
1986,25,4,3,10,2
1987,8,3,1,15,3
1988,23,4,4,4,3
1989,14,1,3,10,1
1990,17,4,2,5,2
1991,22,4,1,4,2
1992,5,2,3,19,3
1993,16,1,1,10,1
1994,1,1,2,8,2
1995,13,4,3,19,4
1996,24,2,2,12,2
1997,5,2,1,22,3
1998,22,4,3,8,4
1999,14,1,3,21,4
2000,21,1,1,22,1
2001,23,4,3,13,1
2002,13,4,2,8,1
2003,6,1,3,17,3
2004,5,2,2,25,2
2005,10,2,1,25,4
2006,4,2,3,18,1
2007,19,4,2,7,4
2008,6,1,3,6,3
2009,12,1,3,1,2
2010,24,2,3,22,3
2011,2,1,3,2,3
2012,4,2,3,20,2
2013,3,1,1,15,4
2014,22,4,3,16,1
2015,12,1,1,14,3
2016,23,4,2,7,3
2017,10,2,2,11,1
2018,21,1,2,15,1
2019,22,4,2,10,4
2020,6,1,2,17,1
2021,2,1,3,20,1
2022,9,4,3,15,1
2023,17,4,2,14,1
2024,21,1,2,12,1
2025,21,1,1,6,4
2026,6,1,3,3,3
2027,19,4,3,21,1
2028,10,2,2,10,4
2029,10,2,4,8,4
2030,19,4,3,7,2
2031,13,4,2,15,3
2032,21,1,1,5,2
2033,1,1,3,2,1
2034,3,1,1,9,3
2035,7,1,3,16,2
2036,18,1,2,23,3
2037,1,1,2,13,1
2038,23,4,2,15,3
2039,1,1,1,21,2
2040,18,1,3,9,2
2041,17,4,4,1,2
2042,15,3,2,13,1
2043,10,2,3,17,2
2044,25,4,3,5,3
2045,3,1,1,21,2
2046,17,4,3,17,4
2047,14,1,3,2,1
2048,17,4,3,6,3
2049,5,2,4,7,1
2050,24,2,1,25,4
2051,20,4,3,12,3
2052,18,1,1,14,2
2053,22,4,3,1,1
2054,13,4,2,8,2
2055,2,1,4,10,2
2056,9,4,3,6,4
2057,22,4,1,25,2
2058,21,1,1,23,2
2059,6,1,3,19,1
2060,7,1,4,20,2
2061,23,4,3,25,4
2062,2,1,2,24,3
2063,8,3,1,6,4
2064,7,1,3,18,4
2065,10,2,3,15,3
2066,5,2,3,25,2
2067,5,2,3,9,4
2068,14,1,4,20,4
2069,17,4,4,14,3
2070,18,1,3,22,4
2071,17,4,4,17,2
2072,15,3,2,23,4
2073,22,4,3,20,1
2074,23,4,2,15,1
2075,19,4,3,4,3
2076,2,1,2,3,4
2077,25,4,2,22,4
2078,19,4,1,21,4
2079,11,1,3,25,2
2080,3,1,1,11,3
2081,13,4,2,1,4
2082,8,3,2,18,2
2083,3,1,3,23,3
2084,19,4,1,21,4
2085,1,1,2,19,3
2086,3,1,3,12,4
2087,11,1,1,20,3
2088,20,4,3,25,3
2089,4,2,1,21,2
2090,15,3,1,10,2
2091,21,1,2,12,1
2092,3,1,4,20,4
2093,4,2,3,6,4
2094,11,1,3,2,2
2095,21,1,3,22,2
2096,16,1,3,1,4
2097,11,1,1,25,3
2098,5,2,2,18,1
2099,18,1,3,4,3
2100,18,1,1,15,3
2101,2,1,3,6,2
2102,6,1,3,25,1
2103,20,4,3,19,2
2104,14,1,2,17,3
2105,10,2,3,10,2
2106,25,4,3,6,2
2107,17,4,3,1,4
2108,14,1,3,14,1
2109,16,1,4,20,1
2110,17,4,1,16,4
2111,21,1,1,18,2
2112,13,4,4,7,2
2113,23,4,3,13,4
2114,11,1,3,19,2
2115,6,1,3,24,1
2116,19,4,3,11,1
2117,15,3,3,12,3
2118,11,1,1,19,3
2119,21,1,3,9,4
2120,17,4,3,22,2
2121,19,4,2,17,4
2122,22,4,3,9,1
2123,15,3,1,12,4
2124,8,3,1,18,2
2125,12,1,3,12,4
2126,8,3,3,20,4
2127,10,2,4,24,1
2128,24,2,3,22,2
2129,8,3,1,18,4
2130,12,1,1,21,4
2131,22,4,1,11,3
2132,7,1,3,17,4
2133,12,1,3,24,4
2134,20,4,3,9,3
2135,4,2,4,2,1
2136,13,4,2,23,1
2137,13,4,3,17,3
2138,21,1,4,8,1
2139,2,1,3,12,4
2140,24,2,3,17,1
2141,9,4,3,19,4
2142,11,1,3,16,1
2143,20,4,3,2,1
2144,4,2,1,17,4
2145,10,2,1,21,1
2146,12,1,2,4,1
2147,13,4,4,4,3
2148,12,1,2,5,4
2149,18,1,4,3,1
2150,4,2,1,21,1
2151,6,1,3,21,2
2152,3,1,1,19,4
2153,7,1,1,24,3
2154,6,1,3,11,4
2155,19,4,3,11,2
2156,9,4,1,23,4
2157,12,1,3,2,1
2158,9,4,1,3,1
2159,25,4,4,9,2
2160,6,1,3,16,4
2161,1,1,1,5,1
2162,11,1,2,16,3
2163,7,1,2,14,3
2164,10,2,1,1,2
2165,4,2,2,9,1
2166,14,1,3,3,3
2167,15,3,2,8,2
2168,12,1,1,15,1
2169,9,4,3,20,2
2170,8,3,3,19,4
2171,2,1,3,3,4
2172,7,1,3,23,3
2173,12,1,2,13,4
2174,25,4,2,18,3
2175,22,4,2,9,2
2176,11,1,3,6,2
2177,23,4,2,17,1
2178,25,4,4,15,1
2179,17,4,3,10,3
2180,21,1,1,13,4
2181,8,3,3,23,3
2182,9,4,3,14,4
2183,1,1,3,2,1
2184,7,1,3,2,2
2185,10,2,2,10,2
2186,7,1,3,11,1
2187,4,2,4,12,1
2188,1,1,3,11,2
2189,8,3,3,19,1
2190,1,1,4,19,4
2191,23,4,2,2,2
2192,1,1,2,2,3
2193,19,4,1,23,1
2194,6,1,1,3,2
2195,21,1,3,6,3
2196,3,1,3,19,4
2197,11,1,3,1,2
2198,24,2,3,22,3
2199,19,4,1,3,3
2200,19,4,3,2,3
2201,25,4,1,5,3
2202,14,1,1,16,2
2203,11,1,3,17,3
2204,11,1,3,22,1
2205,3,1,2,13,1
2206,2,1,4,17,4
2207,4,2,1,15,2
2208,9,4,3,1,4
2209,19,4,4,11,3
2210,4,2,4,20,3
2211,13,4,3,21,3
2212,2,1,1,8,1
2213,14,1,3,19,1
2214,20,4,3,2,4
2215,23,4,1,10,4
2216,4,2,3,22,1
2217,14,1,4,6,1
2218,17,4,4,17,4
2219,13,4,3,24,1
2220,1,1,2,8,4
2221,23,4,4,20,4
2222,7,1,4,4,4
2223,14,1,3,12,3
2224,4,2,3,1,4
2225,25,4,1,5,1
2226,23,4,2,9,2
2227,6,1,1,25,2
2228,19,4,2,1,3
2229,25,4,3,15,4
2230,14,1,3,6,4
2231,5,2,2,12,2
2232,15,3,3,20,4
2233,10,2,1,13,2
2234,1,1,4,1,3
2235,24,2,2,23,1
2236,21,1,3,1,2
2237,18,1,3,23,1
2238,4,2,2,14,3
2239,5,2,1,20,1
2240,17,4,1,22,3
2241,4,2,1,15,1
2242,15,3,3,8,3
2243,12,1,3,21,2
2244,6,1,3,12,1
2245,7,1,3,10,3
2246,21,1,1,1,4
2247,15,3,3,18,4
2248,17,4,1,12,3
2249,18,1,3,11,1
2250,25,4,4,22,2
2251,10,2,1,7,3
2252,10,2,1,10,4
2253,10,2,2,2,3
2254,16,1,3,19,2
2255,23,4,3,10,1
2256,8,3,1,12,2
2257,1,1,3,3,4
2258,12,1,1,9,4
2259,18,1,1,18,1
2260,3,1,4,20,2
2261,19,4,3,25,4
2262,22,4,1,10,2
2263,22,4,3,15,1
2264,19,4,4,15,1
2265,20,4,3,3,3
2266,8,3,4,23,4
2267,11,1,3,23,4
2268,25,4,2,25,2
2269,2,1,1,5,2
2270,12,1,3,23,4
2271,1,1,1,8,2
2272,11,1,3,15,3
2273,15,3,1,5,2
2274,8,3,1,6,1
2275,11,1,1,3,2
2276,7,1,3,1,1
2277,3,1,1,17,3
2278,20,4,3,20,3
2279,25,4,3,2,4
2280,5,2,1,22,2
2281,10,2,3,17,3
2282,16,1,4,2,3
2283,5,2,2,17,4
2284,9,4,2,14,1
2285,1,1,4,14,4
2286,23,4,1,7,3
2287,21,1,1,25,2
2288,1,1,1,15,3
2289,17,4,3,21,4
2290,7,1,3,21,4
2291,24,2,1,24,1
2292,8,3,3,22,2
2293,18,1,2,20,2
2294,2,1,1,15,4
2295,13,4,3,17,1
2296,20,4,1,20,2
2297,25,4,3,15,4
2298,21,1,3,21,3
2299,9,4,1,18,2
2300,8,3,3,11,3
2301,8,3,4,13,3
2302,14,1,1,3,1
2303,23,4,1,7,3
2304,13,4,2,20,2
2305,16,1,1,6,1
2306,9,4,3,10,3
2307,25,4,1,6,1
2308,12,1,1,15,4
2309,13,4,3,12,1
2310,11,1,2,10,4
2311,25,4,3,18,2
2312,5,2,1,10,2
2313,18,1,1,11,3
2314,11,1,3,14,3
2315,9,4,4,19,1
2316,21,1,3,22,1
2317,5,2,1,23,1
2318,15,3,3,8,3
2319,16,1,1,4,2
2320,4,2,4,3,1
2321,10,2,3,9,2
2322,4,2,3,20,1
2323,8,3,2,13,2
2324,25,4,1,4,1
2325,8,3,1,19,1
2326,24,2,3,5,3
2327,12,1,1,2,1
2328,12,1,3,17,1
2329,14,1,3,2,4
2330,20,4,2,12,2
2331,22,4,1,21,3
2332,19,4,2,9,2
2333,19,4,4,9,4
2334,6,1,3,20,2
2335,24,2,1,15,3
2336,8,3,3,14,3
2337,23,4,3,15,1
2338,24,2,2,11,4
2339,5,2,2,6,4
2340,6,1,1,2,2
2341,1,1,3,18,3
2342,15,3,1,12,3
2343,12,1,3,9,4
2344,21,1,3,17,3
2345,4,2,4,13,4
2346,18,1,2,21,1
2347,15,3,1,19,1
2348,23,4,2,1,4
2349,10,2,3,21,2
2350,1,1,3,21,4
2351,10,2,3,3,1
2352,2,1,2,18,4
2353,24,2,3,23,4
2354,9,4,3,4,4
2355,1,1,3,25,3
2356,12,1,2,8,1
2357,22,4,3,1,3
2358,6,1,1,18,4
2359,2,1,1,7,2
2360,19,4,2,10,2
2361,9,4,1,6,4
2362,19,4,3,1,2
2363,3,1,3,19,4
2364,21,1,4,7,1
2365,13,4,1,2,1
2366,5,2,2,16,1
2367,10,2,1,19,1
2368,21,1,1,15,1
2369,13,4,3,13,3
2370,2,1,3,18,1
2371,10,2,3,14,2
2372,21,1,3,5,1
2373,24,2,4,6,2
2374,16,1,3,1,2
2375,25,4,1,16,1
2376,22,4,1,16,4
2377,25,4,4,18,2
2378,1,1,1,24,4
2379,19,4,1,12,3
2380,20,4,3,16,2
2381,19,4,3,14,4
2382,4,2,3,12,3
2383,2,1,3,3,2
2384,22,4,1,10,2
2385,1,1,1,15,1
2386,19,4,3,19,4
2387,21,1,1,25,3
2388,20,4,3,10,3
2389,11,1,3,16,4
2390,8,3,3,11,2
2391,6,1,4,23,1
2392,6,1,3,14,1
2393,3,1,1,6,2
2394,21,1,3,19,1
2395,4,2,1,16,4
2396,1,1,3,18,1
2397,6,1,3,9,2
2398,13,4,1,14,4
2399,15,3,3,21,1
2400,11,1,1,20,2
2401,13,4,3,16,1
2402,24,2,3,7,1
2403,19,4,3,19,1
2404,7,1,3,24,4
2405,7,1,1,18,1
2406,3,1,4,6,4
2407,19,4,3,22,1
2408,7,1,3,20,3
2409,5,2,4,14,4
2410,17,4,1,23,2
2411,10,2,3,2,3
2412,16,1,3,18,3
2413,15,3,3,7,1
2414,7,1,4,11,4
2415,21,1,3,13,3
2416,8,3,4,13,4
2417,4,2,2,14,3
2418,22,4,3,9,4
2419,14,1,2,22,4
2420,2,1,3,25,4
2421,15,3,2,15,1
2422,5,2,1,7,2
2423,17,4,3,16,1
2424,22,4,3,8,3
2425,17,4,3,16,1
2426,10,2,2,9,3
2427,15,3,3,9,4
2428,15,3,3,8,2
2429,18,1,3,11,2
2430,5,2,4,2,3
2431,15,3,4,4,3
2432,16,1,2,9,4
2433,15,3,3,16,1
2434,18,1,3,25,2
2435,25,4,3,19,2
2436,5,2,2,14,4
2437,18,1,3,23,4
2438,5,2,4,24,1
2439,3,1,2,18,1
2440,9,4,3,2,3
2441,21,1,3,17,2
2442,17,4,3,14,4
2443,1,1,1,11,1
2444,22,4,3,15,2
2445,19,4,2,10,4
2446,19,4,3,19,3
2447,6,1,1,16,2
2448,14,1,1,16,4
2449,20,4,2,11,4
2450,8,3,2,11,4
2451,18,1,3,24,4
2452,21,1,3,8,4
2453,6,1,1,8,1
2454,2,1,4,18,2
2455,25,4,3,24,1
2456,23,4,1,13,2
2457,3,1,3,15,1
2458,9,4,3,2,4
2459,18,1,1,3,4
2460,21,1,1,11,4
2461,3,1,2,13,1
2462,19,4,1,17,3
2463,14,1,4,21,2
2464,1,1,4,22,3
2465,15,3,1,12,1
2466,4,2,3,19,2
2467,7,1,2,7,3
2468,7,1,3,13,2
2469,12,1,1,18,1
2470,4,2,3,23,4
2471,1,1,4,7,4
2472,4,2,3,1,2
2473,6,1,3,16,3
2474,21,1,3,17,1
2475,18,1,3,9,4
2476,11,1,2,13,3
2477,20,4,3,3,3
2478,25,4,1,3,2
2479,21,1,2,2,1
2480,11,1,2,9,4
2481,21,1,4,2,3
2482,23,4,4,18,4
2483,9,4,2,16,1
2484,12,1,2,12,4
2485,16,1,3,15,3
2486,1,1,3,20,2
2487,3,1,1,24,2
2488,24,2,1,11,2
2489,9,4,4,5,3
2490,8,3,3,15,1
2491,1,1,3,1,2
2492,9,4,3,24,2
2493,13,4,2,6,3
2494,21,1,2,20,4
2495,10,2,2,16,1
2496,22,4,4,21,2
2497,19,4,2,23,3
2498,22,4,3,11,3
2499,8,3,2,15,4
2500,16,1,1,7,3
2501,25,4,3,11,4
2502,7,1,3,11,4
2503,12,1,1,7,2
2504,24,2,3,11,3
2505,7,1,3,3,1
2506,9,4,3,18,3
2507,11,1,4,21,2
2508,10,2,3,18,4
2509,5,2,4,22,2
2510,21,1,3,14,2
2511,15,3,1,8,1
2512,22,4,3,18,3
2513,21,1,3,15,3
2514,9,4,1,12,1
2515,20,4,1,12,2
2516,1,1,3,24,3
2517,7,1,4,19,2
2518,6,1,1,21,2
2519,24,2,4,25,4
2520,15,3,1,24,2
2521,15,3,1,24,3
2522,9,4,3,24,4
2523,23,4,2,9,1
2524,9,4,2,18,2
2525,8,3,3,8,2
2526,2,1,3,8,1
2527,7,1,2,16,2
2528,14,1,3,10,4
2529,17,4,2,16,4
2530,25,4,3,24,2
2531,12,1,2,18,2
2532,4,2,3,11,3
2533,21,1,2,5,3
2534,17,4,2,25,3
2535,13,4,4,17,4
2536,8,3,2,8,1
2537,23,4,1,1,2
2538,8,3,3,8,3
2539,19,4,3,6,3
2540,4,2,3,8,4
2541,23,4,3,5,3
2542,19,4,3,6,2
2543,17,4,3,4,1
2544,19,4,1,16,2
2545,14,1,3,17,2
2546,10,2,1,9,2
2547,24,2,1,1,3
2548,15,3,3,20,3
2549,22,4,1,7,1
2550,15,3,3,17,4
2551,24,2,4,16,4
2552,10,2,3,2,1
2553,23,4,4,8,2
2554,17,4,3,2,3
2555,17,4,3,1,3
2556,14,1,3,1,4
2557,18,1,4,24,4
2558,7,1,1,18,2
2559,16,1,3,6,4
2560,23,4,2,15,1
2561,24,2,3,11,2
2562,16,1,1,24,2
2563,7,1,4,23,2
2564,22,4,4,1,1
2565,19,4,1,22,1
2566,21,1,2,22,4
2567,9,4,2,23,4
2568,13,4,4,10,2
2569,18,1,4,15,1
2570,11,1,3,5,2
2571,5,2,4,9,2
2572,13,4,1,14,1
2573,1,1,3,6,4
2574,18,1,3,17,3
2575,20,4,3,19,3
2576,7,1,3,6,4
2577,16,1,3,6,1
2578,21,1,1,14,4
2579,13,4,3,8,4
2580,1,1,3,8,3
2581,3,1,2,3,3
2582,11,1,3,10,1
2583,11,1,2,22,4
2584,3,1,3,13,4
2585,21,1,1,25,3
2586,13,4,1,2,4
2587,8,3,1,23,1
2588,19,4,3,8,1
2589,22,4,3,16,3
2590,14,1,3,6,1
2591,25,4,3,3,3
2592,15,3,2,9,2
2593,7,1,4,16,3
2594,14,1,2,22,4
2595,12,1,1,22,4
2596,1,1,4,2,3
2597,6,1,1,14,2
2598,17,4,4,12,3
2599,22,4,4,9,4
2600,17,4,3,10,1
2601,23,4,3,1,4
2602,11,1,1,21,1
2603,8,3,3,14,4
2604,11,1,3,12,2
2605,2,1,3,20,2
2606,16,1,3,4,2
2607,10,2,1,3,2
2608,10,2,4,12,2
2609,15,3,1,21,4
2610,22,4,3,14,3
2611,3,1,3,11,2
2612,15,3,1,2,4
2613,13,4,3,3,1
2614,25,4,3,10,4
2615,15,3,3,3,2
2616,18,1,3,2,4
2617,4,2,4,8,2
2618,7,1,2,2,2
2619,9,4,1,19,4
2620,14,1,1,22,1
2621,1,1,2,13,1
2622,10,2,3,20,1
2623,22,4,3,23,2
2624,10,2,3,10,4
2625,11,1,3,22,3
2626,12,1,1,18,3
2627,15,3,4,6,4
2628,6,1,1,6,4
2629,16,1,3,6,3
2630,19,4,3,16,1
2631,12,1,2,7,2
2632,12,1,2,11,3
2633,19,4,3,14,4
2634,13,4,3,8,4
2635,4,2,2,14,3
2636,16,1,4,16,2
2637,15,3,2,24,1
2638,14,1,3,24,2
2639,6,1,2,14,2
2640,1,1,4,7,1
2641,12,1,1,9,3
2642,13,4,4,9,1
2643,23,4,1,16,3
2644,25,4,2,6,2
2645,14,1,3,3,2
2646,19,4,1,9,2
2647,18,1,2,13,3
2648,10,2,3,17,3
2649,14,1,3,1,2
2650,25,4,3,24,4
2651,21,1,1,2,3
2652,5,2,3,18,3
2653,7,1,1,18,3
2654,1,1,1,13,4
2655,8,3,2,7,4
2656,13,4,3,1,3
2657,7,1,1,23,1
2658,11,1,3,7,3
2659,9,4,4,22,3
2660,24,2,1,1,3
2661,14,1,1,23,2
2662,24,2,4,9,4
2663,12,1,3,18,3
2664,5,2,1,6,4
2665,17,4,1,6,1
2666,18,1,1,17,1
2667,4,2,2,19,1
2668,24,2,3,21,3
2669,8,3,3,14,3
2670,23,4,1,12,2
2671,13,4,3,23,4
2672,4,2,4,1,1
2673,24,2,3,2,2
2674,16,1,3,9,3
2675,20,4,2,5,4
2676,7,1,3,16,1
2677,22,4,3,2,2
2678,7,1,1,9,2
2679,23,4,3,24,2
2680,7,1,2,23,2
2681,21,1,1,22,4
2682,10,2,1,9,3
2683,5,2,1,2,1
2684,22,4,3,22,3
2685,11,1,3,1,3
2686,24,2,3,1,1
2687,21,1,3,14,1
2688,11,1,3,4,4
2689,9,4,4,3,2
2690,1,1,3,21,4
2691,23,4,1,23,3
2692,14,1,1,25,1
2693,5,2,4,11,2
2694,24,2,1,13,3
2695,13,4,3,9,2
2696,20,4,3,21,4
2697,8,3,3,4,2
2698,15,3,1,17,1
2699,16,1,3,24,3
2700,24,2,3,11,4
2701,18,1,4,9,1
2702,2,1,1,6,3
2703,10,2,1,1,4
2704,19,4,4,9,1
2705,11,1,1,20,2
2706,15,3,2,3,2
2707,10,2,2,25,2
2708,22,4,3,7,4
2709,11,1,3,12,3
2710,6,1,2,18,1
2711,15,3,1,8,3
2712,13,4,1,17,2
2713,15,3,1,19,4
2714,8,3,3,24,4
2715,2,1,2,9,1
2716,5,2,4,7,1
2717,10,2,1,14,2
2718,13,4,4,20,1
2719,7,1,3,16,1
2720,16,1,2,16,4
2721,19,4,3,16,2
2722,4,2,2,12,2
2723,20,4,3,15,2
2724,10,2,4,19,3
2725,5,2,3,19,2
2726,22,4,2,11,3
2727,23,4,1,25,1
2728,6,1,1,5,1
2729,12,1,3,7,1
2730,25,4,2,11,3
2731,25,4,3,12,1
2732,9,4,3,17,3
2733,21,1,1,21,1
2734,22,4,3,24,3
2735,3,1,4,23,3
2736,12,1,3,23,2
2737,16,1,3,7,2
2738,17,4,2,22,2
2739,5,2,3,5,3
2740,6,1,4,25,1
2741,13,4,3,13,3
2742,11,1,1,23,4
2743,10,2,3,14,2
2744,23,4,2,20,4
2745,6,1,3,6,1
2746,24,2,3,24,3
2747,16,1,3,21,4
2748,3,1,3,12,1
2749,15,3,1,3,2
2750,15,3,3,18,2
2751,4,2,1,7,2
2752,11,1,2,22,4
2753,2,1,2,16,1
2754,25,4,3,20,2
2755,13,4,1,10,3
2756,23,4,3,22,1
2757,20,4,1,11,1
2758,20,4,4,19,4
2759,1,1,3,8,3
2760,10,2,3,3,3
2761,12,1,2,11,4
2762,5,2,3,8,4
2763,18,1,3,5,4
2764,9,4,3,15,4
2765,2,1,4,4,2
2766,25,4,3,8,3
2767,11,1,3,18,1
2768,11,1,3,15,2
2769,1,1,3,20,2
2770,6,1,1,13,4
2771,24,2,2,25,4
2772,15,3,2,20,3
2773,22,4,1,25,2
2774,14,1,2,2,2
2775,24,2,1,23,4
2776,21,1,1,17,4
2777,19,4,1,15,4
2778,1,1,3,24,4
2779,23,4,1,23,2
2780,13,4,1,25,1
2781,24,2,3,5,1
2782,4,2,3,25,2
2783,25,4,2,18,2
2784,12,1,3,6,2
2785,12,1,3,14,1
2786,1,1,2,15,3
2787,9,4,3,11,2
2788,24,2,4,7,2
2789,24,2,3,9,3
2790,2,1,1,21,4
2791,21,1,3,14,2
2792,25,4,3,23,4
2793,7,1,1,11,1
2794,24,2,3,6,2
2795,15,3,3,10,4
2796,19,4,3,24,1
2797,15,3,3,17,1
2798,17,4,3,15,1
2799,16,1,4,17,1
2800,18,1,1,7,2
2801,6,1,1,11,4
2802,6,1,3,22,1
2803,8,3,1,17,4
2804,18,1,3,11,1
2805,16,1,3,18,2
2806,13,4,2,14,4
2807,1,1,1,8,2
2808,16,1,3,5,2
2809,12,1,3,20,2
2810,7,1,4,12,3
2811,3,1,3,8,3
2812,15,3,3,25,4
2813,16,1,4,24,4
2814,6,1,2,2,3
2815,18,1,1,10,1
2816,1,1,1,14,4
2817,12,1,3,14,2
2818,22,4,4,23,1
2819,7,1,3,3,4
2820,6,1,1,13,2
2821,22,4,1,23,3
2822,10,2,1,9,3
2823,12,1,2,19,4
2824,11,1,3,9,3
2825,20,4,3,8,4
2826,9,4,3,23,1
2827,9,4,1,19,4
2828,1,1,3,24,4
2829,19,4,1,13,4
2830,17,4,4,12,4
2831,12,1,1,18,2
2832,16,1,1,7,1
2833,19,4,3,24,3
2834,3,1,3,12,4
2835,15,3,3,22,4
2836,18,1,2,7,1
2837,14,1,3,5,1
2838,10,2,3,19,3
2839,15,3,3,25,4
2840,19,4,1,12,3
2841,18,1,1,7,2
2842,11,1,4,24,1
2843,8,3,1,15,4
2844,2,1,3,4,3
2845,20,4,3,22,3
2846,22,4,1,13,3
2847,21,1,4,14,4
2848,17,4,1,5,1
2849,24,2,1,1,4
2850,8,3,3,10,2
2851,2,1,3,6,2
2852,1,1,1,12,3
2853,23,4,3,24,2
2854,20,4,3,24,1
2855,4,2,3,20,4
2856,24,2,2,2,1
2857,15,3,3,22,1
2858,11,1,2,2,2
2859,3,1,1,12,3
2860,7,1,1,23,4
2861,6,1,3,10,2
2862,8,3,3,12,4
2863,8,3,2,11,3
2864,18,1,3,23,4
2865,2,1,2,2,4
2866,12,1,3,6,4
2867,1,1,2,11,3
2868,5,2,1,4,3
2869,22,4,3,14,1
2870,21,1,3,4,3
2871,17,4,3,25,1
2872,7,1,2,14,3
2873,17,4,1,9,4
2874,2,1,3,12,2
2875,6,1,1,6,3
2876,14,1,3,7,4
2877,16,1,3,5,2
2878,21,1,3,6,3
2879,11,1,1,3,3
2880,1,1,4,3,1
2881,12,1,1,20,1
2882,22,4,3,18,1
2883,1,1,1,10,1
2884,21,1,4,6,2
2885,24,2,3,8,3
2886,22,4,3,23,3
2887,20,4,1,25,2
2888,4,2,1,25,1
2889,16,1,1,15,2
2890,13,4,3,5,4
2891,3,1,3,11,1
2892,18,1,4,14,1
2893,11,1,3,12,2
2894,23,4,2,21,2
2895,17,4,2,19,2
2896,16,1,1,15,3
2897,1,1,3,6,3
2898,15,3,1,11,4
2899,5,2,4,16,3
2900,24,2,3,10,2
2901,1,1,4,11,1
2902,1,1,1,9,1
2903,24,2,2,21,2
2904,19,4,2,12,2
2905,4,2,3,1,2
2906,13,4,1,14,1
2907,8,3,3,22,2
2908,13,4,4,13,3
2909,1,1,3,20,1
2910,22,4,3,22,1
2911,23,4,3,25,3
2912,21,1,4,21,4
2913,10,2,3,23,1
2914,8,3,1,18,1
2915,2,1,3,23,4
2916,6,1,3,18,4
2917,7,1,3,15,1
2918,6,1,4,4,1
2919,13,4,2,14,4
2920,10,2,1,5,1
2921,13,4,4,19,2
2922,9,4,3,18,4
2923,13,4,1,20,1
2924,6,1,3,24,2
2925,6,1,1,22,1
2926,2,1,3,2,2
2927,9,4,3,1,1
2928,6,1,3,14,3
2929,17,4,1,23,2
2930,21,1,4,4,1
2931,18,1,3,21,2
2932,17,4,3,24,4
2933,22,4,1,14,2
2934,20,4,3,19,3
2935,25,4,3,21,4
2936,5,2,4,1,2
2937,12,1,3,4,2
2938,9,4,3,4,2
2939,13,4,3,11,4
2940,2,1,3,20,1
2941,9,4,1,20,3
2942,12,1,1,8,2
2943,21,1,3,19,3
2944,6,1,3,21,2
2945,5,2,4,18,3
2946,23,4,3,5,3
2947,14,1,1,8,2
2948,17,4,1,16,2
2949,14,1,3,11,1
2950,17,4,3,16,2
2951,3,1,2,2,1
2952,19,4,1,2,4
2953,23,4,3,16,2
2954,11,1,3,6,3
2955,18,1,3,22,1
2956,24,2,3,6,1
2957,11,1,3,9,4
2958,17,4,2,1,4
2959,12,1,3,14,3
2960,9,4,1,2,3
2961,8,3,2,9,2
2962,16,1,2,10,4
2963,14,1,1,7,4
2964,24,2,3,19,2
2965,8,3,2,4,4
2966,19,4,3,25,3
2967,24,2,1,21,4
2968,5,2,1,6,3
2969,2,1,2,1,4
2970,23,4,2,25,4
2971,17,4,3,4,1
2972,9,4,1,23,4
2973,15,3,2,22,4
2974,24,2,3,25,3
2975,5,2,4,16,3
2976,19,4,4,13,1
2977,8,3,3,6,3
2978,7,1,1,10,1
2979,7,1,2,18,2
2980,3,1,1,9,4
2981,25,4,1,12,4
2982,14,1,1,7,1
2983,11,1,3,21,3
2984,14,1,3,5,1
2985,25,4,1,17,2
2986,23,4,2,12,3
2987,23,4,2,6,3
2988,12,1,1,14,1
2989,21,1,2,7,2
2990,23,4,4,12,3
2991,6,1,3,12,4
2992,11,1,1,15,3
2993,21,1,3,5,2
2994,15,3,1,22,2
2995,2,1,2,4,1
2996,3,1,3,21,3
2997,17,4,3,4,2
2998,2,1,2,23,2
2999,16,1,3,17,3
3000,13,4,2,5,1
3001,4,2,3,13,1
3002,8,3,1,5,3
3003,23,4,3,2,4
3004,1,1,3,19,4
3005,12,1,3,13,1
3006,7,1,4,19,2
3007,11,1,3,9,3
3008,13,4,1,13,1
3009,10,2,3,10,1
3010,23,4,3,6,1
3011,23,4,3,11,1
3012,23,4,2,19,3
3013,23,4,3,12,4
3014,12,1,1,16,3
3015,18,1,3,2,2
3016,19,4,4,13,2
3017,1,1,1,13,3
3018,13,4,2,8,3
3019,24,2,3,15,3
3020,15,3,3,23,1
3021,3,1,2,5,4
3022,13,4,2,25,3
3023,4,2,3,13,4
3024,22,4,3,19,3
3025,1,1,2,4,2
3026,10,2,4,15,3
3027,6,1,1,24,4
3028,16,1,4,16,1
3029,11,1,1,5,3
3030,11,1,3,10,3
3031,5,2,4,8,2
3032,1,1,1,12,3
3033,22,4,4,15,3
3034,2,1,1,21,2
3035,24,2,1,16,2
3036,9,4,3,10,2
3037,16,1,2,11,2
3038,23,4,1,5,3
3039,17,4,3,19,3
3040,1,1,1,25,2
3041,9,4,3,10,4
3042,9,4,3,21,1
3043,8,3,1,3,1
3044,23,4,2,16,4
3045,24,2,3,24,1
3046,21,1,1,14,1
3047,10,2,3,4,2
3048,5,2,3,11,4
3049,17,4,3,9,3
3050,9,4,1,17,3
3051,8,3,2,15,2
3052,13,4,1,10,3
3053,10,2,4,9,2
3054,10,2,1,19,1
3055,24,2,2,24,3
3056,4,2,3,11,4
3057,25,4,3,20,2
3058,22,4,3,25,2
3059,9,4,2,21,1
3060,2,1,1,2,2
3061,8,3,2,5,3
3062,18,1,1,9,4
3063,22,4,1,15,4
3064,13,4,1,19,1
3065,23,4,2,18,1
3066,15,3,3,20,4
3067,12,1,1,12,3
3068,23,4,2,1,2
3069,24,2,3,22,1
3070,3,1,1,24,2
3071,10,2,4,17,4
3072,2,1,1,3,2
3073,17,4,1,16,2
3074,6,1,1,4,1
3075,24,2,1,2,1
3076,7,1,4,20,1
3077,9,4,3,25,3
3078,2,1,2,17,2
3079,23,4,3,25,2
3080,23,4,3,2,4
3081,16,1,1,23,2
3082,5,2,1,7,1
3083,18,1,3,2,2
3084,14,1,2,8,3
3085,19,4,2,22,2
3086,2,1,1,1,1
3087,9,4,3,13,3
3088,6,1,3,5,2
3089,11,1,3,12,2
3090,4,2,1,25,4
3091,6,1,3,16,3
3092,11,1,1,21,1
3093,13,4,1,6,4
3094,21,1,1,17,3
3095,4,2,3,1,3
3096,20,4,2,20,4
3097,6,1,1,4,1
3098,10,2,3,6,4
3099,14,1,1,18,3
3100,6,1,2,2,4
3101,20,4,1,8,1
3102,17,4,2,19,3
3103,15,3,3,15,3
3104,6,1,2,16,1
3105,14,1,2,3,3
3106,12,1,3,9,4
3107,4,2,3,23,1
3108,1,1,1,1,1
3109,21,1,3,8,4
3110,15,3,3,1,1
3111,9,4,1,13,4
3112,23,4,4,22,2
3113,1,1,2,15,4
3114,6,1,1,15,3
3115,9,4,3,9,2
3116,19,4,3,5,4
3117,8,3,1,1,2
3118,16,1,3,9,4
3119,7,1,1,25,3
3120,4,2,4,6,1
3121,6,1,3,24,4
3122,16,1,1,14,4
3123,21,1,3,7,4
3124,9,4,4,17,4
3125,17,4,3,16,3
3126,8,3,1,13,2
3127,13,4,1,13,1
3128,25,4,3,20,1
3129,15,3,2,22,4
3130,4,2,2,18,3
3131,14,1,3,23,3
3132,15,3,3,16,4
3133,2,1,3,23,3
3134,18,1,3,21,2
3135,24,2,1,1,2
3136,10,2,1,23,2
3137,12,1,3,1,4
3138,8,3,3,3,2
3139,1,1,1,1,4
3140,13,4,3,9,1
3141,25,4,4,16,3
3142,13,4,2,16,1
3143,5,2,1,24,1
3144,16,1,3,8,3
3145,24,2,1,20,2
3146,9,4,4,8,2
3147,6,1,2,23,1
3148,2,1,3,7,1
3149,7,1,1,8,4
3150,23,4,3,13,1
3151,1,1,3,16,2
3152,18,1,1,21,4
3153,23,4,3,17,4
3154,21,1,1,17,4
3155,23,4,3,10,1
3156,9,4,3,19,4
3157,6,1,3,14,1
3158,23,4,1,17,4
3159,17,4,3,1,1
3160,20,4,1,7,1
3161,22,4,4,3,4
3162,11,1,2,5,1
3163,10,2,1,25,1
3164,14,1,4,3,3
3165,11,1,1,6,1
3166,15,3,3,13,2
3167,6,1,3,10,1
3168,11,1,3,25,4
3169,3,1,3,21,2
3170,18,1,3,4,4
3171,13,4,4,5,2
3172,17,4,3,2,2
3173,21,1,3,9,4
3174,12,1,1,12,3
3175,14,1,1,21,1
3176,21,1,3,2,4
3177,4,2,4,3,2
3178,23,4,1,20,4
3179,4,2,1,20,2
3180,7,1,3,9,2
3181,9,4,1,3,4
3182,15,3,3,5,3
3183,13,4,1,15,4
3184,5,2,3,15,1
3185,2,1,1,15,2
3186,12,1,1,10,4
3187,17,4,2,18,1
3188,1,1,1,22,1
3189,1,1,3,13,1
3190,24,2,3,20,3
3191,3,1,2,8,4
3192,16,1,4,2,1
3193,2,1,2,2,4
3194,25,4,1,12,1
3195,5,2,1,10,3
3196,13,4,2,17,2
3197,23,4,1,2,1
3198,2,1,3,12,2
3199,25,4,1,16,1
3200,9,4,4,7,1
3201,21,1,1,14,2
3202,14,1,2,22,4
3203,19,4,1,15,4
3204,8,3,1,12,2
3205,15,3,4,13,4
3206,16,1,4,24,4
3207,24,2,3,19,1
3208,21,1,4,20,3
3209,17,4,1,22,1
3210,10,2,1,16,4
3211,21,1,3,24,3
3212,14,1,1,3,1
3213,5,2,3,22,1
3214,13,4,3,19,1
3215,12,1,3,23,2
3216,8,3,3,24,3
3217,16,1,2,9,1
3218,13,4,3,6,4
3219,12,1,3,12,4
3220,8,3,1,4,3
3221,9,4,3,25,4
3222,18,1,3,23,1
3223,13,4,2,2,4
3224,6,1,2,1,2
3225,16,1,1,22,1
3226,1,1,3,7,4
3227,5,2,4,20,2
3228,19,4,4,4,4
3229,17,4,3,23,2
3230,14,1,3,12,4
3231,5,2,3,9,3
3232,10,2,3,2,1
3233,18,1,3,4,2
3234,23,4,3,13,4
3235,17,4,3,14,1
3236,23,4,3,15,3
3237,23,4,1,9,4
3238,18,1,3,1,3
3239,5,2,4,12,4
3240,13,4,3,5,4
3241,4,2,3,11,4
3242,9,4,3,13,3
3243,21,1,2,20,4
3244,16,1,1,14,3
3245,2,1,3,14,4
3246,14,1,3,8,4
3247,5,2,3,24,3
3248,25,4,3,12,3
3249,18,1,2,12,3
3250,22,4,3,7,3
3251,8,3,3,12,2
3252,8,3,3,10,1
3253,4,2,1,19,2
3254,22,4,3,19,4
3255,2,1,2,24,1
3256,7,1,3,14,4
3257,13,4,1,12,1
3258,6,1,3,19,4
3259,10,2,3,24,2
3260,20,4,4,22,4
3261,19,4,3,11,3
3262,23,4,1,18,1
3263,18,1,3,11,2
3264,7,1,2,14,4
3265,14,1,2,5,1
3266,13,4,3,4,1
3267,8,3,2,1,1
3268,16,1,1,7,1
3269,11,1,3,18,4
3270,1,1,3,25,1
3271,21,1,3,22,1
3272,21,1,4,24,2
3273,10,2,3,13,1
3274,23,4,2,21,3
3275,2,1,3,18,2
3276,14,1,4,15,3
3277,19,4,3,4,3
3278,12,1,3,25,2
3279,11,1,3,14,3
3280,20,4,2,17,4
3281,9,4,1,17,1
3282,14,1,1,10,1
3283,18,1,3,17,4
3284,15,3,1,8,2
3285,19,4,1,4,2
3286,20,4,4,24,4
3287,15,3,1,7,1
3288,12,1,1,14,2
3289,9,4,4,4,2
3290,22,4,3,2,3
3291,8,3,1,14,2
3292,23,4,1,9,4
3293,9,4,1,1,2
3294,8,3,3,10,2
3295,2,1,2,24,2
3296,1,1,2,13,3
3297,1,1,3,15,2
3298,23,4,3,11,4
3299,15,3,3,19,4
3300,7,1,1,12,2
3301,20,4,3,5,2
3302,14,1,4,5,3
3303,1,1,4,20,1
3304,23,4,2,3,3
3305,9,4,4,21,4
3306,16,1,1,18,3
3307,15,3,1,21,3
3308,19,4,2,15,1
3309,3,1,3,7,4
3310,9,4,3,25,3
3311,15,3,3,7,1
3312,20,4,1,25,3
3313,5,2,1,14,3
3314,20,4,4,14,4
3315,21,1,3,11,2
3316,19,4,2,10,3
3317,21,1,3,9,3
3318,20,4,4,7,3
3319,15,3,3,9,3
3320,7,1,3,22,3
3321,1,1,4,6,4
3322,8,3,2,5,1
3323,2,1,4,21,1
3324,9,4,3,23,1
3325,18,1,2,17,4
3326,4,2,3,2,4
3327,25,4,3,24,3
3328,7,1,3,14,2
3329,4,2,3,11,2
3330,22,4,3,1,1
3331,5,2,3,14,2
3332,13,4,3,7,3
3333,18,1,3,6,3
3334,3,1,3,11,2
3335,6,1,3,20,3
3336,20,4,4,18,1
3337,1,1,3,19,4
3338,15,3,1,25,1
3339,12,1,1,4,1
3340,25,4,3,18,4
3341,18,1,4,2,4
3342,15,3,4,9,3
3343,15,3,3,11,2
3344,7,1,4,15,1
3345,20,4,4,24,4
3346,9,4,3,3,3
3347,3,1,3,14,3
3348,10,2,4,18,3
3349,18,1,1,1,1
3350,17,4,3,17,4
3351,9,4,2,9,4
3352,6,1,1,18,2
3353,23,4,3,12,3
3354,11,1,1,12,4
3355,12,1,3,21,4
3356,1,1,3,16,2
3357,3,1,3,6,3
3358,16,1,3,7,1
3359,18,1,3,24,4
3360,13,4,1,17,4
3361,15,3,3,2,2
3362,10,2,3,6,2
3363,9,4,3,1,3
3364,2,1,3,3,1
3365,19,4,3,16,4
3366,12,1,1,12,4
3367,25,4,3,17,2
3368,18,1,3,25,3
3369,4,2,3,25,2
3370,2,1,3,22,1
3371,23,4,3,5,3
3372,16,1,2,3,1
3373,21,1,3,2,1
3374,4,2,3,8,2
3375,1,1,2,13,2
3376,24,2,4,23,4
3377,20,4,3,15,1
3378,6,1,3,23,1
3379,7,1,1,10,4
3380,9,4,1,3,3
3381,11,1,1,25,3
3382,20,4,1,3,1
3383,2,1,3,2,2
3384,8,3,3,7,4
3385,16,1,1,2,3
3386,17,4,3,9,1
3387,18,1,3,13,4
3388,14,1,2,7,2
3389,2,1,3,18,2
3390,14,1,1,2,4
3391,21,1,2,17,3
3392,16,1,3,6,4
3393,19,4,4,25,1
3394,11,1,3,10,4
3395,4,2,2,23,2
3396,11,1,3,6,1
3397,14,1,4,14,1
3398,1,1,1,23,3
3399,3,1,1,7,1
3400,14,1,4,23,1
3401,13,4,3,13,4
3402,22,4,1,16,1
3403,16,1,3,14,2
3404,24,2,3,9,3
3405,25,4,1,9,4
3406,1,1,3,4,3
3407,2,1,3,17,2
3408,11,1,2,8,2
3409,21,1,1,8,3
3410,6,1,3,12,3
3411,4,2,1,12,3
3412,10,2,1,1,1
3413,4,2,3,24,4
3414,25,4,4,14,1
3415,24,2,3,2,2
3416,1,1,3,10,4
3417,4,2,3,8,2
3418,8,3,3,25,3
3419,15,3,3,20,3
3420,17,4,1,22,1
3421,20,4,3,8,1
3422,10,2,3,2,3
3423,8,3,1,20,1
3424,24,2,3,19,2
3425,19,4,1,15,3
3426,20,4,3,25,3
3427,21,1,4,24,4
3428,18,1,4,3,1
3429,17,4,3,1,4
3430,12,1,2,8,1
3431,21,1,3,13,1
3432,23,4,2,15,3
3433,24,2,3,1,3
3434,21,1,3,23,2
3435,14,1,2,21,3
3436,21,1,3,20,3
3437,23,4,1,16,1
3438,15,3,2,15,1
3439,6,1,3,11,4
3440,25,4,3,1,3
3441,9,4,1,24,4
3442,2,1,4,5,4
3443,12,1,3,11,2
3444,11,1,1,6,3
3445,14,1,2,15,3
3446,20,4,3,24,4
3447,24,2,2,8,2
3448,4,2,3,25,4
3449,8,3,2,23,1
3450,1,1,3,19,2
3451,7,1,3,7,2
3452,1,1,4,6,4
3453,15,3,3,22,2
3454,6,1,1,7,1
3455,9,4,2,13,4
3456,18,1,3,21,4
3457,16,1,3,17,4
3458,17,4,3,1,3
3459,17,4,1,11,2
3460,16,1,1,15,4
3461,19,4,3,10,2
3462,10,2,2,2,2
3463,3,1,1,9,2
3464,17,4,3,23,4
3465,8,3,2,16,1
3466,22,4,3,10,2
3467,21,1,2,8,3
3468,19,4,3,5,4
3469,13,4,2,22,1
3470,21,1,1,24,4
3471,8,3,2,9,3
3472,4,2,2,25,2
3473,1,1,2,4,3
3474,11,1,3,18,2
3475,14,1,3,18,1
3476,5,2,3,21,2
3477,24,2,4,21,3
3478,9,4,2,12,2
3479,9,4,3,24,4
3480,2,1,2,21,3
3481,4,2,1,16,1
3482,21,1,2,2,3
3483,25,4,3,10,1
3484,16,1,1,4,1
3485,11,1,1,1,4
3486,6,1,4,19,1
3487,7,1,1,5,1
3488,4,2,1,20,4
3489,2,1,4,12,2
3490,11,1,1,14,3
3491,24,2,3,11,2
3492,14,1,3,21,1
3493,25,4,3,3,4
3494,14,1,4,14,1
3495,19,4,3,6,1
3496,7,1,4,1,2
3497,10,2,3,7,3
3498,9,4,3,17,2
3499,4,2,3,13,3
3500,21,1,1,22,4
3501,6,1,2,6,4
3502,10,2,3,6,4
3503,22,4,3,15,4
3504,6,1,3,7,2
3505,9,4,2,11,4
3506,17,4,1,17,1
3507,6,1,1,9,1
3508,9,4,2,8,2
3509,14,1,3,1,4
3510,18,1,1,19,1
3511,5,2,2,21,4
3512,17,4,3,25,3
3513,6,1,3,4,4
3514,1,1,4,5,2
3515,5,2,4,1,1
3516,11,1,4,5,1
3517,24,2,2,4,3
3518,12,1,3,21,1
3519,6,1,3,14,2
3520,7,1,3,4,1
3521,20,4,2,19,2
3522,10,2,3,7,1
3523,14,1,3,23,2
3524,22,4,3,18,3
3525,14,1,1,6,3
3526,13,4,1,9,1
3527,2,1,3,9,2
3528,1,1,2,5,2
3529,19,4,1,1,3
3530,18,1,2,2,1
3531,13,4,1,14,2
3532,10,2,4,11,1
3533,14,1,1,22,4
3534,5,2,1,23,4
3535,10,2,3,1,4
3536,7,1,3,17,3
3537,9,4,1,16,2
3538,9,4,3,1,2
3539,10,2,2,4,2
3540,17,4,2,15,2
3541,7,1,3,24,2
3542,1,1,3,9,1
3543,8,3,2,9,2
3544,20,4,3,25,1
3545,21,1,4,5,4
3546,4,2,3,23,2
3547,19,4,3,11,3
3548,19,4,1,24,3
3549,1,1,3,17,4
3550,18,1,3,18,3
3551,10,2,2,21,1
3552,25,4,1,14,2
3553,13,4,3,25,1
3554,10,2,3,5,2
3555,11,1,3,22,2
3556,1,1,1,6,2
3557,2,1,3,19,4
3558,15,3,3,16,3
3559,22,4,1,24,3
3560,7,1,3,20,4
3561,21,1,4,11,4
3562,5,2,1,14,2
3563,5,2,3,18,1
3564,1,1,3,15,3
3565,25,4,2,19,3
3566,9,4,2,1,2
3567,3,1,2,21,2
3568,19,4,2,6,3
3569,4,2,3,8,2
3570,4,2,3,9,4
3571,11,1,4,12,1
3572,12,1,3,4,3
3573,7,1,3,14,2
3574,3,1,1,2,4
3575,21,1,3,18,4
3576,8,3,3,11,4
3577,24,2,1,23,2
3578,23,4,2,23,1
3579,10,2,1,9,1
3580,19,4,1,9,4
3581,1,1,3,24,3
3582,11,1,3,21,4
3583,7,1,2,20,3
3584,1,1,1,19,3
3585,5,2,1,22,4
3586,25,4,4,1,1
3587,16,1,3,23,1
3588,2,1,2,11,3
3589,13,4,3,24,2
3590,23,4,3,25,2
3591,11,1,3,1,4
3592,15,3,3,10,1
3593,24,2,1,13,2
3594,4,2,3,14,2
3595,19,4,1,5,3
3596,1,1,3,11,2
3597,16,1,3,5,2
3598,13,4,3,2,3
3599,16,1,4,8,2
3600,19,4,2,16,2
3601,11,1,4,9,2
3602,18,1,3,22,3
3603,12,1,2,24,3
3604,3,1,3,10,2
3605,16,1,3,21,4
3606,3,1,3,10,4
3607,4,2,4,8,4
3608,20,4,1,5,4
3609,25,4,3,18,4
3610,21,1,3,18,3
3611,15,3,4,15,4
3612,18,1,3,6,2
3613,4,2,3,12,3
3614,20,4,3,24,4
3615,25,4,1,2,2
3616,11,1,3,10,1
3617,16,1,1,8,1
3618,23,4,3,13,4
3619,25,4,3,2,4
3620,19,4,2,24,1
3621,4,2,3,3,3
3622,5,2,4,6,3
3623,11,1,3,8,4
3624,17,4,3,11,1
3625,20,4,4,16,4
3626,19,4,1,15,1
3627,1,1,1,12,4
3628,23,4,3,6,1
3629,1,1,1,8,3
3630,18,1,1,13,3
3631,20,4,3,13,1
3632,20,4,3,16,4
3633,5,2,1,15,2
3634,25,4,3,21,2
3635,21,1,3,7,1
3636,4,2,1,18,4
3637,4,2,1,13,3
3638,24,2,1,23,1
3639,22,4,3,9,2
3640,8,3,3,19,3
3641,13,4,1,7,2
3642,15,3,3,18,4
3643,11,1,1,2,3
3644,19,4,4,24,4
3645,1,1,3,11,1
3646,22,4,1,6,3
3647,17,4,3,2,2
3648,7,1,3,1,1
3649,12,1,3,4,1
3650,12,1,3,19,4
3651,3,1,3,6,3
3652,9,4,3,23,2
3653,9,4,2,24,4
3654,8,3,3,25,2
3655,17,4,3,15,1
3656,2,1,3,23,4
3657,15,3,4,18,2
3658,10,2,1,10,1
3659,18,1,3,24,4
3660,4,2,2,1,4
3661,10,2,1,22,1
3662,4,2,2,4,1
3663,7,1,3,22,2
3664,22,4,3,15,3
3665,15,3,3,3,4
3666,21,1,3,16,4
3667,17,4,3,9,1
3668,14,1,1,18,4
3669,1,1,4,24,3
3670,21,1,2,6,4
3671,10,2,2,4,1
3672,9,4,1,7,3
3673,4,2,2,7,4
3674,21,1,3,7,3
3675,9,4,3,25,1
3676,20,4,3,4,1
3677,17,4,2,12,2
3678,22,4,3,1,4
3679,6,1,2,20,4
3680,8,3,3,11,3
3681,13,4,2,25,1
3682,25,4,4,24,4
3683,6,1,3,2,4
3684,21,1,3,8,1
3685,12,1,1,5,2
3686,7,1,1,17,3
3687,4,2,3,5,2
3688,6,1,1,13,3
3689,13,4,1,4,2
3690,17,4,1,17,4
3691,1,1,2,11,4
3692,4,2,4,21,3
3693,8,3,1,3,2
3694,1,1,3,11,3
3695,2,1,3,25,1
3696,12,1,3,4,4
3697,1,1,1,3,4
3698,16,1,1,7,1
3699,12,1,4,2,2
3700,22,4,3,9,4
3701,9,4,4,5,3
3702,4,2,3,5,2
3703,10,2,3,22,2
3704,4,2,2,12,4
3705,13,4,1,14,1
3706,12,1,1,12,3
3707,4,2,3,15,2
3708,25,4,3,10,4
3709,16,1,3,17,4
3710,21,1,3,6,4
3711,17,4,3,23,3
3712,20,4,4,16,4
3713,1,1,3,3,2
3714,10,2,3,16,2
3715,20,4,2,16,1
3716,13,4,2,21,4
3717,6,1,3,5,4
3718,18,1,4,4,3
3719,14,1,1,3,4
3720,14,1,3,17,3
3721,20,4,3,16,4
3722,8,3,1,7,4
3723,15,3,4,23,4
3724,4,2,3,20,2
3725,25,4,1,15,1
3726,11,1,2,3,1
3727,23,4,4,21,4
3728,21,1,3,10,3
3729,15,3,1,17,1
3730,24,2,3,12,2
3731,6,1,3,12,3
3732,20,4,3,13,2
3733,10,2,1,7,2
3734,21,1,3,2,4
3735,16,1,3,20,2
3736,4,2,1,21,2
3737,3,1,3,17,2
3738,17,4,2,2,1
3739,7,1,3,19,2
3740,13,4,3,9,4
3741,14,1,3,6,3
3742,6,1,3,8,2
3743,6,1,3,1,4
3744,14,1,1,18,4
3745,16,1,3,1,3
3746,21,1,1,10,2
3747,8,3,4,18,3
3748,2,1,1,9,2
3749,22,4,3,11,4
3750,1,1,1,23,1
3751,16,1,3,10,4
3752,17,4,2,6,4
3753,8,3,1,7,1
3754,13,4,2,3,1
3755,10,2,3,3,3
3756,12,1,3,16,4
3757,12,1,1,12,2
3758,12,1,1,17,4
3759,4,2,2,14,2
3760,5,2,3,7,2
3761,21,1,3,16,4
3762,22,4,3,15,3
3763,7,1,1,15,4
3764,6,1,4,17,1
3765,21,1,3,2,4
3766,17,4,3,15,3
3767,9,4,3,14,4
3768,7,1,4,14,3
3769,2,1,3,23,1
3770,25,4,1,15,3
3771,14,1,1,14,3
3772,18,1,3,17,1
3773,14,1,1,23,4
3774,2,1,3,11,3
3775,25,4,2,18,1
3776,23,4,2,7,2
3777,5,2,1,9,2
3778,7,1,3,2,4
3779,5,2,3,18,4
3780,3,1,4,13,2
3781,5,2,1,23,4
3782,24,2,3,7,1
3783,15,3,1,21,2
3784,25,4,4,21,3
3785,21,1,3,11,1
3786,3,1,1,13,1
3787,24,2,1,23,4
3788,1,1,3,7,4
3789,20,4,4,12,2
3790,6,1,3,24,3
3791,9,4,4,20,3
3792,13,4,3,1,2
3793,19,4,2,3,3
3794,13,4,3,7,4
3795,19,4,3,11,3
3796,25,4,3,5,2
3797,7,1,3,13,4
3798,13,4,3,1,3
3799,17,4,2,19,1
3800,15,3,1,11,1
3801,2,1,3,3,4
3802,1,1,3,16,2
3803,19,4,2,3,2
3804,9,4,3,11,2
3805,20,4,3,9,4
3806,19,4,3,15,4
3807,24,2,3,12,2
3808,1,1,1,16,2
3809,21,1,3,7,1
3810,10,2,2,2,1
3811,12,1,1,16,4
3812,23,4,3,2,1
3813,12,1,3,7,2
3814,14,1,3,21,3
3815,11,1,3,21,1
3816,20,4,3,19,4
3817,8,3,2,6,3
3818,19,4,3,24,4
3819,5,2,4,22,1
3820,14,1,2,10,2
3821,23,4,3,8,1
3822,5,2,3,10,3
3823,20,4,2,10,2
3824,6,1,3,10,3
3825,7,1,3,9,3
3826,7,1,1,15,4
3827,15,3,3,1,3
3828,17,4,3,17,3
3829,1,1,3,5,2
3830,14,1,3,22,2
3831,20,4,3,22,3
3832,22,4,1,6,2
3833,24,2,4,8,1
3834,15,3,1,1,3
3835,16,1,3,24,1
3836,4,2,1,6,1
3837,12,1,3,11,2
3838,16,1,3,15,2
3839,11,1,1,15,3
3840,4,2,3,16,2
3841,3,1,3,3,2
3842,3,1,1,7,4
3843,15,3,1,13,1
3844,20,4,1,6,1
3845,7,1,2,18,4
3846,2,1,3,15,1
3847,1,1,1,21,3
3848,2,1,2,25,4
3849,17,4,3,24,1
3850,16,1,2,18,1
3851,17,4,1,22,3
3852,19,4,3,7,3
3853,20,4,3,16,4
3854,13,4,3,13,4
3855,18,1,3,14,2
3856,6,1,4,13,3
3857,4,2,2,19,3
3858,20,4,2,23,3
3859,18,1,3,9,1
3860,7,1,2,25,4
3861,13,4,3,3,3
3862,15,3,3,23,2
3863,6,1,1,3,1
3864,19,4,3,21,3
3865,18,1,2,25,1
3866,7,1,3,9,2
3867,20,4,3,20,1
3868,15,3,1,13,3
3869,11,1,4,24,1
3870,8,3,1,18,2
3871,4,2,1,13,4
3872,18,1,3,14,4
3873,15,3,3,15,2
3874,4,2,1,6,3
3875,2,1,4,20,3
3876,20,4,3,7,1
3877,10,2,2,18,4
3878,16,1,3,9,2
3879,20,4,3,7,3
3880,12,1,1,2,1
3881,6,1,3,17,1
3882,19,4,1,6,2
3883,14,1,1,25,4
3884,20,4,4,8,4
3885,4,2,3,19,4
3886,21,1,1,8,1
3887,17,4,2,19,3
3888,6,1,3,5,2
3889,5,2,3,11,2
3890,11,1,2,23,2
3891,6,1,4,15,1
3892,11,1,1,16,1
3893,17,4,1,22,3
3894,20,4,1,4,4
3895,12,1,1,4,2
3896,16,1,1,3,3
3897,22,4,1,4,2
3898,23,4,1,15,2
3899,10,2,2,19,3
3900,9,4,3,20,2
