purchase_id,customer_id,product_id,purchase_amount_usd,review_rating,discount_applied,payment_method_id,purchase_date
1,1,1,53,3.1,Yes,1,
2,2,2,64,3.1,Yes,2,
3,3,3,73,3.1,Yes,3,
4,4,4,90,3.5,Yes,4,
5,5,1,49,2.7,Yes,4,
6,6,5,20,2.9,Yes,1,
7,7,6,85,3.2,Yes,2,
8,8,7,34,3.2,Yes,3,
9,9,8,97,2.6,Yes,1,
10,10,9,31,4.8,Yes,2,
11,11,10,34,4.1,Yes,5,
12,12,7,68,4.9,Yes,5,
13,13,8,72,4.5,Yes,1,
14,14,11,51,4.7,Yes,4,
15,15,8,53,4.7,Yes,6,
16,16,12,81,2.8,Yes,4,
17,17,13,36,4.1,Yes,6,
18,18,11,38,4.7,Yes,1,
19,19,2,48,4.6,Yes,2,
20,20,14,90,3.3,Yes,6,
21,21,14,51,2.8,Yes,2,
22,22,14,62,4.1,Yes,6,
23,23,14,37,3.2,Yes,6,
24,24,14,88,4.4,Yes,3,
25,25,15,22,2.9,Yes,6,
26,26,16,25,3.6,Yes,4,
27,27,17,20,3.6,Yes,3,
28,28,7,56,5.0,Yes,5,
29,29,9,94,4.4,Yes,4,
30,30,11,48,4.1,Yes,3,
31,31,17,31,4.7,Yes,3,
32,32,11,79,4.7,Yes,1,
33,33,15,67,4.9,Yes,1,
34,34,14,38,3.3,Yes,2,
35,35,18,91,4.6,Yes,4,
36,36,1,33,4.0,Yes,3,
37,37,18,69,4.6,Yes,4,
38,38,3,45,2.8,Yes,4,
39,39,11,37,3.7,Yes,1,
40,40,14,60,4.2,Yes,3,
41,41,9,76,4.6,Yes,6,
42,42,19,39,4.5,Yes,1,
43,43,8,100,4.1,Yes,4,
44,44,19,69,3.7,Yes,4,
45,45,20,53,4.6,Yes,4,
46,46,21,21,2.9,Yes,4,
47,47,6,43,2.9,Yes,2,
48,48,17,54,4.5,Yes,2,
49,49,6,55,2.7,Yes,2,
50,50,16,30,4.6,Yes,6,
51,51,1,28,3.7,Yes,6,
52,52,12,59,4.7,Yes,3,
53,53,18,20,2.6,Yes,3,
54,54,12,24,3.9,Yes,3,
55,55,8,94,4.2,Yes,6,
56,56,15,28,3.0,Yes,3,
57,57,22,73,4.7,Yes,3,
58,58,8,64,4.4,Yes,6,
59,59,16,54,4.2,Yes,1,
60,60,23,79,4.6,Yes,6,
61,61,2,37,4.0,Yes,2,
62,62,19,68,4.7,Yes,3,
63,63,5,21,3.8,Yes,3,
64,64,13,79,2.7,Yes,3,
65,65,24,83,4.8,Yes,6,
66,66,22,36,4.8,Yes,1,
67,67,1,94,4.7,Yes,1,
68,68,8,33,4.4,Yes,6,
69,69,9,46,3.9,Yes,2,
70,70,23,70,4.4,Yes,2,
71,71,23,29,4.2,Yes,6,
72,72,11,48,2.9,Yes,5,
73,73,11,26,2.9,Yes,5,
74,74,14,85,2.7,Yes,5,
75,75,25,58,4.5,Yes,2,
76,76,19,85,2.7,Yes,3,
77,77,20,43,4.2,Yes,1,
78,78,11,53,3.3,Yes,6,
79,79,12,91,4.7,Yes,1,
80,80,15,96,2.6,Yes,5,
81,81,4,72,3.3,Yes,3,
82,82,10,96,2.6,Yes,3,
83,83,14,28,4.0,Yes,3,
84,84,11,40,4.1,Yes,5,
85,85,8,32,4.4,Yes,5,
86,86,13,95,4.5,Yes,6,
87,87,16,41,3.7,Yes,2,
88,88,10,53,3.7,Yes,6,
89,89,18,47,3.5,Yes,3,
90,90,15,83,3.6,Yes,2,
91,91,20,48,2.9,Yes,3,
92,92,19,99,4.6,Yes,3,
93,93,15,87,4.4,Yes,1,
94,94,2,62,4.5,Yes,3,
95,95,12,76,4.6,Yes,3,
96,96,5,100,3.8,Yes,4,
97,97,25,73,3.6,Yes,1,
98,98,10,92,4.8,Yes,2,
99,99,3,67,2.6,Yes,5,
100,100,16,40,3.7,Yes,6,
101,101,13,98,2.7,Yes,2,
102,102,8,85,4.6,Yes,3,
103,103,21,67,4.8,Yes,3,
104,104,24,89,4.0,Yes,1,
105,105,13,24,4.4,Yes,4,
106,106,22,96,3.6,Yes,5,
107,107,15,35,3.7,Yes,3,
108,108,5,67,3.1,Yes,4,
109,109,21,79,3.4,Yes,5,
110,110,18,85,2.6,Yes,5,
111,111,22,26,4.0,Yes,1,
112,112,23,75,5.0,Yes,3,
113,113,25,65,4.3,Yes,4,
114,114,20,54,3.1,Yes,4,
115,115,8,95,3.7,Yes,2,
116,116,12,94,3.8,Yes,6,
117,117,10,86,3.4,Yes,1,
118,118,4,32,4.6,Yes,2,
119,119,2,45,4.8,Yes,2,
120,120,8,76,4.3,Yes,2,
121,121,20,84,4.0,Yes,5,
122,122,7,72,4.2,Yes,2,
123,123,22,40,4.8,Yes,2,
124,124,2,89,3.1,Yes,2,
125,125,2,86,3.1,Yes,4,
126,126,7,54,3.6,Yes,1,
127,127,7,36,3.9,Yes,2,
128,128,2,89,4.8,Yes,3,
129,129,19,32,4.7,Yes,3,
130,130,11,67,4.2,Yes,4,
131,131,19,39,3.7,Yes,4,
132,132,12,29,3.9,Yes,3,
133,133,22,58,4.7,Yes,4,
134,134,2,65,2.5,Yes,1,
135,135,20,94,4.9,Yes,2,
136,136,4,81,4.1,Yes,4,
137,137,1,86,3.3,Yes,6,
138,138,5,43,4.7,Yes,4,
139,139,12,29,4.4,Yes,5,
140,140,8,95,3.8,Yes,1,
141,141,6,28,3.9,Yes,3,
142,142,25,46,4.9,Yes,4,
143,143,15,58,3.1,Yes,3,
144,144,8,48,2.7,Yes,4,
145,145,10,43,3.2,Yes,2,
146,146,17,95,4.5,Yes,6,
147,147,12,30,4.0,Yes,1,
148,148,10,64,3.5,Yes,5,
149,149,25,90,2.6,Yes,6,
150,150,14,76,3.2,Yes,4,
151,151,24,96,4.9,Yes,6,
152,152,13,47,4.5,Yes,1,
153,153,6,85,4.3,Yes,1,
154,154,16,55,3.2,Yes,6,
155,155,11,98,3.6,Yes,1,
156,156,21,77,4.3,Yes,5,
157,157,7,26,4.0,Yes,6,
158,158,20,68,3.0,Yes,5,
159,159,6,73,4.1,Yes,5,
160,160,25,27,3.8,Yes,5,
161,161,25,23,4.6,Yes,1,
162,162,22,49,3.0,Yes,1,
163,163,13,74,3.0,Yes,4,
164,164,12,67,3.4,Yes,6,
165,165,9,65,2.6,Yes,3,
166,166,9,60,2.8,Yes,2,
167,167,5,31,4.0,Yes,2,
168,168,25,27,4.0,Yes,3,
169,169,10,80,3.0,Yes,2,
170,170,15,30,3.3,Yes,4,
171,171,6,25,2.6,Yes,1,
172,172,7,35,3.6,Yes,3,
173,173,17,67,3.9,Yes,3,
174,174,20,46,3.4,Yes,2,
175,175,10,35,3.5,Yes,1,
176,176,8,86,2.8,Yes,5,
177,177,22,81,2.7,Yes,3,
178,178,16,42,3.7,Yes,5,
179,179,12,43,4.3,Yes,4,
180,180,24,31,4.9,Yes,5,
181,181,4,81,3.3,Yes,6,
182,182,14,61,4.7,Yes,5,
183,183,25,96,2.8,Yes,6,
184,184,12,29,3.6,Yes,3,
185,185,5,33,3.0,Yes,2,
186,186,18,32,4.5,Yes,5,
187,187,22,56,2.9,Yes,6,
188,188,10,94,3.3,Yes,5,
189,189,16,53,3.1,Yes,5,
190,190,1,82,4.4,Yes,3,
191,191,8,70,3.0,Yes,1,
192,192,20,76,3.9,Yes,2,
193,193,10,29,2.9,Yes,4,
194,194,23,100,3.0,Yes,1,
195,195,22,94,3.1,Yes,6,
196,196,15,25,4.3,Yes,3,
197,197,24,88,3.9,Yes,3,
198,198,19,78,3.2,Yes,3,
199,199,17,45,4.8,Yes,3,
200,200,20,73,3.8,Yes,2,
201,201,11,61,3.3,Yes,1,
202,202,1,22,4.3,Yes,5,
203,203,20,38,2.7,Yes,1,
204,204,19,38,3.2,Yes,5,
205,205,5,100,4.0,Yes,2,
206,206,6,64,3.0,Yes,4,
207,207,18,55,4.2,Yes,1,
208,208,25,91,2.9,Yes,5,
209,209,12,38,4.1,Yes,3,
210,210,4,97,3.2,Yes,2,
211,211,15,22,3.0,Yes,4,
212,212,12,92,4.2,Yes,6,
213,213,9,84,4.2,Yes,6,
214,214,9,93,4.4,Yes,6,
215,215,15,50,4.2,Yes,2,
216,216,19,64,2.8,Yes,4,
217,217,7,61,3.7,Yes,1,
218,218,13,48,3.5,Yes,5,
219,219,18,45,2.9,Yes,3,
220,220,23,88,3.0,Yes,2,
221,221,5,57,3.7,Yes,6,
222,222,20,68,4.4,Yes,5,
223,223,25,94,4.5,Yes,4,
224,224,14,41,4.8,Yes,4,
225,225,21,83,2.9,Yes,2,
226,226,15,22,3.2,Yes,5,
227,227,10,74,3.3,Yes,4,
228,228,3,90,4.2,Yes,1,
229,229,21,79,2.9,Yes,3,
230,230,4,28,4.6,Yes,4,
231,231,19,88,4.1,Yes,3,
232,232,1,26,3.1,Yes,6,
233,233,17,27,4.2,Yes,5,
234,234,2,83,4.5,Yes,5,
235,235,25,39,3.7,Yes,3,
236,236,13,89,3.7,Yes,6,
237,237,8,68,3.4,Yes,4,
238,238,11,90,3.0,Yes,6,
239,239,12,34,4.2,Yes,2,
240,240,14,51,2.9,Yes,3,
241,241,2,45,3.5,Yes,5,
242,242,16,88,4.1,Yes,1,
243,243,8,85,4.3,Yes,6,
244,244,17,100,2.8,Yes,6,
245,245,23,42,4.9,Yes,4,
246,246,4,53,3.3,Yes,1,
247,247,13,86,3.2,Yes,1,
248,248,2,66,4.4,Yes,6,
249,249,23,100,4.8,Yes,4,
250,250,9,47,4.2,Yes,3,
251,251,12,25,4.0,Yes,5,
252,252,9,51,2.5,Yes,4,
253,253,7,41,3.9,Yes,1,
254,254,24,73,4.9,Yes,5,
255,255,13,42,3.5,Yes,4,
256,256,19,20,4.2,Yes,6,
257,257,17,30,4.7,Yes,3,
258,258,9,53,4.5,Yes,3,
259,259,25,74,2.8,Yes,2,
260,260,3,57,2.9,Yes,6,
261,261,20,57,3.2,Yes,3,
262,262,3,77,4.9,Yes,3,
263,263,14,40,3.7,Yes,6,
264,264,7,46,4.3,Yes,1,
265,265,14,78,3.9,Yes,2,
266,266,22,59,3.2,Yes,5,
267,267,17,75,3.1,Yes,3,
268,268,2,54,3.9,Yes,1,
269,269,10,42,2.6,Yes,2,
270,270,1,44,3.3,Yes,2,
271,271,3,52,4.6,Yes,5,
272,272,13,69,4.6,Yes,3,
273,273,17,26,4.4,Yes,6,
274,274,8,33,4.2,Yes,6,
275,275,17,32,3.0,Yes,2,
276,276,22,85,4.0,Yes,3,
277,277,12,30,3.5,Yes,5,
278,278,6,29,3.0,Yes,5,
279,279,2,95,3.7,Yes,6,
280,280,5,69,4.0,Yes,5,
281,281,4,69,4.2,Yes,2,
282,282,23,61,2.5,Yes,6,
283,283,12,94,3.0,Yes,2,
284,284,2,30,3.2,Yes,1,
285,285,12,45,3.5,Yes,4,
286,286,9,39,4.8,Yes,6,
287,287,17,51,2.6,Yes,6,
288,288,19,37,3.4,Yes,1,
289,289,18,62,3.7,Yes,1,
290,290,8,85,4.5,Yes,3,
291,291,18,33,3.7,Yes,4,
292,292,11,26,3.3,Yes,5,
293,293,10,99,4.7,Yes,2,
294,294,9,39,2.7,Yes,4,
295,295,12,20,4.6,Yes,3,
296,296,13,42,2.7,Yes,3,
297,297,4,74,4.8,Yes,3,
298,298,10,26,4.4,Yes,3,
299,299,18,53,4.0,Yes,1,
300,300,5,80,3.2,Yes,4,
301,301,20,98,4.4,Yes,4,
302,302,12,95,3.8,Yes,3,
303,303,2,44,3.6,Yes,5,
304,304,4,60,3.3,Yes,1,
305,305,11,84,3.4,Yes,3,
306,306,2,59,3.5,Yes,4,
307,307,15,49,3.6,Yes,2,
308,308,25,32,3.2,Yes,3,
309,309,9,29,3.7,Yes,1,
310,310,11,22,4.5,Yes,2,
311,311,14,85,4.6,Yes,2,
312,312,3,52,4.1,Yes,5,
313,313,14,89,3.4,Yes,4,
314,314,11,77,3.7,Yes,3,
315,315,14,24,3.3,Yes,6,
316,316,17,24,4.5,Yes,6,
317,317,9,22,3.3,Yes,1,
318,318,2,82,4.3,Yes,2,
319,319,22,67,2.5,Yes,2,
320,320,7,74,2.6,Yes,2,
321,321,17,72,4.9,Yes,6,
322,322,5,36,4.7,Yes,6,
323,323,23,95,3.0,Yes,3,
324,324,16,78,3.5,Yes,4,
325,325,6,82,4.8,Yes,1,
326,326,14,70,4.3,Yes,6,
327,327,19,41,3.2,Yes,5,
328,328,8,42,3.1,Yes,4,
329,329,8,50,2.8,Yes,3,
330,330,21,31,2.9,Yes,5,
331,331,2,51,3.7,Yes,1,
332,332,6,98,3.3,Yes,4,
333,333,6,86,2.8,Yes,3,
334,334,2,64,4.5,Yes,5,
335,335,1,46,2.6,Yes,3,
336,336,2,85,3.7,Yes,1,
337,337,20,81,4.4,Yes,4,
338,338,2,59,4.3,Yes,5,
339,339,16,79,3.5,Yes,2,
340,340,7,33,3.8,Yes,3,
341,341,7,47,3.5,Yes,1,
342,342,20,20,4.6,Yes,6,
343,343,8,36,2.6,Yes,3,
344,344,4,39,4.4,Yes,1,
345,345,12,71,4.0,Yes,6,
346,346,10,59,4.4,Yes,5,
347,347,3,50,4.7,Yes,2,
348,348,4,41,3.9,Yes,4,
349,349,1,59,2.7,Yes,4,
350,350,20,87,3.7,Yes,5,
351,351,2,68,2.6,Yes,5,
352,352,12,90,3.9,Yes,6,
353,353,3,71,4.9,Yes,2,
354,354,5,64,4.1,Yes,6,
355,355,17,76,3.0,Yes,1,
356,356,17,42,4.1,Yes,4,
357,357,14,80,3.8,Yes,2,
358,358,23,56,4.0,Yes,3,
359,359,20,25,3.6,Yes,3,
360,360,5,74,3.0,Yes,3,
361,361,14,30,3.0,Yes,6,
362,362,18,96,2.6,Yes,2,
363,363,5,64,3.4,Yes,1,
364,364,7,88,3.1,Yes,5,
365,365,10,88,3.0,Yes,1,
366,366,25,88,3.7,Yes,4,
367,367,21,36,3.5,Yes,1,
368,368,11,40,2.8,Yes,5,
369,369,9,39,4.5,Yes,2,
370,370,23,40,3.3,Yes,4,
371,371,19,34,3.4,Yes,4,
372,372,5,83,3.2,Yes,4,
373,373,2,85,3.7,Yes,6,
374,374,8,27,4.6,Yes,1,
375,375,17,78,5.0,Yes,5,
376,376,13,32,4.4,Yes,6,
377,377,10,51,4.9,Yes,1,
378,378,19,32,4.1,Yes,3,
379,379,11,62,4.9,Yes,3,
380,380,18,29,4.7,Yes,6,
381,381,22,69,3.0,Yes,5,
382,382,17,25,3.4,Yes,3,
383,383,3,76,3.2,Yes,4,
384,384,13,77,2.9,Yes,4,
385,385,2,33,4.5,Yes,1,
386,386,7,93,2.7,Yes,3,
387,387,17,39,3.4,Yes,4,
388,388,8,93,4.6,Yes,4,
389,389,9,82,2.7,Yes,4,
390,390,24,42,4.2,Yes,5,
391,391,25,71,3.2,Yes,4,
392,392,2,86,4.8,Yes,2,
393,393,18,82,3.3,Yes,3,
394,394,10,65,4.2,Yes,4,
395,395,19,29,4.8,Yes,6,
396,396,5,65,4.9,Yes,4,
397,397,11,88,3.9,Yes,5,
398,398,23,46,3.0,Yes,2,
399,399,24,67,4.6,Yes,6,
400,400,19,35,3.5,Yes,6,
401,401,24,66,4.8,Yes,4,
402,402,18,91,4.8,Yes,2,
403,403,22,78,3.0,Yes,4,
404,404,5,45,4.5,Yes,5,
405,405,18,93,4.8,Yes,3,
406,406,3,74,3.8,Yes,2,
407,407,25,55,4.6,Yes,2,
408,408,16,76,3.1,Yes,3,
409,409,5,66,3.4,Yes,2,
410,410,7,51,3.3,Yes,5,
411,411,2,26,4.8,Yes,3,
412,412,3,29,2.8,Yes,4,
413,413,15,74,3.1,Yes,5,
414,414,17,99,4.6,Yes,2,
415,415,22,88,2.6,Yes,6,
416,416,8,31,2.6,Yes,5,
417,417,23,55,3.8,Yes,5,
418,418,4,81,4.5,Yes,6,
419,419,2,73,3.0,Yes,1,
420,420,7,91,3.5,Yes,3,
421,421,21,54,3.8,Yes,6,
422,422,6,40,3.5,Yes,2,
423,423,14,59,3.1,Yes,6,
424,424,19,26,3.0,Yes,3,
425,425,2,23,4.3,Yes,4,
426,426,3,87,3.3,Yes,3,
427,427,14,71,4.7,Yes,3,
428,428,22,91,4.5,Yes,3,
429,429,8,64,2.9,Yes,6,
430,430,4,94,4.1,Yes,2,
431,431,6,40,3.5,Yes,6,
432,432,20,76,3.4,Yes,2,
433,433,6,86,3.3,Yes,1,
434,434,12,92,3.2,Yes,3,
435,435,10,52,4.0,Yes,4,
436,436,8,28,3.6,Yes,5,
437,437,14,46,4.6,Yes,5,
438,438,17,50,2.6,Yes,4,
439,439,23,23,4.3,Yes,3,
440,440,15,50,3.4,Yes,2,
441,441,6,89,3.5,Yes,6,
442,442,16,81,4.2,Yes,3,
443,443,13,69,3.5,Yes,3,
444,444,13,67,3.6,Yes,4,
445,445,11,20,4.3,Yes,6,
446,446,24,29,4.9,Yes,1,
447,447,6,74,4.1,Yes,1,
448,448,7,82,3.6,Yes,5,
449,449,25,23,3.4,Yes,5,
450,450,17,45,2.9,Yes,5,
451,451,24,21,2.7,Yes,3,
452,452,17,31,4.3,Yes,3,
453,453,14,45,3.3,Yes,4,
454,454,17,56,2.8,Yes,3,
455,455,15,97,3.2,Yes,2,
456,456,1,100,3.6,Yes,6,
457,457,1,96,4.0,Yes,3,
458,458,25,99,4.9,Yes,6,
459,459,7,91,4.0,Yes,4,
460,460,20,30,3.8,Yes,4,
461,461,10,65,3.7,Yes,5,
462,462,24,93,3.9,Yes,1,
463,463,15,81,3.3,Yes,1,
464,464,17,81,2.7,Yes,1,
465,465,13,52,4.7,Yes,4,
466,466,12,88,2.8,Yes,2,
467,467,3,24,4.6,Yes,4,
468,468,22,51,4.5,Yes,6,
469,469,22,38,5.0,Yes,2,
470,470,7,46,4.1,Yes,6,
471,471,11,63,4.6,Yes,2,
472,472,19,72,4.9,Yes,5,
473,473,3,39,3.9,Yes,5,
474,474,8,42,3.9,Yes,4,
475,475,2,76,2.6,Yes,2,
476,476,5,66,2.7,Yes,6,
477,477,19,90,3.5,Yes,6,
478,478,2,56,3.7,Yes,6,
479,479,17,43,3.2,Yes,1,
480,480,9,84,3.3,Yes,1,
481,481,16,88,4.8,Yes,6,
482,482,20,88,3.2,Yes,4,
483,483,23,42,2.5,Yes,1,
484,484,16,73,3.9,Yes,6,
485,485,20,73,4.7,Yes,5,
486,486,10,44,2.6,Yes,6,
487,487,4,63,2.8,Yes,1,
488,488,15,68,4.4,Yes,3,
489,489,2,29,4.6,Yes,1,
490,490,21,85,3.2,Yes,4,
491,491,5,42,4.2,Yes,2,
492,492,8,69,3.7,Yes,3,
493,493,6,62,3.9,Yes,6,
494,494,22,48,4.7,Yes,2,
495,495,24,68,4.5,Yes,6,
496,496,9,36,3.3,Yes,6,
497,497,11,63,3.3,Yes,1,
498,498,5,39,4.6,Yes,2,
499,499,24,78,3.6,Yes,5,
500,500,10,99,4.8,Yes,4,
501,501,18,31,4.8,Yes,1,
502,502,24,45,2.9,Yes,1,
503,503,14,30,2.8,Yes,4,
504,504,10,24,3.2,Yes,5,
505,505,10,22,3.9,Yes,4,
506,506,18,63,4.3,Yes,2,
507,507,19,40,2.7,Yes,6,
508,508,7,20,5.0,Yes,6,
509,509,17,20,3.7,Yes,4,
510,510,18,80,3.9,Yes,6,
511,511,6,87,3.9,Yes,1,
512,512,6,46,3.1,Yes,4,
513,513,25,49,3.3,Yes,5,
514,514,19,65,3.6,Yes,1,
515,515,12,62,4.3,Yes,4,
516,516,20,67,4.5,Yes,2,
517,517,16,41,2.8,Yes,6,
518,518,24,49,2.7,Yes,2,
519,519,1,100,2.9,Yes,1,
520,520,23,54,4.4,Yes,5,
521,521,13,84,3.9,Yes,6,
522,522,7,41,3.5,Yes,5,
523,523,25,88,2.5,Yes,2,
524,524,4,40,4.9,Yes,4,
525,525,6,39,4.8,Yes,4,
526,526,8,37,3.2,Yes,6,
527,527,14,52,4.9,Yes,2,
528,528,18,23,4.3,Yes,5,
529,529,5,88,3.2,Yes,2,
530,530,7,84,3.7,Yes,3,
531,531,8,37,3.2,Yes,3,
532,532,4,51,3.4,Yes,2,
533,533,14,76,4.1,Yes,5,
534,534,4,60,4.5,Yes,6,
535,535,25,72,4.5,Yes,4,
536,536,18,45,3.2,Yes,5,
537,537,15,84,4.4,Yes,6,
538,538,1,49,3.0,Yes,6,
539,539,21,22,3.2,Yes,2,
540,540,8,48,4.0,Yes,6,
541,541,11,37,3.1,Yes,2,
542,542,15,27,2.8,Yes,2,
543,543,24,79,4.6,Yes,2,
544,544,12,98,4.3,Yes,3,
545,545,4,64,3.3,Yes,5,
546,546,8,32,3.5,Yes,6,
547,547,16,74,3.4,Yes,1,
548,548,15,50,2.8,Yes,1,
549,549,22,64,4.6,Yes,6,
550,550,22,29,3.6,Yes,1,
551,551,23,62,3.3,Yes,4,
552,552,8,78,3.1,Yes,2,
553,553,18,94,3.5,Yes,5,
554,554,13,59,3.2,Yes,3,
555,555,5,47,3.0,Yes,5,
556,556,25,57,4.8,Yes,1,
557,557,8,90,5.0,Yes,2,
558,558,6,60,2.9,Yes,6,
559,559,5,77,3.2,Yes,6,
560,560,19,41,2.9,Yes,5,
561,561,17,48,3.3,Yes,6,
562,562,15,65,2.6,Yes,4,
563,563,3,62,3.5,Yes,6,
564,564,10,99,4.4,Yes,6,
565,565,16,58,3.4,Yes,5,
566,566,22,43,4.2,Yes,1,
567,567,5,93,3.6,Yes,6,
568,568,1,50,3.0,Yes,1,
569,569,14,88,4.0,Yes,4,
570,570,12,33,4.4,Yes,3,
571,571,18,99,4.1,Yes,2,
572,572,15,76,3.6,Yes,1,
573,573,19,97,4.6,Yes,5,
574,574,14,68,3.2,Yes,3,
575,575,5,79,4.8,Yes,5,
576,576,3,86,4.8,Yes,4,
577,577,20,68,5.0,Yes,3,
578,578,12,52,3.7,Yes,1,
579,579,4,90,4.6,Yes,3,
580,580,4,41,3.7,Yes,3,
581,581,2,80,4.1,Yes,4,
582,582,2,100,2.7,Yes,5,
583,583,15,77,4.9,Yes,5,
584,584,7,78,4.0,Yes,4,
585,585,21,94,4.7,Yes,6,
586,586,21,23,2.8,Yes,2,
587,587,16,20,4.9,Yes,1,
588,588,21,86,4.2,Yes,6,
589,589,24,60,3.0,Yes,6,
590,590,6,70,3.4,Yes,4,
591,591,23,39,4.6,Yes,1,
592,592,22,37,4.2,Yes,6,
593,593,24,29,3.2,Yes,1,
594,594,8,35,4.4,Yes,4,
595,595,16,83,2.5,Yes,6,
596,596,10,77,3.6,Yes,4,
597,597,10,37,4.5,Yes,1,
598,598,17,69,3.4,Yes,5,
599,599,11,66,3.2,Yes,2,
600,600,24,26,4.2,Yes,6,
601,601,20,63,5.0,Yes,1,
602,602,22,38,4.7,Yes,2,
603,603,10,58,4.2,Yes,2,
604,604,9,46,3.4,Yes,4,
605,605,13,92,4.4,Yes,3,
606,606,20,32,4.2,Yes,5,
607,607,19,90,4.5,Yes,4,
608,608,16,23,2.8,Yes,2,
609,609,22,25,3.3,Yes,1,
610,610,2,54,4.6,Yes,3,
611,611,7,72,2.5,Yes,5,
612,612,19,33,4.7,Yes,2,
613,613,20,43,4.6,Yes,3,
614,614,8,51,2.6,Yes,2,
615,615,17,85,4.0,Yes,3,
616,616,4,100,2.6,Yes,1,
617,617,25,72,4.6,Yes,3,
618,618,22,57,2.6,Yes,5,
619,619,15,94,4.0,Yes,6,
620,620,22,34,4.6,Yes,6,
621,621,22,89,3.7,Yes,1,
622,622,13,27,4.4,Yes,3,
623,623,21,63,4.0,Yes,5,
624,624,10,70,4.7,Yes,4,
625,625,14,87,3.4,Yes,4,
626,626,17,79,4.0,Yes,1,
627,627,13,79,3.9,Yes,1,
628,628,4,44,4.1,Yes,4,
629,629,2,85,3.7,Yes,3,
630,630,10,90,4.7,Yes,6,
631,631,17,94,4.3,Yes,6,
632,632,24,68,4.1,Yes,2,
633,633,22,51,3.9,Yes,1,
634,634,4,33,2.9,Yes,6,
635,635,5,60,3.9,Yes,4,
636,636,16,59,4.3,Yes,2,
637,637,9,30,2.8,Yes,5,
638,638,2,20,3.4,Yes,2,
639,639,4,20,2.7,Yes,4,
640,640,11,24,4.0,Yes,3,
641,641,12,88,4.4,Yes,6,
642,642,1,78,3.9,Yes,3,
643,643,12,25,2.8,Yes,6,
644,644,2,57,3.2,Yes,5,
645,645,22,93,4.3,Yes,2,
646,646,16,42,4.2,Yes,1,
647,647,24,54,4.9,Yes,1,
648,648,1,70,3.7,Yes,3,
649,649,16,31,4.1,Yes,3,
650,650,14,93,4.2,Yes,4,
651,651,25,40,3.9,Yes,5,
652,652,20,32,2.9,Yes,1,
653,653,13,27,3.1,Yes,1,
654,654,19,68,3.6,Yes,2,
655,655,9,59,4.4,Yes,1,
656,656,9,36,3.1,Yes,1,
657,657,3,23,3.9,Yes,4,
658,658,15,80,4.3,Yes,4,
659,659,22,37,4.9,Yes,1,
660,660,7,52,3.6,Yes,2,
661,661,8,79,5.0,Yes,3,
662,662,6,68,4.1,Yes,3,
663,663,25,98,2.8,Yes,1,
664,664,11,83,4.7,Yes,3,
665,665,14,83,4.4,Yes,4,
666,666,14,55,4.9,Yes,3,
667,667,16,26,3.1,Yes,6,
668,668,13,76,2.6,Yes,5,
669,669,18,85,2.9,Yes,5,
670,670,15,89,3.3,Yes,1,
671,671,2,41,4.8,Yes,2,
672,672,15,30,4.7,Yes,2,
673,673,21,53,3.3,Yes,2,
674,674,6,66,4.2,Yes,1,
675,675,17,33,4.7,Yes,5,
676,676,13,86,2.6,Yes,2,
677,677,14,60,2.9,Yes,1,
678,678,21,62,2.7,Yes,4,
679,679,1,74,3.3,Yes,6,
680,680,4,95,3.4,Yes,1,
681,681,5,25,4.2,Yes,4,
682,682,6,59,3.8,Yes,3,
683,683,15,29,4.0,Yes,3,
684,684,4,36,2.7,Yes,5,
685,685,20,82,4.7,Yes,6,
686,686,1,71,3.5,Yes,2,
687,687,2,35,3.0,Yes,1,
688,688,25,38,3.3,Yes,5,
689,689,19,59,4.7,Yes,1,
690,690,16,91,4.7,Yes,3,
691,691,7,68,4.8,Yes,5,
692,692,22,21,2.9,Yes,4,
693,693,13,95,4.0,Yes,6,
694,694,7,52,3.1,Yes,2,
695,695,11,21,3.5,Yes,1,
696,696,7,67,3.7,Yes,6,
697,697,23,42,2.8,Yes,2,
698,698,19,63,4.6,Yes,6,
699,699,24,41,3.8,Yes,6,
700,700,9,46,2.6,Yes,4,
701,701,14,79,4.1,Yes,4,
702,702,24,90,3.3,Yes,6,
703,703,6,71,3.4,Yes,2,
704,704,11,87,3.0,Yes,1,
705,705,16,66,3.2,Yes,4,
706,706,14,90,4.5,Yes,2,
707,707,3,47,4.8,Yes,6,
708,708,6,38,3.7,Yes,1,
709,709,22,50,3.4,Yes,2,
710,710,15,79,4.6,Yes,6,
711,711,19,91,4.1,Yes,4,
712,712,24,60,3.5,Yes,5,
713,713,1,81,3.8,Yes,5,
714,714,16,90,2.6,Yes,5,
715,715,15,70,4.4,Yes,6,
716,716,3,63,2.6,Yes,6,
717,717,17,29,3.6,Yes,1,
718,718,21,90,4.2,Yes,1,
719,719,6,22,4.6,Yes,5,
720,720,7,22,3.3,Yes,1,
721,721,17,62,3.4,Yes,6,
722,722,1,57,4.4,Yes,6,
723,723,2,32,4.3,Yes,2,
724,724,17,53,3.5,Yes,4,
725,725,18,79,4.7,Yes,1,
726,726,20,61,3.1,Yes,6,
727,727,7,78,3.6,Yes,5,
728,728,2,97,4.8,Yes,1,
729,729,3,78,3.7,Yes,4,
730,730,13,56,3.2,Yes,4,
731,731,24,25,3.9,Yes,1,
732,732,8,28,3.5,Yes,4,
733,733,6,57,2.8,Yes,2,
734,734,11,36,2.7,Yes,6,
735,735,6,69,3.1,Yes,5,
736,736,13,48,3.6,Yes,2,
737,737,11,58,2.9,Yes,3,
738,738,13,24,3.6,Yes,4,
739,739,13,31,3.5,Yes,1,
740,740,7,29,3.5,Yes,1,
741,741,3,69,2.8,Yes,3,
742,742,18,79,4.7,Yes,5,
743,743,14,39,3.1,Yes,6,
744,744,13,84,4.9,Yes,2,
745,745,24,66,4.1,Yes,6,
746,746,18,92,4.7,Yes,1,
747,747,4,45,2.5,Yes,3,
748,748,7,74,4.4,Yes,5,
749,749,20,39,3.9,Yes,5,
750,750,19,71,3.7,Yes,6,
751,751,18,95,3.4,Yes,1,
752,752,25,72,4.8,Yes,3,
753,753,19,85,4.2,Yes,4,
754,754,24,54,3.4,Yes,1,
755,755,25,41,2.9,Yes,6,
756,756,8,24,3.3,Yes,4,
757,757,23,99,4.8,Yes,2,
758,758,16,32,3.8,Yes,6,
759,759,10,71,4.6,Yes,5,
760,760,11,49,2.6,Yes,3,
761,761,25,50,3.4,Yes,2,
762,762,17,91,4.2,Yes,5,
763,763,23,46,3.9,Yes,6,
764,764,2,50,2.9,Yes,3,
765,765,12,39,4.2,Yes,6,
766,766,5,99,3.0,Yes,2,
767,767,25,48,3.6,Yes,4,
768,768,8,77,2.5,Yes,2,
769,769,22,95,2.6,Yes,1,
770,770,21,100,4.3,Yes,4,
771,771,5,54,3.3,Yes,3,
772,772,2,68,2.6,Yes,5,
773,773,3,22,3.6,Yes,6,
774,774,20,84,2.6,Yes,6,
775,775,20,46,3.5,Yes,3,
776,776,9,53,3.0,Yes,4,
777,777,6,60,5.0,Yes,1,
778,778,21,32,2.5,Yes,1,
779,779,21,50,2.9,Yes,6,
780,780,11,94,4.6,Yes,2,
781,781,10,26,3.6,Yes,2,
782,782,19,44,3.0,Yes,3,
783,783,16,57,4.5,Yes,2,
784,784,18,65,4.5,Yes,4,
785,785,3,72,3.2,Yes,5,
786,786,7,62,4.0,Yes,4,
787,787,20,21,4.8,Yes,5,
788,788,9,85,3.7,Yes,1,
789,789,14,51,3.8,Yes,5,
790,790,9,84,2.7,Yes,3,
791,791,2,37,4.9,Yes,5,
792,792,19,44,3.1,Yes,4,
793,793,5,45,4.2,Yes,1,
794,794,14,35,3.8,Yes,3,
795,795,22,50,4.2,Yes,6,
796,796,4,26,4.6,Yes,1,
797,797,21,78,4.0,Yes,3,
798,798,8,82,4.0,Yes,6,
799,799,21,39,3.8,Yes,4,
800,800,23,55,3.3,Yes,4,
801,801,21,20,2.6,Yes,2,
802,802,23,29,4.9,Yes,3,
803,803,14,41,3.5,Yes,5,
804,804,7,38,2.8,Yes,1,
805,805,24,47,2.6,Yes,1,
806,806,11,30,3.7,Yes,6,
807,807,3,56,2.7,Yes,4,
808,808,18,89,3.3,Yes,3,
809,809,10,96,4.6,Yes,2,
810,810,24,81,4.9,Yes,4,
811,811,19,83,4.9,Yes,6,
812,812,5,35,2.7,Yes,1,
813,813,24,56,3.2,Yes,3,
814,814,9,45,2.9,Yes,6,
815,815,6,62,3.8,Yes,4,
816,816,20,84,3.0,Yes,1,
817,817,2,24,3.9,Yes,6,
818,818,9,21,4.7,Yes,4,
819,819,6,91,4.9,Yes,6,
820,820,13,36,4.8,Yes,6,
821,821,5,39,2.5,Yes,6,
822,822,16,39,3.9,Yes,3,
823,823,6,59,3.4,Yes,5,
824,824,13,27,2.5,Yes,3,
825,825,1,94,3.0,Yes,2,
826,826,23,94,3.6,Yes,2,
827,827,11,94,3.6,Yes,4,
828,828,10,51,4.1,Yes,5,
829,829,21,62,3.7,Yes,4,
830,830,21,57,3.1,Yes,3,
831,831,7,76,4.2,Yes,3,
832,832,25,63,4.3,Yes,2,
833,833,15,80,2.5,Yes,2,
834,834,9,68,3.5,Yes,3,
835,835,22,89,3.1,Yes,3,
836,836,24,26,2.5,Yes,6,
837,837,25,90,3.9,Yes,2,
838,838,16,28,4.9,Yes,2,
839,839,8,29,4.3,Yes,3,
840,840,6,31,2.6,Yes,6,
841,841,6,24,4.2,Yes,4,
842,842,2,88,2.6,Yes,4,
843,843,6,87,3.6,Yes,4,
844,844,16,80,3.2,Yes,4,
845,845,4,48,4.4,Yes,1,
846,846,23,21,3.7,Yes,1,
847,847,24,72,3.7,Yes,6,
848,848,16,44,4.1,Yes,4,
849,849,4,73,3.6,Yes,3,
850,850,3,61,4.3,Yes,4,
851,851,10,20,2.6,Yes,1,
852,852,4,86,2.9,Yes,6,
853,853,11,60,4.2,Yes,6,
854,854,20,43,4.0,Yes,2,
855,855,14,44,4.3,Yes,1,
856,856,21,76,3.0,Yes,3,
857,857,6,33,3.5,Yes,6,
858,858,7,60,3.0,Yes,6,
859,859,15,26,3.1,Yes,4,
860,860,16,73,4.0,Yes,6,
861,861,10,87,4.1,Yes,2,
862,862,12,100,3.3,Yes,3,
863,863,8,84,4.9,Yes,4,
864,864,5,41,3.9,Yes,4,
865,865,3,59,3.9,Yes,4,
866,866,1,26,4.8,Yes,1,
867,867,13,69,2.7,Yes,4,
868,868,15,20,3.1,Yes,5,
869,869,11,83,3.2,Yes,3,
870,870,20,54,2.7,Yes,4,
871,871,16,66,2.5,Yes,5,
872,872,9,42,2.6,Yes,6,
873,873,3,33,2.9,Yes,2,
874,874,24,77,4.2,Yes,1,
875,875,15,65,4.4,Yes,1,
876,876,4,39,4.1,Yes,5,
877,877,23,51,3.8,Yes,6,
878,878,9,65,4.9,Yes,1,
879,879,13,89,4.9,Yes,6,
880,880,12,76,4.1,Yes,4,
881,881,22,75,3.1,Yes,6,
882,882,4,61,2.7,Yes,1,
883,883,24,35,3.8,Yes,2,
884,884,5,37,4.3,Yes,5,
885,885,12,91,4.1,Yes,5,
886,886,11,99,4.4,Yes,6,
887,887,7,54,3.6,Yes,5,
888,888,9,47,3.3,Yes,4,
889,889,19,77,3.6,Yes,2,
890,890,23,84,2.8,Yes,1,
891,891,25,51,4.3,Yes,3,
892,892,12,26,3.9,Yes,4,
893,893,7,64,2.7,Yes,6,
894,894,22,51,4.7,Yes,1,
895,895,16,60,3.8,Yes,6,
896,896,20,69,4.7,Yes,6,
897,897,17,29,4.7,Yes,2,
898,898,6,91,3.4,Yes,1,
899,899,23,70,3.5,Yes,5,
900,900,2,58,4.0,Yes,4,
901,901,20,98,3.3,Yes,5,
902,902,19,68,4.7,Yes,2,
903,903,20,44,2.8,Yes,2,
904,904,15,45,3.3,Yes,4,
905,905,18,99,2.9,Yes,4,
906,906,11,68,2.8,Yes,1,
907,907,14,56,4.2,Yes,6,
908,908,2,43,4.4,Yes,3,
909,909,13,99,3.6,Yes,4,
910,910,23,56,2.7,Yes,4,
911,911,16,25,3.4,Yes,3,
912,912,14,74,2.8,Yes,5,
913,913,16,56,3.4,Yes,5,
914,914,5,47,2.6,Yes,2,
915,915,11,67,4.1,Yes,1,
916,916,11,22,2.9,Yes,3,
917,917,3,34,2.7,Yes,1,
918,918,2,64,3.7,Yes,5,
919,919,7,42,4.3,Yes,2,
920,920,6,82,2.6,Yes,6,
921,921,23,81,4.3,Yes,2,
922,922,8,24,4.1,Yes,4,
923,923,5,60,4.2,Yes,3,
924,924,6,24,4.2,Yes,4,
925,925,21,78,3.1,Yes,2,
926,926,3,88,4.9,Yes,2,
927,927,3,63,4.4,Yes,2,
928,928,5,78,4.4,Yes,1,
929,929,11,37,3.4,Yes,2,
930,930,24,94,4.5,Yes,6,
931,931,18,78,4.5,Yes,3,
932,932,8,36,4.1,Yes,5,
933,933,12,24,3.2,Yes,6,
934,934,5,84,2.7,Yes,6,
935,935,3,47,3.7,Yes,5,
936,936,16,51,2.6,Yes,5,
937,937,10,84,2.7,Yes,2,
938,938,7,24,2.7,Yes,1,
939,939,1,97,4.8,Yes,6,
940,940,18,89,4.8,Yes,3,
941,941,23,44,2.6,Yes,4,
942,942,9,35,4.5,Yes,4,
943,943,11,91,3.2,Yes,4,
944,944,20,63,3.8,Yes,1,
945,945,23,97,4.8,Yes,2,
946,946,24,38,4.1,Yes,1,
947,947,8,24,2.8,Yes,4,
948,948,1,32,3.9,Yes,2,
949,949,20,90,4.9,Yes,1,
950,950,3,36,3.4,Yes,1,
951,951,22,37,4.1,Yes,4,
952,952,11,51,2.9,Yes,5,
953,953,20,71,3.1,Yes,4,
954,954,13,50,3.6,Yes,1,
955,955,20,74,3.5,Yes,3,
956,956,11,75,3.4,Yes,4,
957,957,6,99,2.9,Yes,6,
958,958,19,23,4.7,Yes,2,
959,959,5,53,4.4,Yes,3,
960,960,12,99,2.6,Yes,2,
961,961,17,48,4.4,Yes,1,
962,962,24,72,3.7,Yes,6,
963,963,13,64,4.4,Yes,6,
964,964,24,63,2.5,Yes,3,
965,965,4,51,2.6,Yes,1,
966,966,24,55,5.0,Yes,3,
967,967,11,55,4.9,Yes,2,
968,968,16,26,3.7,Yes,2,
969,969,7,67,3.1,Yes,5,
970,970,8,31,3.2,Yes,4,
971,971,3,66,4.4,Yes,2,
972,972,13,67,4.3,Yes,3,
973,973,5,61,3.0,Yes,3,
974,974,15,75,3.5,Yes,5,
975,975,12,90,3.6,Yes,5,
976,976,2,40,3.8,Yes,5,
977,977,18,90,3.6,Yes,3,
978,978,23,20,4.6,Yes,2,
979,979,25,40,2.5,Yes,3,
980,980,20,33,3.5,Yes,6,
981,981,24,98,4.0,Yes,4,
982,982,23,42,3.5,Yes,3,
983,983,8,62,3.2,Yes,4,
984,984,20,45,3.5,Yes,1,
985,985,10,78,3.4,Yes,3,
986,986,9,80,5.0,Yes,5,
987,987,19,96,4.5,Yes,5,
988,988,9,47,2.8,Yes,4,
989,989,14,84,4.9,Yes,4,
990,990,10,31,3.1,Yes,5,
991,991,13,63,4.8,Yes,2,
992,992,7,97,2.7,Yes,5,
993,993,15,99,4.6,Yes,6,
994,994,4,90,4.4,Yes,2,
995,995,10,68,3.2,Yes,6,
996,996,17,80,3.0,Yes,1,
997,997,4,91,4.9,Yes,5,
998,998,14,30,3.6,Yes,2,
999,999,10,90,3.8,Yes,5,
1000,1000,21,28,2.9,Yes,6,
1001,1001,21,46,3.9,Yes,5,
1002,1002,11,60,3.6,Yes,6,
1003,1003,10,59,3.5,Yes,5,
1004,1004,20,68,4.0,Yes,2,
1005,1005,22,79,4.8,Yes,2,
1006,1006,22,94,3.9,Yes,6,
1007,1007,14,83,4.5,Yes,1,
1008,1008,25,62,4.8,Yes,3,
1009,1009,19,85,2.6,Yes,4,
1010,1010,16,30,3.1,Yes,1,
1011,1011,3,24,4.7,Yes,3,
1012,1012,22,25,2.9,Yes,6,
1013,1013,4,37,3.8,Yes,3,
1014,1014,23,69,3.8,Yes,1,
1015,1015,10,97,3.0,Yes,6,
1016,1016,25,24,4.1,Yes,2,
1017,1017,23,30,3.4,Yes,5,
1018,1018,15,53,2.5,Yes,3,
1019,1019,11,70,4.9,Yes,2,
1020,1020,6,76,2.8,Yes,1,
1021,1021,19,95,4.5,Yes,6,
1022,1022,8,51,4.9,Yes,4,
1023,1023,9,41,4.9,Yes,2,
1024,1024,13,71,3.5,Yes,5,
1025,1025,18,66,3.5,Yes,1,
1026,1026,6,84,4.9,Yes,3,
1027,1027,9,95,3.0,Yes,4,
1028,1028,17,90,2.8,Yes,2,
1029,1029,16,36,3.7,Yes,2,
1030,1030,25,22,3.6,Yes,1,
1031,1031,8,89,3.3,Yes,6,
1032,1032,4,50,3.4,Yes,2,
1033,1033,24,36,4.0,Yes,3,
1034,1034,14,52,4.6,Yes,5,
1035,1035,21,29,4.2,Yes,5,
1036,1036,1,89,2.8,Yes,1,
1037,1037,9,47,3.7,Yes,5,
1038,1038,17,25,3.4,Yes,6,
1039,1039,14,74,3.0,Yes,5,
1040,1040,23,46,4.8,Yes,1,
1041,1041,3,22,4.0,Yes,2,
1042,1042,6,25,4.9,Yes,2,
1043,1043,23,80,4.9,Yes,3,
1044,1044,3,76,3.3,Yes,6,
1045,1045,3,30,4.4,Yes,5,
1046,1046,2,79,3.5,Yes,4,
1047,1047,5,22,4.2,Yes,1,
1048,1048,21,36,4.2,Yes,3,
1049,1049,21,77,2.7,Yes,1,
1050,1050,13,33,2.8,Yes,2,
1051,1051,5,64,3.8,Yes,1,
1052,1052,21,53,2.6,Yes,4,
1053,1053,10,36,3.0,Yes,3,
1054,1054,1,70,3.3,Yes,6,
1055,1055,7,96,4.9,Yes,4,
1056,1056,15,27,3.3,Yes,6,
1057,1057,2,64,2.9,Yes,1,
1058,1058,15,23,4.4,Yes,3,
1059,1059,19,33,3.1,Yes,5,
1060,1060,15,34,2.5,Yes,6,
1061,1061,2,35,2.6,Yes,6,
1062,1062,8,62,4.4,Yes,1,
1063,1063,24,75,2.6,Yes,6,
1064,1064,16,29,3.3,Yes,2,
1065,1065,20,28,3.5,Yes,3,
1066,1066,18,20,4.1,Yes,4,
1067,1067,8,96,4.0,Yes,4,
1068,1068,11,43,2.7,Yes,4,
1069,1069,6,94,2.5,Yes,3,
1070,1070,12,81,4.3,Yes,1,
1071,1071,17,75,3.3,Yes,6,
1072,1072,20,81,2.6,Yes,3,
1073,1073,7,92,3.5,Yes,6,
1074,1074,19,96,4.0,Yes,3,
1075,1075,17,71,2.6,Yes,5,
1076,1076,13,50,4.9,Yes,6,
1077,1077,8,72,2.9,Yes,1,
1078,1078,15,28,3.7,Yes,4,
1079,1079,2,59,4.4,Yes,3,
1080,1080,8,33,4.4,Yes,5,
1081,1081,19,59,3.8,Yes,2,
1082,1082,23,30,4.5,Yes,3,
1083,1083,20,85,2.6,Yes,1,
1084,1084,22,97,3.3,Yes,2,
1085,1085,18,36,4.1,Yes,2,
1086,1086,17,85,3.0,Yes,1,
1087,1087,13,62,3.0,Yes,4,
1088,1088,3,71,3.4,Yes,5,
1089,1089,14,21,2.7,Yes,4,
1090,1090,22,61,3.8,Yes,4,
1091,1091,19,58,4.2,Yes,2,
1092,1092,2,80,4.7,Yes,3,
1093,1093,17,50,4.1,Yes,1,
1094,1094,5,48,4.2,Yes,1,
1095,1095,17,40,4.8,Yes,2,
1096,1096,8,34,3.0,Yes,5,
1097,1097,8,46,2.6,Yes,3,
1098,1098,13,27,3.2,Yes,5,
1099,1099,9,98,3.6,Yes,3,
1100,1100,2,73,2.6,Yes,5,
1101,1101,14,28,4.4,Yes,3,
1102,1102,25,76,3.0,Yes,2,
1103,1103,2,83,2.9,Yes,2,
1104,1104,16,23,4.3,Yes,6,
1105,1105,20,28,3.1,Yes,5,
1106,1106,18,83,3.0,Yes,1,
1107,1107,12,96,3.6,Yes,1,
1108,1108,5,62,2.8,Yes,5,
1109,1109,7,25,2.8,Yes,2,
1110,1110,16,97,4.9,Yes,1,
1111,1111,16,61,3.0,Yes,2,
1112,1112,10,66,4.1,Yes,3,
1113,1113,16,67,4.6,Yes,4,
1114,1114,13,80,4.8,Yes,4,
1115,1115,12,25,2.6,Yes,5,
1116,1116,20,58,4.0,Yes,2,
1117,1117,22,96,4.2,Yes,4,
1118,1118,13,77,4.5,Yes,3,
1119,1119,23,65,4.9,Yes,4,
1120,1120,17,36,3.1,Yes,3,
1121,1121,5,84,4.0,Yes,6,
1122,1122,18,58,3.2,Yes,2,
1123,1123,9,62,4.3,Yes,3,
1124,1124,20,67,2.5,Yes,2,
1125,1125,2,20,4.9,Yes,2,
1126,1126,4,90,2.7,Yes,5,
1127,1127,19,58,3.4,Yes,1,
1128,1128,6,53,4.8,Yes,6,
1129,1129,25,30,4.7,Yes,6,
1130,1130,16,65,4.7,Yes,1,
1131,1131,17,41,3.9,Yes,4,
1132,1132,6,73,3.7,Yes,5,
1133,1133,16,98,4.3,Yes,2,
1134,1134,10,36,4.1,Yes,2,
1135,1135,18,81,4.6,Yes,1,
1136,1136,12,90,3.6,Yes,5,
1137,1137,9,83,4.8,Yes,2,
1138,1138,6,91,2.8,Yes,5,
1139,1139,14,36,4.7,Yes,1,
1140,1140,8,53,3.9,Yes,6,
1141,1141,3,39,2.6,Yes,3,
1142,1142,25,33,4.7,Yes,4,
1143,1143,18,76,3.5,Yes,1,
1144,1144,24,23,4.4,Yes,4,
1145,1145,3,54,4.4,Yes,5,
1146,1146,5,89,3.0,Yes,2,
1147,1147,5,38,4.2,Yes,5,
1148,1148,20,36,4.3,Yes,6,
1149,1149,14,66,2.6,Yes,4,
1150,1150,17,42,3.3,Yes,1,
1151,1151,17,36,2.7,Yes,1,
1152,1152,1,86,4.2,Yes,3,
1153,1153,9,49,4.0,Yes,4,
1154,1154,6,41,4.0,Yes,5,
1155,1155,11,82,2.9,Yes,3,
1156,1156,18,53,2.6,Yes,4,
1157,1157,10,21,4.8,Yes,1,
1158,1158,23,66,4.4,Yes,2,
1159,1159,23,89,4.0,Yes,5,
1160,1160,9,55,3.6,Yes,1,
1161,1161,19,42,3.2,Yes,1,
1162,1162,7,52,3.1,Yes,4,
1163,1163,4,92,4.2,Yes,4,
1164,1164,14,56,3.0,Yes,6,
1165,1165,11,96,4.2,Yes,4,
1166,1166,18,64,2.9,Yes,1,
1167,1167,11,48,3.7,Yes,1,
1168,1168,21,83,3.6,Yes,4,
1169,1169,19,91,3.6,Yes,6,
1170,1170,22,94,4.5,Yes,2,
1171,1171,12,62,3.2,Yes,2,
1172,1172,21,55,3.9,Yes,6,
1173,1173,8,68,4.6,Yes,5,
1174,1174,17,76,2.5,Yes,2,
1175,1175,22,31,4.3,Yes,5,
1176,1176,23,81,4.1,Yes,4,
1177,1177,11,83,4.6,Yes,4,
1178,1178,12,21,4.8,Yes,6,
1179,1179,11,22,4.9,Yes,6,
1180,1180,18,33,2.8,Yes,5,
1181,1181,12,23,4.9,Yes,2,
1182,1182,7,96,3.5,Yes,5,
1183,1183,17,21,3.8,Yes,4,
1184,1184,14,39,4.5,Yes,3,
1185,1185,23,73,3.4,Yes,3,
1186,1186,3,64,3.9,Yes,3,
1187,1187,3,68,4.1,Yes,3,
1188,1188,20,89,3.0,Yes,3,
1189,1189,1,29,3.3,Yes,3,
1190,1190,6,97,4.9,Yes,6,
1191,1191,6,45,4.3,Yes,3,
1192,1192,18,70,4.1,Yes,1,
1193,1193,8,56,4.0,Yes,1,
1194,1194,15,55,5.0,Yes,3,
1195,1195,16,46,3.1,Yes,3,
1196,1196,19,95,4.0,Yes,1,
1197,1197,23,88,3.2,Yes,5,
1198,1198,5,92,3.9,Yes,4,
1199,1199,21,49,3.9,Yes,2,
1200,1200,4,89,4.5,Yes,6,
1201,1201,8,22,4.4,Yes,4,
1202,1202,10,61,3.1,Yes,1,
1203,1203,19,29,2.9,Yes,1,
1204,1204,5,82,3.7,Yes,5,
1205,1205,23,94,3.2,Yes,3,
1206,1206,9,99,3.5,Yes,5,
1207,1207,9,59,3.0,Yes,1,
1208,1208,24,90,4.1,Yes,3,
1209,1209,24,100,2.9,Yes,6,
1210,1210,14,62,3.8,Yes,5,
1211,1211,13,78,4.1,Yes,2,
1212,1212,16,94,4.6,Yes,1,
1213,1213,10,74,2.5,Yes,3,
1214,1214,9,52,3.7,Yes,6,
1215,1215,15,81,3.8,Yes,2,
1216,1216,1,20,2.6,Yes,3,
1217,1217,14,32,3.7,Yes,1,
1218,1218,24,63,2.6,Yes,2,
1219,1219,24,79,3.1,Yes,2,
1220,1220,2,23,2.5,Yes,3,
1221,1221,25,64,4.9,Yes,5,
1222,1222,21,69,4.5,Yes,2,
1223,1223,3,69,3.4,Yes,5,
1224,1224,14,24,3.9,Yes,5,
1225,1225,7,50,3.7,Yes,1,
1226,1226,25,97,2.6,Yes,6,
1227,1227,4,91,3.4,Yes,1,
1228,1228,1,37,4.9,Yes,5,
1229,1229,15,55,3.9,Yes,2,
1230,1230,17,52,3.6,Yes,5,
1231,1231,20,80,4.6,Yes,1,
1232,1232,21,79,4.0,Yes,3,
1233,1233,9,23,3.6,Yes,6,
1234,1234,14,73,3.5,Yes,1,
1235,1235,25,99,4.1,Yes,5,
1236,1236,2,22,3.0,Yes,4,
1237,1237,20,68,4.4,Yes,6,
1238,1238,11,92,4.4,Yes,3,
1239,1239,14,77,3.7,Yes,1,
1240,1240,8,37,4.8,Yes,6,
1241,1241,19,79,2.9,Yes,6,
1242,1242,16,51,3.1,Yes,3,
1243,1243,21,27,4.0,Yes,5,
1244,1244,1,23,3.0,Yes,6,
1245,1245,21,76,3.9,Yes,2,
1246,1246,11,31,3.4,Yes,5,
1247,1247,16,60,2.7,Yes,2,
1248,1248,18,99,3.5,Yes,1,
1249,1249,20,37,3.0,Yes,3,
1250,1250,24,50,4.5,Yes,1,
1251,1251,3,26,4.1,Yes,2,
1252,1252,7,86,5.0,Yes,3,
1253,1253,4,41,4.0,Yes,2,
1254,1254,4,23,4.9,Yes,4,
1255,1255,5,56,3.3,Yes,3,
1256,1256,20,68,4.1,Yes,2,
1257,1257,8,48,3.6,Yes,2,
1258,1258,11,67,3.0,Yes,2,
1259,1259,24,87,4.1,Yes,6,
1260,1260,12,64,3.9,Yes,3,
1261,1261,6,93,4.1,Yes,6,
1262,1262,6,29,2.8,Yes,3,
1263,1263,24,62,4.8,Yes,1,
1264,1264,16,70,4.6,Yes,3,
1265,1265,2,92,2.5,Yes,1,
1266,1266,6,79,2.7,Yes,5,
1267,1267,1,31,4.0,Yes,6,
1268,1268,18,83,2.7,Yes,2,
1269,1269,15,88,2.9,Yes,6,
1270,1270,17,53,3.0,Yes,4,
1271,1271,16,98,3.3,Yes,2,
1272,1272,17,57,4.3,Yes,4,
1273,1273,4,80,4.4,Yes,5,
1274,1274,3,29,4.1,Yes,3,
1275,1275,20,73,3.1,Yes,4,
1276,1276,2,32,4.5,Yes,4,
1277,1277,24,68,4.8,Yes,5,
1278,1278,1,97,5.0,Yes,1,
1279,1279,7,98,2.8,Yes,1,
1280,1280,16,56,3.7,Yes,6,
1281,1281,14,78,4.4,Yes,1,
1282,1282,23,81,4.5,Yes,1,
1283,1283,6,68,3.0,Yes,1,
1284,1284,6,94,3.9,Yes,6,
1285,1285,11,93,3.9,Yes,4,
1286,1286,25,99,3.5,Yes,5,
1287,1287,25,49,4.9,Yes,6,
1288,1288,3,28,3.4,Yes,4,
1289,1289,23,93,4.1,Yes,4,
1290,1290,15,24,2.9,Yes,4,
1291,1291,12,35,3.4,Yes,4,
1292,1292,4,68,3.2,Yes,6,
1293,1293,23,61,3.9,Yes,5,
1294,1294,2,74,4.1,Yes,6,
1295,1295,6,64,4.5,Yes,2,
1296,1296,5,60,2.8,Yes,4,
1297,1297,3,29,2.8,Yes,2,
1298,1298,4,85,4.6,Yes,1,
1299,1299,14,81,3.0,Yes,5,
1300,1300,23,23,3.6,Yes,1,
1301,1301,18,100,4.5,Yes,3,
1302,1302,6,54,5.0,Yes,6,
1303,1303,5,25,2.9,Yes,3,
1304,1304,1,32,3.1,Yes,3,
1305,1305,22,63,4.0,Yes,4,
1306,1306,14,56,4.5,Yes,4,
1307,1307,2,33,4.5,Yes,4,
1308,1308,8,32,3.1,Yes,4,
1309,1309,11,38,4.4,Yes,3,
1310,1310,1,21,4.7,Yes,2,
1311,1311,16,59,3.1,Yes,3,
1312,1312,10,87,4.2,Yes,1,
1313,1313,18,79,3.0,Yes,5,
1314,1314,10,28,2.6,Yes,3,
1315,1315,24,67,3.4,Yes,6,
1316,1316,7,75,4.2,Yes,6,
1317,1317,23,32,4.6,Yes,6,
1318,1318,14,43,2.8,Yes,2,
1319,1319,7,93,2.7,Yes,3,
1320,1320,13,24,4.0,Yes,5,
1321,1321,20,31,3.1,Yes,6,
1322,1322,18,84,3.7,Yes,5,
1323,1323,14,74,4.0,Yes,5,
1324,1324,7,62,4.6,Yes,6,
1325,1325,17,77,3.8,Yes,3,
1326,1326,22,73,3.5,Yes,2,
1327,1327,10,50,4.6,Yes,2,
1328,1328,8,40,2.8,Yes,2,
1329,1329,2,97,3.7,Yes,5,
1330,1330,25,63,3.3,Yes,4,
1331,1331,9,65,2.9,Yes,4,
1332,1332,21,91,3.2,Yes,4,
1333,1333,16,60,4.3,Yes,5,
1334,1334,14,69,2.7,Yes,5,
1335,1335,8,52,4.2,Yes,1,
1336,1336,24,49,4.8,Yes,3,
1337,1337,5,85,4.8,Yes,6,
1338,1338,2,86,3.4,Yes,3,
1339,1339,9,51,2.6,Yes,4,
1340,1340,23,56,5.0,Yes,5,
1341,1341,23,72,4.4,Yes,6,
1342,1342,16,27,2.9,Yes,5,
1343,1343,13,43,3.4,Yes,5,
1344,1344,5,56,3.4,Yes,5,
1345,1345,18,37,4.9,Yes,2,
1346,1346,11,21,3.6,Yes,1,
1347,1347,16,91,3.0,Yes,1,
1348,1348,2,95,3.9,Yes,5,
1349,1349,23,54,3.2,Yes,3,
1350,1350,21,36,3.2,Yes,2,
1351,1351,13,71,4.3,Yes,2,
1352,1352,8,31,2.8,Yes,5,
1353,1353,20,89,4.5,Yes,3,
1354,1354,14,83,4.1,Yes,2,
1355,1355,22,42,3.6,Yes,5,
1356,1356,7,91,3.0,Yes,4,
1357,1357,15,61,4.0,Yes,5,
1358,1358,22,66,3.5,Yes,2,
1359,1359,19,22,2.5,Yes,1,
1360,1360,16,68,4.3,Yes,5,
1361,1361,12,43,2.8,Yes,5,
1362,1362,11,32,3.7,Yes,6,
1363,1363,8,46,4.3,Yes,2,
1364,1364,1,90,4.0,Yes,4,
1365,1365,20,75,4.7,Yes,2,
1366,1366,9,69,4.5,Yes,5,
1367,1367,23,40,3.1,Yes,3,
1368,1368,23,63,3.8,Yes,2,
1369,1369,6,36,4.9,Yes,2,
1370,1370,10,75,3.2,Yes,1,
1371,1371,19,67,2.9,Yes,5,
1372,1372,14,64,2.8,Yes,3,
1373,1373,1,61,4.0,Yes,4,
1374,1374,25,40,2.6,Yes,2,
1375,1375,9,97,2.7,Yes,5,
1376,1376,5,31,4.1,Yes,3,
1377,1377,4,65,5.0,Yes,4,
1378,1378,13,54,3.0,Yes,1,
1379,1379,15,49,3.6,Yes,1,
1380,1380,18,64,2.8,Yes,1,
1381,1381,5,35,4.6,Yes,2,
1382,1382,10,86,2.9,Yes,1,
1383,1383,15,55,4.8,Yes,5,
1384,1384,19,58,3.3,Yes,1,
1385,1385,5,96,4.6,Yes,5,
1386,1386,17,64,2.6,Yes,5,
1387,1387,15,56,4.0,Yes,6,
1388,1388,1,85,3.8,Yes,3,
1389,1389,11,23,3.9,Yes,2,
1390,1390,19,72,2.6,Yes,6,
1391,1391,20,38,4.3,Yes,6,
1392,1392,1,29,3.6,Yes,3,
1393,1393,25,46,4.2,Yes,1,
1394,1394,25,58,3.9,Yes,4,
1395,1395,8,43,4.7,Yes,2,
1396,1396,19,32,2.8,Yes,4,
1397,1397,14,30,3.0,Yes,6,
1398,1398,13,67,4.7,Yes,4,
1399,1399,11,45,2.5,Yes,3,
1400,1400,20,81,3.1,Yes,1,
1401,1401,22,23,3.6,Yes,3,
1402,1402,4,59,3.5,Yes,4,
1403,1403,13,21,3.1,Yes,4,
1404,1404,22,20,3.6,Yes,3,
1405,1405,17,28,3.5,Yes,6,
1406,1406,21,100,2.7,Yes,3,
1407,1407,6,46,3.6,Yes,6,
1408,1408,9,61,4.5,Yes,3,
1409,1409,1,58,4.1,Yes,1,
1410,1410,22,50,4.2,Yes,2,
1411,1411,20,93,4.0,Yes,6,
1412,1412,12,24,2.8,Yes,1,
1413,1413,7,100,2.6,Yes,1,
1414,1414,1,79,2.7,Yes,5,
1415,1415,21,51,4.5,Yes,3,
1416,1416,23,90,3.7,Yes,3,
1417,1417,24,56,3.4,Yes,2,
1418,1418,7,25,4.6,Yes,6,
1419,1419,6,75,4.1,Yes,1,
1420,1420,9,75,2.6,Yes,6,
1421,1421,3,53,4.6,Yes,4,
1422,1422,11,100,3.0,Yes,5,
1423,1423,11,27,3.4,Yes,4,
1424,1424,4,60,3.5,Yes,1,
1425,1425,15,23,3.5,Yes,5,
1426,1426,8,40,3.7,Yes,3,
1427,1427,14,38,4.8,Yes,4,
1428,1428,22,90,4.9,Yes,3,
1429,1429,1,97,4.9,Yes,4,
1430,1430,12,38,4.7,Yes,3,
1431,1431,4,30,4.9,Yes,3,
1432,1432,14,88,2.9,Yes,1,
1433,1433,20,33,4.4,Yes,6,
1434,1434,16,60,3.2,Yes,6,
1435,1435,2,64,4.6,Yes,6,
1436,1436,19,95,4.0,Yes,2,
1437,1437,5,83,3.7,Yes,4,
1438,1438,24,97,4.2,Yes,2,
1439,1439,8,38,2.9,Yes,6,
1440,1440,24,48,4.8,Yes,2,
1441,1441,4,76,4.4,Yes,1,
1442,1442,14,25,3.4,Yes,1,
1443,1443,16,92,2.8,Yes,3,
1444,1444,4,47,4.2,Yes,2,
1445,1445,2,36,3.8,Yes,2,
1446,1446,23,51,3.1,Yes,3,
1447,1447,3,35,3.2,Yes,3,
1448,1448,16,57,3.0,Yes,4,
1449,1449,24,95,3.6,Yes,3,
1450,1450,21,41,2.5,Yes,2,
1451,1451,11,44,3.4,Yes,2,
1452,1452,15,34,2.5,Yes,4,
1453,1453,15,25,4.7,Yes,5,
1454,1454,24,93,3.2,Yes,5,
1455,1455,5,50,2.9,Yes,3,
1456,1456,14,79,4.9,Yes,4,
1457,1457,8,100,2.7,Yes,4,
1458,1458,6,57,4.7,Yes,1,
1459,1459,2,28,2.9,Yes,1,
1460,1460,10,35,4.8,Yes,1,
1461,1461,24,85,4.6,Yes,1,
1462,1462,13,95,5.0,Yes,1,
1463,1463,5,90,4.8,Yes,1,
1464,1464,17,49,4.9,Yes,5,
1465,1465,23,92,4.6,Yes,5,
1466,1466,25,72,3.9,Yes,2,
1467,1467,7,71,4.5,Yes,4,
1468,1468,17,27,4.7,Yes,6,
1469,1469,25,39,3.9,Yes,2,
1470,1470,17,98,4.4,Yes,4,
1471,1471,4,27,3.9,Yes,2,
1472,1472,17,71,2.8,Yes,1,
1473,1473,20,24,3.5,Yes,2,
1474,1474,7,63,4.3,Yes,3,
1475,1475,2,72,3.9,Yes,3,
1476,1476,1,61,4.0,Yes,2,
1477,1477,20,56,4.1,Yes,3,
1478,1478,23,32,4.3,Yes,4,
1479,1479,25,23,4.2,Yes,1,
1480,1480,8,100,4.0,Yes,5,
1481,1481,17,74,3.6,Yes,2,
1482,1482,12,33,3.3,Yes,4,
1483,1483,25,67,4.1,Yes,5,
1484,1484,17,61,4.7,Yes,6,
1485,1485,7,46,4.4,Yes,1,
1486,1486,25,56,3.4,Yes,2,
1487,1487,5,73,5.0,Yes,1,
1488,1488,12,44,4.6,Yes,4,
1489,1489,20,44,4.0,Yes,3,
1490,1490,17,26,4.1,Yes,1,
1491,1491,5,52,4.9,Yes,1,
1492,1492,6,54,2.7,Yes,5,
1493,1493,15,38,4.5,Yes,1,
1494,1494,23,44,2.7,Yes,3,
1495,1495,18,76,3.0,Yes,5,
1496,1496,17,23,4.5,Yes,4,
1497,1497,18,98,5.0,Yes,1,
1498,1498,15,33,3.8,Yes,6,
1499,1499,2,32,3.1,Yes,1,
1500,1500,24,85,3.4,Yes,3,
1501,1501,3,69,4.8,Yes,6,
1502,1502,3,55,2.7,Yes,6,
1503,1503,14,66,3.2,Yes,2,
1504,1504,15,30,3.9,Yes,2,
1505,1505,15,80,4.2,Yes,5,
1506,1506,23,20,3.0,Yes,2,
1507,1507,6,30,3.0,Yes,4,
1508,1508,11,86,3.7,Yes,1,
1509,1509,1,84,4.4,Yes,2,
1510,1510,11,54,4.6,Yes,6,
1511,1511,1,30,3.0,Yes,1,
1512,1512,11,91,3.6,Yes,3,
1513,1513,5,23,3.9,Yes,4,
1514,1514,21,35,4.1,Yes,2,
1515,1515,10,90,3.9,Yes,1,
1516,1516,3,93,3.9,Yes,2,
1517,1517,3,68,4.5,Yes,5,
1518,1518,25,41,3.4,Yes,2,
1519,1519,23,73,4.1,Yes,1,
1520,1520,13,73,4.9,Yes,4,
1521,1521,20,66,4.4,Yes,2,
1522,1522,22,59,2.7,Yes,5,
1523,1523,7,72,4.8,Yes,6,
1524,1524,21,88,3.3,Yes,6,
1525,1525,21,76,4.4,Yes,2,
1526,1526,23,31,4.6,Yes,2,
1527,1527,15,22,3.1,Yes,4,
1528,1528,20,75,4.5,Yes,6,
1529,1529,18,75,4.0,Yes,1,
1530,1530,22,63,3.1,Yes,3,
1531,1531,8,21,3.9,Yes,5,
1532,1532,22,83,4.5,Yes,4,
1533,1533,15,46,4.4,Yes,4,
1534,1534,10,59,3.6,Yes,5,
1535,1535,1,66,3.4,Yes,1,
1536,1536,4,74,4.0,Yes,1,
1537,1537,13,82,2.6,Yes,2,
1538,1538,10,89,3.2,Yes,1,
1539,1539,11,65,3.2,Yes,1,
1540,1540,23,55,5.0,Yes,2,
1541,1541,7,95,2.9,Yes,5,
1542,1542,9,77,2.9,Yes,2,
1543,1543,1,44,3.5,Yes,4,
1544,1544,3,89,4.0,Yes,1,
1545,1545,17,24,3.9,Yes,6,
1546,1546,23,43,4.9,Yes,5,
1547,1547,5,51,3.8,Yes,5,
1548,1548,20,46,3.5,Yes,2,
1549,1549,11,32,3.7,Yes,5,
1550,1550,5,55,2.9,Yes,6,
1551,1551,13,26,2.8,Yes,5,
1552,1552,9,29,3.7,Yes,3,
1553,1553,1,49,3.0,Yes,3,
1554,1554,1,45,4.8,Yes,6,
1555,1555,7,48,2.7,Yes,2,
1556,1556,7,47,4.5,Yes,2,
1557,1557,16,57,2.7,Yes,3,
1558,1558,22,34,3.5,Yes,4,
1559,1559,13,75,3.5,Yes,3,
1560,1560,19,94,4.5,Yes,4,
1561,1561,20,84,3.8,Yes,6,
1562,1562,19,38,3.8,Yes,5,
1563,1563,19,75,3.2,Yes,1,
1564,1564,14,44,4.3,Yes,2,
1565,1565,22,33,4.5,Yes,6,
1566,1566,13,93,4.2,Yes,4,
1567,1567,5,99,3.0,Yes,2,
1568,1568,22,33,4.1,Yes,2,
1569,1569,5,76,4.6,Yes,6,
1570,1570,12,63,2.9,Yes,6,
1571,1571,14,41,4.8,Yes,5,
1572,1572,17,88,4.5,Yes,5,
1573,1573,12,92,3.4,Yes,6,
1574,1574,18,31,4.3,Yes,6,
1575,1575,12,25,4.2,Yes,4,
1576,1576,6,28,3.6,Yes,2,
1577,1577,11,75,3.7,Yes,4,
1578,1578,24,34,4.0,Yes,1,
1579,1579,14,97,4.9,Yes,4,
1580,1580,15,80,3.1,Yes,5,
1581,1581,5,71,3.7,Yes,2,
1582,1582,17,77,4.2,Yes,2,
1583,1583,23,41,2.5,Yes,2,
1584,1584,19,92,4.3,Yes,1,
1585,1585,1,95,3.1,Yes,3,
1586,1586,2,25,3.0,Yes,6,
1587,1587,24,77,4.0,Yes,5,
1588,1588,21,99,3.5,Yes,3,
1589,1589,23,24,3.2,Yes,1,
1590,1590,5,72,2.7,Yes,2,
1591,1591,3,80,3.0,Yes,4,
1592,1592,12,100,2.9,Yes,4,
1593,1593,10,83,3.3,Yes,5,
1594,1594,11,95,4.9,Yes,5,
1595,1595,9,41,3.7,Yes,2,
1596,1596,22,35,3.5,Yes,6,
1597,1597,17,30,4.7,Yes,6,
1598,1598,20,21,2.6,Yes,5,
1599,1599,17,85,4.1,Yes,1,
1600,1600,6,54,2.8,Yes,6,
1601,1601,24,26,4.7,Yes,4,
1602,1602,6,59,2.9,Yes,3,
1603,1603,13,48,2.8,Yes,1,
1604,1604,7,98,4.3,Yes,6,
1605,1605,2,92,4.8,Yes,3,
1606,1606,23,46,3.4,Yes,3,
1607,1607,18,21,4.3,Yes,4,
1608,1608,7,72,2.7,Yes,6,
1609,1609,4,58,4.6,Yes,5,
1610,1610,6,93,4.1,Yes,1,
1611,1611,21,31,3.4,Yes,4,
1612,1612,14,26,4.5,Yes,6,
1613,1613,12,68,4.4,Yes,1,
1614,1614,17,31,4.0,Yes,3,
1615,1615,18,41,3.4,Yes,2,
1616,1616,17,62,3.2,Yes,2,
1617,1617,20,41,3.4,Yes,2,
1618,1618,1,64,4.3,Yes,3,
1619,1619,4,72,5.0,Yes,6,
1620,1620,9,78,3.5,Yes,1,
1621,1621,20,47,3.1,Yes,4,
1622,1622,19,46,3.9,Yes,6,
1623,1623,7,43,4.0,Yes,5,
1624,1624,22,58,3.5,Yes,6,
1625,1625,2,32,3.6,Yes,4,
1626,1626,12,45,3.0,Yes,4,
1627,1627,5,35,2.6,Yes,3,
1628,1628,13,21,2.9,Yes,3,
1629,1629,11,64,3.1,Yes,2,
1630,1630,1,88,3.3,Yes,1,
1631,1631,10,48,2.9,Yes,1,
1632,1632,2,36,3.9,Yes,5,
1633,1633,25,28,4.7,Yes,6,
1634,1634,21,80,4.4,Yes,6,
1635,1635,8,23,3.6,Yes,2,
1636,1636,13,24,3.2,Yes,2,
1637,1637,24,22,4.0,Yes,2,
1638,1638,11,21,3.5,Yes,1,
1639,1639,15,51,4.6,Yes,1,
1640,1640,25,65,3.3,Yes,4,
1641,1641,19,51,4.0,Yes,4,
1642,1642,16,32,3.4,Yes,5,
1643,1643,8,70,4.2,Yes,4,
1644,1644,19,77,3.9,Yes,4,
1645,1645,8,90,3.9,Yes,6,
1646,1646,19,36,2.8,Yes,1,
1647,1647,9,77,3.7,Yes,5,
1648,1648,24,78,4.9,Yes,6,
1649,1649,14,69,2.6,Yes,3,
1650,1650,18,63,4.9,Yes,3,
1651,1651,19,36,3.4,Yes,3,
1652,1652,8,80,3.9,Yes,6,
1653,1653,2,35,4.0,Yes,5,
1654,1654,23,93,3.0,Yes,6,
1655,1655,23,25,2.6,Yes,3,
1656,1656,2,81,3.2,Yes,4,
1657,1657,1,42,2.6,Yes,4,
1658,1658,12,36,3.2,Yes,6,
1659,1659,17,66,4.1,Yes,2,
1660,1660,25,37,3.9,Yes,1,
1661,1661,18,45,4.1,Yes,1,
1662,1662,25,86,2.7,Yes,6,
1663,1663,13,24,4.6,Yes,6,
1664,1664,6,22,3.5,Yes,2,
1665,1665,9,53,5.0,Yes,4,
1666,1666,15,41,3.4,Yes,1,
1667,1667,12,64,3.1,Yes,4,
1668,1668,9,40,3.4,Yes,5,
1669,1669,1,33,4.0,Yes,6,
1670,1670,18,59,2.7,Yes,5,
1671,1671,14,73,3.6,Yes,2,
1672,1672,16,22,4.0,Yes,5,
1673,1673,24,73,3.8,Yes,1,
1674,1674,1,62,3.4,Yes,1,
1675,1675,8,56,3.2,Yes,6,
1676,1676,14,90,4.7,Yes,3,
1677,1677,13,44,3.1,Yes,5,
1678,1678,3,35,3.3,No,6,
1679,1679,14,71,4.8,No,1,
1680,1680,11,52,4.5,No,6,
1681,1681,10,37,3.4,No,3,
1682,1682,5,95,3.7,No,3,
1683,1683,21,97,4.9,No,3,
1684,1684,8,57,3.5,No,1,
1685,1685,6,93,4.6,No,4,
1686,1686,1,48,4.6,No,4,
1687,1687,25,75,4.2,No,2,
1688,1688,12,70,3.7,No,4,
1689,1689,9,26,3.0,No,1,
1690,1690,6,73,4.6,No,5,
1691,1691,8,30,3.2,No,2,
1692,1692,10,61,3.5,No,2,
1693,1693,9,75,2.6,No,2,
1694,1694,15,88,4.9,No,5,
1695,1695,6,67,2.7,No,6,
1696,1696,20,95,4.7,No,4,
1697,1697,13,69,4.0,No,3,
1698,1698,6,87,3.5,No,3,
1699,1699,23,41,4.8,No,5,
1700,1700,2,67,4.0,No,6,
1701,1701,16,70,4.1,No,5,
1702,1702,9,41,3.8,No,6,
1703,1703,3,83,5.0,No,5,
1704,1704,22,22,4.0,No,5,
1705,1705,5,20,3.9,No,2,
1706,1706,17,29,3.4,No,1,
1707,1707,13,87,3.0,No,1,
1708,1708,7,81,4.9,No,2,
1709,1709,24,58,3.2,No,3,
1710,1710,12,83,3.8,No,5,
1711,1711,14,59,3.8,No,3,
1712,1712,18,93,4.7,No,3,
1713,1713,18,87,3.8,No,2,
1714,1714,15,22,4.6,No,4,
1715,1715,3,71,4.4,No,2,
1716,1716,11,69,3.4,No,4,
1717,1717,1,47,4.7,No,2,
1718,1718,16,50,2.9,No,6,
1719,1719,18,96,3.4,No,4,
1720,1720,2,39,3.2,No,1,
1721,1721,7,84,2.8,No,6,
1722,1722,17,28,4.3,No,3,
1723,1723,18,51,3.3,No,2,
1724,1724,19,20,3.3,No,4,
1725,1725,10,72,3.3,No,4,
1726,1726,13,33,3.0,No,1,
1727,1727,8,28,2.8,No,6,
1728,1728,1,53,4.0,No,4,
1729,1729,3,48,4.3,No,6,
1730,1730,7,21,3.8,No,1,
1731,1731,6,22,4.2,No,3,
1732,1732,22,87,3.1,No,2,
1733,1733,23,50,2.6,No,2,
1734,1734,1,85,3.4,No,3,
1735,1735,3,98,3.1,No,4,
1736,1736,11,34,3.6,No,1,
1737,1737,7,61,2.6,No,2,
1738,1738,17,98,4.2,No,1,
1739,1739,9,61,2.9,No,3,
1740,1740,17,98,4.2,No,2,
1741,1741,14,21,3.3,No,5,
1742,1742,14,51,3.6,No,5,
1743,1743,4,80,4.3,No,1,
1744,1744,12,72,3.3,No,5,
1745,1745,13,63,3.0,No,4,
1746,1746,12,27,3.6,No,2,
1747,1747,9,44,3.1,No,5,
1748,1748,8,23,2.9,No,1,
1749,1749,12,93,3.9,No,5,
1750,1750,16,70,3.2,No,6,
1751,1751,13,85,3.1,No,1,
1752,1752,2,40,3.2,No,2,
1753,1753,24,29,3.3,No,1,
1754,1754,12,27,4.8,No,3,
1755,1755,11,93,3.8,No,3,
1756,1756,23,20,4.6,No,2,
1757,1757,17,55,2.8,No,5,
1758,1758,11,94,3.6,No,6,
1759,1759,20,56,4.3,No,1,
1760,1760,2,58,4.0,No,4,
1761,1761,12,44,3.5,No,4,
1762,1762,16,95,4.9,No,2,
1763,1763,4,42,3.1,No,5,
1764,1764,17,93,3.9,No,4,
1765,1765,11,56,3.0,No,1,
1766,1766,16,88,4.1,No,1,
1767,1767,2,54,4.3,No,2,
1768,1768,17,89,3.8,No,6,
1769,1769,4,45,3.9,No,4,
1770,1770,21,75,4.3,No,2,
1771,1771,22,22,4.3,No,5,
1772,1772,6,82,4.7,No,3,
1773,1773,10,34,3.1,No,5,
1774,1774,8,92,2.7,No,4,
1775,1775,2,78,3.7,No,4,
1776,1776,15,47,3.3,No,2,
1777,1777,15,64,3.4,No,1,
1778,1778,5,44,4.7,No,2,
1779,1779,23,94,4.9,No,6,
1780,1780,19,62,4.3,No,1,
1781,1781,17,81,4.2,No,3,
1782,1782,18,33,3.7,No,5,
1783,1783,14,88,2.7,No,5,
1784,1784,9,49,3.3,No,3,
1785,1785,22,31,4.8,No,6,
1786,1786,25,29,4.1,No,1,
1787,1787,15,34,4.6,No,1,
1788,1788,2,38,4.9,No,5,
1789,1789,1,41,3.1,No,2,
1790,1790,1,34,3.0,No,6,
1791,1791,25,26,3.7,No,4,
1792,1792,3,98,4.0,No,2,
1793,1793,5,59,3.0,No,6,
1794,1794,20,92,3.8,No,2,
1795,1795,22,40,3.7,No,6,
1796,1796,3,20,4.0,No,6,
1797,1797,12,35,3.1,No,1,
1798,1798,23,35,3.9,No,1,
1799,1799,11,82,3.7,No,2,
1800,1800,16,48,3.9,No,1,
1801,1801,8,58,2.7,No,3,
1802,1802,2,57,3.9,No,6,
1803,1803,7,96,2.6,No,1,
1804,1804,5,97,3.5,No,1,
1805,1805,2,42,4.4,No,3,
1806,1806,18,62,4.9,No,6,
1807,1807,9,67,3.9,No,1,
1808,1808,5,46,3.5,No,1,
1809,1809,15,71,4.3,No,6,
1810,1810,22,99,3.4,No,6,
1811,1811,3,28,2.7,No,2,
1812,1812,23,77,3.6,No,5,
1813,1813,24,63,4.9,No,4,
1814,1814,7,62,3.5,No,4,
1815,1815,3,92,3.8,No,2,
1816,1816,10,72,4.5,No,3,
1817,1817,20,79,4.0,No,2,
1818,1818,18,27,4.7,No,2,
1819,1819,13,39,3.8,No,6,
1820,1820,21,86,4.5,No,2,
1821,1821,6,94,5.0,No,4,
1822,1822,7,53,2.8,No,4,
1823,1823,6,85,4.4,No,2,
1824,1824,21,50,4.7,No,5,
1825,1825,14,47,3.8,No,2,
1826,1826,24,75,4.9,No,3,
1827,1827,18,60,4.2,No,6,
1828,1828,18,36,4.9,No,5,
1829,1829,8,80,3.9,No,2,
1830,1830,20,96,4.9,No,3,
1831,1831,13,80,4.8,No,1,
1832,1832,1,71,3.3,No,5,
1833,1833,17,29,4.6,No,2,
1834,1834,17,53,4.5,No,4,
1835,1835,12,35,4.1,No,1,
1836,1836,19,75,3.2,No,3,
1837,1837,14,52,4.2,No,3,
1838,1838,20,77,4.8,No,1,
1839,1839,25,24,4.1,No,3,
1840,1840,6,78,3.7,No,2,
1841,1841,4,98,2.6,No,5,
1842,1842,21,57,3.0,No,4,
1843,1843,9,78,4.4,No,6,
1844,1844,15,76,4.7,No,3,
1845,1845,7,26,2.7,No,3,
1846,1846,4,78,2.8,No,5,
1847,1847,19,53,2.9,No,1,
1848,1848,4,100,4.4,No,3,
1849,1849,3,73,2.7,No,2,
1850,1850,12,40,4.5,No,5,
1851,1851,25,76,2.8,No,6,
1852,1852,12,80,3.1,No,5,
1853,1853,2,80,3.8,No,2,
1854,1854,1,67,2.9,No,4,
1855,1855,2,61,3.8,No,3,
1856,1856,6,76,4.7,No,2,
1857,1857,17,55,3.2,No,4,
1858,1858,18,85,4.0,No,2,
1859,1859,19,69,4.9,No,6,
1860,1860,23,26,3.7,No,6,
1861,1861,18,64,4.8,No,3,
1862,1862,5,60,3.6,No,6,
1863,1863,25,36,4.6,No,4,
1864,1864,4,21,4.3,No,6,
1865,1865,22,72,3.2,No,1,
1866,1866,14,62,3.8,No,5,
1867,1867,18,44,4.2,No,3,
1868,1868,12,52,3.4,No,1,
1869,1869,25,58,4.7,No,2,
1870,1870,1,77,3.9,No,6,
1871,1871,1,99,4.3,No,6,
1872,1872,3,96,2.7,No,2,
1873,1873,18,64,4.6,No,3,
1874,1874,2,44,2.9,No,5,
1875,1875,14,33,3.6,No,2,
1876,1876,24,71,3.9,No,3,
1877,1877,12,36,2.6,No,1,
1878,1878,25,62,3.6,No,3,
1879,1879,21,29,3.4,No,3,
1880,1880,18,33,3.5,No,2,
1881,1881,1,33,3.1,No,6,
1882,1882,1,41,4.3,No,2,
1883,1883,19,54,5.0,No,5,
1884,1884,22,58,4.9,No,6,
1885,1885,7,30,4.3,No,5,
1886,1886,17,53,4.4,No,2,
1887,1887,25,91,4.4,No,2,
1888,1888,16,44,3.5,No,4,
1889,1889,16,89,3.4,No,3,
1890,1890,12,57,2.5,No,5,
1891,1891,13,57,3.4,No,3,
1892,1892,17,74,2.6,No,6,
1893,1893,15,30,4.6,No,1,
1894,1894,11,20,3.7,No,4,
1895,1895,16,90,2.5,No,6,
1896,1896,3,61,4.5,No,6,
1897,1897,4,51,2.9,No,1,
1898,1898,13,97,2.9,No,6,
1899,1899,14,97,3.5,No,1,
1900,1900,7,40,4.2,No,4,
1901,1901,17,85,3.3,No,2,
1902,1902,21,76,3.9,No,2,
1903,1903,4,22,5.0,No,1,
1904,1904,14,63,3.3,No,5,
1905,1905,18,71,4.2,No,2,
1906,1906,24,35,4.9,No,5,
1907,1907,22,30,4.6,No,4,
1908,1908,12,74,4.8,No,3,
1909,1909,19,71,2.7,No,6,
1910,1910,2,84,4.3,No,3,
1911,1911,4,38,3.8,No,6,
1912,1912,17,81,4.9,No,6,
1913,1913,2,56,3.4,No,3,
1914,1914,12,48,3.6,No,2,
1915,1915,7,97,3.4,No,3,
1916,1916,22,74,4.7,No,2,
1917,1917,16,50,3.0,No,6,
1918,1918,12,71,3.4,No,4,
1919,1919,12,33,4.6,No,6,
1920,1920,22,56,3.1,No,4,
1921,1921,1,84,2.8,No,2,
1922,1922,6,36,3.5,No,1,
1923,1923,25,63,4.6,No,4,
1924,1924,4,36,4.3,No,2,
1925,1925,15,63,4.8,No,4,
1926,1926,5,32,2.9,No,3,
1927,1927,22,93,3.0,No,4,
1928,1928,14,29,2.9,No,2,
1929,1929,13,92,3.7,No,4,
1930,1930,3,33,4.7,No,1,
1931,1931,14,52,3.5,No,2,
1932,1932,17,42,2.7,No,6,
1933,1933,16,36,5.0,No,3,
1934,1934,4,67,4.1,No,1,
1935,1935,15,43,2.7,No,5,
1936,1936,1,68,4.8,No,2,
1937,1937,17,60,4.3,No,4,
1938,1938,21,53,4.5,No,5,
1939,1939,3,23,3.8,No,6,
1940,1940,25,57,3.7,No,4,
1941,1941,20,89,3.9,No,4,
1942,1942,10,99,3.3,No,3,
1943,1943,14,28,3.4,No,4,
1944,1944,21,53,3.8,No,2,
1945,1945,16,45,2.7,No,2,
1946,1946,16,38,2.9,No,3,
1947,1947,14,49,4.5,No,3,
1948,1948,6,32,2.6,No,4,
1949,1949,18,37,3.1,No,4,
1950,1950,11,80,4.7,No,4,
1951,1951,22,78,4.6,No,4,
1952,1952,25,53,2.7,No,5,
1953,1953,10,82,4.6,No,2,
1954,1954,12,33,4.8,No,4,
1955,1955,25,77,4.2,No,1,
1956,1956,16,56,4.9,No,2,
1957,1957,21,37,4.9,No,3,
1958,1958,25,54,4.5,No,2,
1959,1959,7,67,2.7,No,2,
1960,1960,10,90,3.1,No,3,
1961,1961,3,72,3.3,No,3,
1962,1962,24,59,2.6,No,6,
1963,1963,20,45,4.4,No,4,
1964,1964,7,30,3.9,No,3,
1965,1965,14,51,4.6,No,6,
1966,1966,2,90,4.9,No,6,
1967,1967,15,95,3.7,No,3,
1968,1968,11,81,3.7,No,1,
1969,1969,6,70,4.2,No,3,
1970,1970,11,32,3.5,No,5,
1971,1971,23,94,2.9,No,3,
1972,1972,20,29,3.4,No,1,
1973,1973,22,31,3.3,No,4,
1974,1974,12,20,4.5,No,1,
1975,1975,25,44,4.6,No,4,
1976,1976,15,77,2.9,No,2,
1977,1977,9,51,3.2,No,4,
1978,1978,4,49,2.6,No,5,
1979,1979,13,78,3.8,No,2,
1980,1980,3,98,2.8,No,6,
1981,1981,4,94,4.4,No,4,
1982,1982,10,91,4.7,No,4,
1983,1983,13,77,2.7,No,4,
1984,1984,19,97,2.6,No,6,
1985,1985,12,58,3.4,No,4,
1986,1986,25,97,3.9,No,3,
1987,1987,8,48,3.4,No,1,
1988,1988,23,23,3.4,No,2,
1989,1989,14,79,3.9,No,5,
1990,1990,17,42,4.0,No,4,
1991,1991,22,95,3.4,No,4,
1992,1992,5,29,3.7,No,1,
1993,1993,16,98,4.9,No,1,
1994,1994,1,96,5.0,No,2,
1995,1995,13,66,2.9,No,3,
1996,1996,24,80,3.0,No,6,
1997,1997,5,27,3.3,No,2,
1998,1998,22,25,4.7,No,6,
1999,1999,14,45,3.4,No,2,
2000,2000,21,89,4.6,No,6,
2001,2001,23,27,3.6,No,2,
2002,2002,13,90,2.6,No,6,
2003,2003,6,65,2.7,No,4,
2004,2004,5,72,3.1,No,2,
2005,2005,10,70,3.2,No,2,
2006,2006,4,82,3.4,No,4,
2007,2007,19,97,4.4,No,3,
2008,2008,6,25,3.2,No,4,
2009,2009,12,48,2.5,No,4,
2010,2010,24,99,3.8,No,1,
2011,2011,2,21,4.4,No,6,
2012,2012,4,94,3.7,No,5,
2013,2013,3,53,3.2,No,2,
2014,2014,22,70,4.9,No,6,
2015,2015,12,26,3.9,No,4,
2016,2016,23,82,4.5,No,3,
2017,2017,10,47,3.4,No,6,
2018,2018,21,32,4.1,No,5,
2019,2019,22,97,4.5,No,5,
2020,2020,6,68,4.7,No,2,
2021,2021,2,23,4.8,No,2,
2022,2022,9,33,4.4,No,1,
2023,2023,17,38,4.0,No,2,
2024,2024,21,68,4.1,No,2,
2025,2025,21,23,3.7,No,4,
2026,2026,6,29,3.0,No,6,
2027,2027,19,35,3.6,No,5,
2028,2028,10,73,4.8,No,3,
2029,2029,10,84,3.7,No,1,
2030,2030,19,23,4.6,No,4,
2031,2031,13,67,2.8,No,3,
2032,2032,21,51,4.0,No,3,
2033,2033,1,36,4.2,No,2,
2034,2034,3,55,3.6,No,1,
2035,2035,7,30,2.9,No,4,
2036,2036,18,70,4.1,No,5,
2037,2037,1,63,3.1,No,2,
2038,2038,23,87,4.3,No,1,
2039,2039,1,70,4.4,No,3,
2040,2040,18,51,3.1,No,6,
2041,2041,17,25,2.9,No,1,
2042,2042,15,32,3.2,No,4,
2043,2043,10,52,4.0,No,1,
2044,2044,25,33,2.7,No,4,
2045,2045,3,68,3.0,No,4,
2046,2046,17,20,4.4,No,4,
2047,2047,14,32,2.8,No,2,
2048,2048,17,82,3.1,No,2,
2049,2049,5,64,3.9,No,5,
2050,2050,24,24,2.7,No,1,
2051,2051,20,96,3.4,No,6,
2052,2052,18,94,3.8,No,3,
2053,2053,22,48,3.7,No,5,
2054,2054,13,60,4.5,No,3,
2055,2055,2,56,2.9,No,4,
2056,2056,9,33,3.4,No,5,
2057,2057,22,46,4.4,No,4,
2058,2058,21,37,4.2,No,4,
2059,2059,6,98,3.3,No,5,
2060,2060,7,50,3.7,No,4,
2061,2061,23,63,3.2,No,5,
2062,2062,2,70,2.6,No,6,
2063,2063,8,63,2.8,No,2,
2064,2064,7,86,2.9,No,2,
2065,2065,10,99,4.0,No,5,
2066,2066,5,40,2.9,No,5,
2067,2067,5,92,4.7,No,6,
2068,2068,14,21,3.1,No,2,
2069,2069,17,81,3.9,No,1,
2070,2070,18,82,3.4,No,6,
2071,2071,17,88,3.1,No,2,
2072,2072,15,100,4.8,No,4,
2073,2073,22,66,3.9,No,5,
2074,2074,23,25,3.5,No,4,
2075,2075,19,53,3.1,No,6,
2076,2076,2,28,4.7,No,6,
2077,2077,25,23,4.6,No,6,
2078,2078,19,34,3.3,No,5,
2079,2079,11,42,3.2,No,6,
2080,2080,3,24,3.1,No,4,
2081,2081,13,47,3.5,No,6,
2082,2082,8,78,4.3,No,5,
2083,2083,3,89,2.9,No,1,
2084,2084,19,59,2.7,No,3,
2085,2085,1,94,4.0,No,5,
2086,2086,3,49,4.6,No,6,
2087,2087,11,89,4.7,No,2,
2088,2088,20,91,4.7,No,3,
2089,2089,4,89,4.0,No,6,
2090,2090,15,57,3.6,No,3,
2091,2091,21,71,3.4,No,6,
2092,2092,3,97,3.0,No,5,
2093,2093,4,45,2.6,No,5,
2094,2094,11,91,4.2,No,6,
2095,2095,21,25,3.4,No,1,
2096,2096,16,63,4.0,No,5,
2097,2097,11,52,4.7,No,6,
2098,2098,5,43,3.9,No,3,
2099,2099,18,28,3.3,No,1,
2100,2100,18,78,2.9,No,4,
2101,2101,2,31,4.4,No,2,
2102,2102,6,23,3.6,No,5,
2103,2103,20,25,4.5,No,2,
2104,2104,14,86,3.7,No,1,
2105,2105,10,88,2.8,No,1,
2106,2106,25,35,4.5,No,1,
2107,2107,17,34,4.4,No,3,
2108,2108,14,75,3.3,No,4,
2109,2109,16,46,4.2,No,3,
2110,2110,17,31,2.7,No,1,
2111,2111,21,93,3.9,No,6,
2112,2112,13,85,2.6,No,5,
2113,2113,23,68,4.5,No,2,
2114,2114,11,40,2.7,No,4,
2115,2115,6,51,2.9,No,6,
2116,2116,19,85,3.4,No,5,
2117,2117,15,23,2.9,No,6,
2118,2118,11,28,3.8,No,6,
2119,2119,21,44,4.2,No,6,
2120,2120,17,57,3.5,No,1,
2121,2121,19,98,3.1,No,4,
2122,2122,22,68,3.5,No,5,
2123,2123,15,36,4.0,No,6,
2124,2124,8,71,3.7,No,6,
2125,2125,12,60,4.2,No,1,
2126,2126,8,87,4.8,No,4,
2127,2127,10,38,4.1,No,3,
2128,2128,24,45,4.5,No,6,
2129,2129,8,47,2.7,No,4,
2130,2130,12,57,2.8,No,4,
2131,2131,22,68,3.7,No,3,
2132,2132,7,52,3.6,No,5,
2133,2133,12,87,4.7,No,6,
2134,2134,20,34,3.8,No,5,
2135,2135,4,41,2.9,No,3,
2136,2136,13,94,4.6,No,6,
2137,2137,13,93,2.8,No,5,
2138,2138,21,51,4.6,No,3,
2139,2139,2,42,2.8,No,1,
2140,2140,24,95,3.0,No,2,
2141,2141,9,90,3.7,No,2,
2142,2142,11,98,4.1,No,4,
2143,2143,20,39,4.3,No,1,
2144,2144,4,66,3.8,No,1,
2145,2145,10,23,3.7,No,4,
2146,2146,12,73,4.8,No,4,
2147,2147,13,23,4.6,No,4,
2148,2148,12,43,4.8,No,2,
2149,2149,18,45,4.6,No,4,
2150,2150,4,21,4.0,No,5,
2151,2151,6,40,2.6,No,2,
2152,2152,3,58,2.6,No,1,
2153,2153,7,48,4.5,No,5,
2154,2154,6,94,4.2,No,4,
2155,2155,19,74,3.4,No,2,
2156,2156,9,51,3.7,No,4,
2157,2157,12,83,3.6,No,6,
2158,2158,9,68,4.0,No,1,
2159,2159,25,84,4.6,No,5,
2160,2160,6,58,3.0,No,2,
2161,2161,1,92,3.3,No,4,
2162,2162,11,69,3.8,No,6,
2163,2163,7,48,2.7,No,4,
2164,2164,10,60,4.5,No,5,
2165,2165,4,20,4.8,No,4,
2166,2166,14,55,4.2,No,3,
2167,2167,15,88,3.5,No,3,
2168,2168,12,48,4.9,No,1,
2169,2169,9,74,4.1,No,2,
2170,2170,8,42,2.9,No,5,
2171,2171,2,32,4.0,No,1,
2172,2172,7,98,4.6,No,2,
2173,2173,12,89,2.8,No,4,
2174,2174,25,97,5.0,No,1,
2175,2175,22,49,2.9,No,2,
2176,2176,11,50,3.3,No,3,
2177,2177,23,91,3.4,No,6,
2178,2178,25,93,3.0,No,4,
2179,2179,17,98,4.7,No,1,
2180,2180,21,82,2.9,No,4,
2181,2181,8,37,4.1,No,2,
2182,2182,9,63,3.2,No,5,
2183,2183,1,99,2.7,No,1,
2184,2184,7,37,4.7,No,2,
2185,2185,10,34,3.2,No,4,
2186,2186,7,32,2.5,No,6,
2187,2187,4,23,4.3,No,4,
2188,2188,1,78,4.4,No,4,
2189,2189,8,54,4.7,No,3,
2190,2190,1,94,4.0,No,3,
2191,2191,23,75,4.6,No,3,
2192,2192,1,69,3.8,No,2,
2193,2193,19,35,3.2,No,3,
2194,2194,6,78,5.0,No,4,
2195,2195,21,29,3.5,No,5,
2196,2196,3,62,3.7,No,2,
2197,2197,11,58,4.8,No,4,
2198,2198,24,88,3.7,No,1,
2199,2199,19,80,3.5,No,1,
2200,2200,19,47,4.9,No,6,
2201,2201,25,51,4.7,No,6,
2202,2202,14,25,4.9,No,1,
2203,2203,11,36,4.3,No,3,
2204,2204,11,79,3.1,No,2,
2205,2205,3,41,3.4,No,6,
2206,2206,2,68,2.7,No,4,
2207,2207,4,51,2.6,No,5,
2208,2208,9,38,2.9,No,3,
2209,2209,19,46,2.7,No,4,
2210,2210,4,20,4.5,No,5,
2211,2211,13,25,3.1,No,4,
2212,2212,2,89,3.2,No,6,
2213,2213,14,77,3.3,No,5,
2214,2214,20,94,2.9,No,6,
2215,2215,23,100,4.1,No,6,
2216,2216,4,96,2.7,No,3,
2217,2217,14,36,4.0,No,1,
2218,2218,17,27,2.6,No,5,
2219,2219,13,67,3.5,No,6,
2220,2220,1,91,2.8,No,5,
2221,2221,23,62,4.5,No,2,
2222,2222,7,88,3.0,No,3,
2223,2223,14,66,4.4,No,3,
2224,2224,4,65,4.7,No,4,
2225,2225,25,25,4.3,No,2,
2226,2226,23,64,4.8,No,3,
2227,2227,6,72,4.8,No,2,
2228,2228,19,74,4.4,No,3,
2229,2229,25,50,3.7,No,3,
2230,2230,14,97,3.9,No,1,
2231,2231,5,36,3.8,No,1,
2232,2232,15,49,4.1,No,3,
2233,2233,10,64,4.0,No,2,
2234,2234,1,31,4.5,No,3,
2235,2235,24,66,4.0,No,2,
2236,2236,21,82,4.5,No,3,
2237,2237,18,88,2.7,No,6,
2238,2238,4,34,3.8,No,1,
2239,2239,5,84,3.8,No,6,
2240,2240,17,96,3.8,No,3,
2241,2241,4,71,4.3,No,6,
2242,2242,15,77,3.5,No,5,
2243,2243,12,66,3.8,No,3,
2244,2244,6,21,3.7,No,6,
2245,2245,7,37,4.8,No,4,
2246,2246,21,90,4.9,No,4,
2247,2247,15,96,4.3,No,4,
2248,2248,17,37,4.4,No,1,
2249,2249,18,66,3.4,No,4,
2250,2250,25,45,4.3,No,6,
2251,2251,10,89,4.6,No,3,
2252,2252,10,94,3.8,No,6,
2253,2253,10,96,3.9,No,5,
2254,2254,16,31,2.6,No,4,
2255,2255,23,79,4.2,No,4,
2256,2256,8,39,4.6,No,5,
2257,2257,1,22,5.0,No,3,
2258,2258,12,32,4.2,No,5,
2259,2259,18,71,4.3,No,3,
2260,2260,3,96,3.3,No,2,
2261,2261,19,82,4.9,No,4,
2262,2262,22,76,4.4,No,5,
2263,2263,22,22,3.1,No,4,
2264,2264,19,40,3.5,No,2,
2265,2265,20,92,3.9,No,4,
2266,2266,8,94,3.9,No,4,
2267,2267,11,44,4.3,No,6,
2268,2268,25,49,3.8,No,1,
2269,2269,2,26,2.7,No,5,
2270,2270,12,38,4.4,No,3,
2271,2271,1,72,3.5,No,1,
2272,2272,11,99,3.4,No,4,
2273,2273,15,38,4.0,No,4,
2274,2274,8,96,4.8,No,4,
2275,2275,11,27,4.5,No,4,
2276,2276,7,24,4.4,No,6,
2277,2277,3,82,4.1,No,6,
2278,2278,20,56,4.6,No,3,
2279,2279,25,25,3.8,No,2,
2280,2280,5,67,2.9,No,5,
2281,2281,10,21,2.8,No,3,
2282,2282,16,27,3.0,No,5,
2283,2283,5,97,4.2,No,3,
2284,2284,9,45,4.1,No,3,
2285,2285,1,63,4.1,No,1,
2286,2286,23,100,4.6,No,4,
2287,2287,21,38,2.5,No,1,
2288,2288,1,45,3.0,No,6,
2289,2289,17,91,3.8,No,4,
2290,2290,7,82,4.1,No,1,
2291,2291,24,48,3.3,No,4,
2292,2292,8,30,5.0,No,3,
2293,2293,18,34,3.8,No,6,
2294,2294,2,68,3.3,No,6,
2295,2295,13,95,5.0,No,6,
2296,2296,20,22,2.9,No,4,
2297,2297,25,88,2.5,No,1,
2298,2298,21,83,4.7,No,5,
2299,2299,9,87,2.9,No,2,
2300,2300,8,57,3.7,No,3,
2301,2301,8,88,4.4,No,3,
2302,2302,14,20,2.9,No,6,
2303,2303,23,39,3.6,No,1,
2304,2304,13,71,4.8,No,3,
2305,2305,16,73,4.7,No,6,
2306,2306,9,63,2.6,No,2,
2307,2307,25,78,3.4,No,2,
2308,2308,12,96,3.5,No,6,
2309,2309,13,81,3.4,No,5,
2310,2310,11,95,5.0,No,5,
2311,2311,25,68,4.6,No,4,
2312,2312,5,28,4.8,No,5,
2313,2313,18,30,3.7,No,2,
2314,2314,11,31,4.7,No,5,
2315,2315,9,95,4.4,No,5,
2316,2316,21,79,3.5,No,6,
2317,2317,5,39,3.8,No,6,
2318,2318,15,34,4.7,No,5,
2319,2319,16,28,3.1,No,3,
2320,2320,4,38,5.0,No,4,
2321,2321,10,55,3.7,No,6,
2322,2322,4,31,3.0,No,6,
2323,2323,8,84,4.5,No,1,
2324,2324,25,93,4.7,No,3,
2325,2325,8,28,3.5,No,6,
2326,2326,24,55,4.4,No,2,
2327,2327,12,63,2.6,No,5,
2328,2328,12,94,4.2,No,1,
2329,2329,14,36,2.6,No,1,
2330,2330,20,97,4.8,No,5,
2331,2331,22,63,2.9,No,4,
2332,2332,19,77,4.3,No,3,
2333,2333,19,53,2.6,No,1,
2334,2334,6,77,3.8,No,4,
2335,2335,24,79,4.2,No,3,
2336,2336,8,37,3.9,No,1,
2337,2337,23,94,3.1,No,3,
2338,2338,24,76,3.6,No,2,
2339,2339,5,68,4.0,No,4,
2340,2340,6,65,3.4,No,5,
2341,2341,1,24,2.6,No,3,
2342,2342,15,31,4.5,No,1,
2343,2343,12,89,4.9,No,6,
2344,2344,21,49,4.4,No,4,
2345,2345,4,92,3.5,No,1,
2346,2346,18,32,3.3,No,5,
2347,2347,15,67,3.1,No,6,
2348,2348,23,64,4.2,No,2,
2349,2349,10,84,4.9,No,4,
2350,2350,1,34,3.9,No,3,
2351,2351,10,26,4.2,No,2,
2352,2352,2,50,4.9,No,4,
2353,2353,24,46,2.8,No,5,
2354,2354,9,71,4.1,No,6,
2355,2355,1,78,4.8,No,1,
2356,2356,12,35,4.1,No,2,
2357,2357,22,58,3.0,No,6,
2358,2358,6,67,4.2,No,3,
2359,2359,2,93,3.8,No,3,
2360,2360,19,81,3.3,No,5,
2361,2361,9,80,4.7,No,1,
2362,2362,19,64,4.3,No,3,
2363,2363,3,41,2.7,No,3,
2364,2364,21,79,4.2,No,2,
2365,2365,13,60,4.2,No,4,
2366,2366,5,91,2.5,No,1,
2367,2367,10,66,3.6,No,3,
2368,2368,21,85,3.4,No,5,
2369,2369,13,38,3.3,No,6,
2370,2370,2,23,4.6,No,4,
2371,2371,10,71,3.9,No,1,
2372,2372,21,25,3.7,No,6,
2373,2373,24,39,3.1,No,4,
2374,2374,16,20,4.9,No,6,
2375,2375,25,73,4.7,No,6,
2376,2376,22,63,2.9,No,3,
2377,2377,25,94,4.1,No,2,
2378,2378,1,94,4.0,No,2,
2379,2379,19,71,2.7,No,4,
2380,2380,20,77,4.0,No,6,
2381,2381,19,66,2.5,No,4,
2382,2382,4,23,4.5,No,4,
2383,2383,2,60,3.9,No,6,
2384,2384,22,72,4.9,No,5,
2385,2385,1,35,3.3,No,4,
2386,2386,19,31,3.8,No,4,
2387,2387,21,33,2.9,No,1,
2388,2388,20,95,4.0,No,6,
2389,2389,11,68,4.1,No,6,
2390,2390,8,87,3.1,No,5,
2391,2391,6,64,4.6,No,6,
2392,2392,6,74,4.6,No,5,
2393,2393,3,62,2.6,No,2,
2394,2394,21,97,5.0,No,4,
2395,2395,4,47,2.9,No,6,
2396,2396,1,83,3.5,No,4,
2397,2397,6,82,3.7,No,1,
2398,2398,13,26,2.9,No,1,
2399,2399,15,81,4.3,No,5,
2400,2400,11,44,3.2,No,2,
2401,2401,13,88,4.2,No,3,
2402,2402,24,76,4.2,No,4,
2403,2403,19,89,3.8,No,2,
2404,2404,7,22,4.4,No,6,
2405,2405,7,33,3.1,No,3,
2406,2406,3,97,5.0,No,6,
2407,2407,19,57,4.7,No,4,
2408,2408,7,38,3.0,No,3,
2409,2409,5,55,4.2,No,6,
2410,2410,17,37,3.0,No,2,
2411,2411,10,43,3.7,No,4,
2412,2412,16,96,2.7,No,2,
2413,2413,15,51,4.3,No,5,
2414,2414,7,95,2.7,No,5,
2415,2415,21,26,3.7,No,3,
2416,2416,8,34,4.3,No,5,
2417,2417,4,83,4.0,No,3,
2418,2418,22,24,3.3,No,1,
2419,2419,14,69,4.0,No,2,
2420,2420,2,40,2.7,No,3,
2421,2421,15,87,4.2,No,4,
2422,2422,5,46,4.6,No,6,
2423,2423,17,82,4.8,No,3,
2424,2424,22,81,2.8,No,3,
2425,2425,17,57,4.5,No,5,
2426,2426,10,49,3.0,No,5,
2427,2427,15,42,4.6,No,6,
2428,2428,15,26,3.3,No,2,
2429,2429,18,38,4.4,No,6,
2430,2430,5,57,4.4,No,3,
2431,2431,15,100,4.3,No,2,
2432,2432,16,73,3.4,No,5,
2433,2433,15,66,2.8,No,1,
2434,2434,18,73,3.4,No,2,
2435,2435,25,45,5.0,No,3,
2436,2436,5,27,4.5,No,2,
2437,2437,18,24,2.7,No,3,
2438,2438,5,59,3.4,No,3,
2439,2439,3,20,3.4,No,1,
2440,2440,9,44,2.8,No,5,
2441,2441,21,90,4.7,No,5,
2442,2442,17,36,4.7,No,3,
2443,2443,1,95,4.7,No,6,
2444,2444,22,30,3.4,No,5,
2445,2445,19,65,3.7,No,6,
2446,2446,19,96,4.1,No,2,
2447,2447,6,65,2.9,No,3,
2448,2448,14,47,3.2,No,1,
2449,2449,20,25,3.0,No,4,
2450,2450,8,56,4.1,No,1,
2451,2451,18,76,4.5,No,1,
2452,2452,21,60,3.4,No,1,
2453,2453,6,67,4.1,No,5,
2454,2454,2,95,4.6,No,2,
2455,2455,25,72,4.6,No,1,
2456,2456,23,98,3.4,No,2,
2457,2457,3,83,3.3,No,4,
2458,2458,9,37,3.6,No,2,
2459,2459,18,85,4.6,No,5,
2460,2460,21,36,4.3,No,2,
2461,2461,3,36,4.0,No,3,
2462,2462,19,86,4.8,No,3,
2463,2463,14,99,4.3,No,5,
2464,2464,1,21,3.3,No,2,
2465,2465,15,84,2.8,No,2,
2466,2466,4,63,4.4,No,5,
2467,2467,7,84,3.7,No,2,
2468,2468,7,72,3.6,No,3,
2469,2469,12,21,3.7,No,1,
2470,2470,4,92,5.0,No,4,
2471,2471,1,72,2.7,No,3,
2472,2472,4,83,4.3,No,2,
2473,2473,6,73,4.1,No,3,
2474,2474,21,98,2.6,No,2,
2475,2475,18,76,3.2,No,5,
2476,2476,11,43,3.5,No,1,
2477,2477,20,60,3.7,No,2,
2478,2478,25,40,3.8,No,4,
2479,2479,21,93,4.8,No,5,
2480,2480,11,98,4.2,No,3,
2481,2481,21,91,2.9,No,3,
2482,2482,23,92,2.9,No,6,
2483,2483,9,87,4.8,No,3,
2484,2484,12,96,2.9,No,6,
2485,2485,16,97,4.8,No,2,
2486,2486,1,55,4.6,No,5,
2487,2487,3,58,4.4,No,3,
2488,2488,24,21,3.0,No,4,
2489,2489,9,82,4.4,No,4,
2490,2490,8,34,3.9,No,1,
2491,2491,1,78,4.0,No,2,
2492,2492,9,47,2.5,No,5,
2493,2493,13,96,4.1,No,5,
2494,2494,21,23,4.8,No,1,
2495,2495,10,27,2.6,No,6,
2496,2496,22,37,3.1,No,3,
2497,2497,19,79,3.2,No,3,
2498,2498,22,40,4.2,No,5,
2499,2499,8,39,2.6,No,2,
2500,2500,16,73,3.1,No,2,
2501,2501,25,84,2.9,No,2,
2502,2502,7,94,4.6,No,1,
2503,2503,12,47,4.1,No,4,
2504,2504,24,77,2.5,No,6,
2505,2505,7,94,4.0,No,2,
2506,2506,9,75,3.5,No,4,
2507,2507,11,82,4.4,No,1,
2508,2508,10,36,2.9,No,3,
2509,2509,5,90,3.1,No,6,
2510,2510,21,48,4.4,No,5,
2511,2511,15,42,4.4,No,3,
2512,2512,22,33,2.7,No,4,
2513,2513,21,63,4.9,No,3,
2514,2514,9,53,3.5,No,2,
2515,2515,20,37,4.8,No,4,
2516,2516,1,92,4.2,No,2,
2517,2517,7,73,4.6,No,6,
2518,2518,6,38,2.9,No,1,
2519,2519,24,51,4.0,No,1,
2520,2520,15,90,4.9,No,3,
2521,2521,15,56,3.1,No,2,
2522,2522,9,33,4.4,No,4,
2523,2523,23,53,2.5,No,6,
2524,2524,9,24,3.4,No,5,
2525,2525,8,59,3.7,No,3,
2526,2526,2,72,4.2,No,4,
2527,2527,7,28,3.4,No,4,
2528,2528,14,36,3.6,No,5,
2529,2529,17,47,4.7,No,6,
2530,2530,25,62,4.7,No,5,
2531,2531,12,98,3.6,No,6,
2532,2532,4,28,4.6,No,2,
2533,2533,21,86,2.6,No,6,
2534,2534,17,46,3.1,No,2,
2535,2535,13,42,3.2,No,2,
2536,2536,8,80,3.9,No,5,
2537,2537,23,39,4.9,No,4,
2538,2538,8,49,4.1,No,4,
2539,2539,19,32,4.2,No,3,
2540,2540,4,73,4.1,No,2,
2541,2541,23,42,3.9,No,6,
2542,2542,19,58,2.7,No,1,
2543,2543,17,22,3.7,No,4,
2544,2544,19,56,2.7,No,4,
2545,2545,14,70,2.5,No,1,
2546,2546,10,50,3.9,No,6,
2547,2547,24,21,3.0,No,3,
2548,2548,15,97,3.2,No,2,
2549,2549,22,63,3.8,No,3,
2550,2550,15,60,2.7,No,6,
2551,2551,24,52,3.0,No,6,
2552,2552,10,32,4.1,No,6,
2553,2553,23,48,3.2,No,3,
2554,2554,17,25,4.5,No,1,
2555,2555,17,68,4.3,No,6,
2556,2556,14,74,3.5,No,3,
2557,2557,18,88,3.1,No,5,
2558,2558,7,23,3.9,No,4,
2559,2559,16,32,2.7,No,4,
2560,2560,23,71,4.0,No,6,
2561,2561,24,62,2.7,No,6,
2562,2562,16,20,2.7,No,6,
2563,2563,7,62,4.7,No,2,
2564,2564,22,81,4.5,No,1,
2565,2565,19,90,3.0,No,5,
2566,2566,21,43,3.6,No,1,
2567,2567,9,38,3.3,No,4,
2568,2568,13,25,4.3,No,2,
2569,2569,18,98,4.3,No,4,
2570,2570,11,75,4.8,No,5,
2571,2571,5,27,4.0,No,4,
2572,2572,13,27,3.5,No,2,
2573,2573,1,42,3.9,No,5,
2574,2574,18,90,4.4,No,5,
2575,2575,20,63,4.6,No,3,
2576,2576,7,96,4.0,No,4,
2577,2577,16,40,4.2,No,6,
2578,2578,21,39,4.5,No,5,
2579,2579,13,48,3.9,No,2,
2580,2580,1,20,3.7,No,1,
2581,2581,3,29,3.6,No,5,
2582,2582,11,81,4.7,No,3,
2583,2583,11,98,3.6,No,1,
2584,2584,3,93,2.5,No,2,
2585,2585,21,30,2.9,No,5,
2586,2586,13,37,4.4,No,6,
2587,2587,8,28,4.6,No,3,
2588,2588,19,29,3.7,No,4,
2589,2589,22,49,3.2,No,1,
2590,2590,14,53,4.9,No,4,
2591,2591,25,66,5.0,No,1,
2592,2592,15,61,3.3,No,2,
2593,2593,7,23,4.4,No,1,
2594,2594,14,36,4.7,No,5,
2595,2595,12,81,3.6,No,2,
2596,2596,1,56,3.2,No,5,
2597,2597,6,78,3.0,No,3,
2598,2598,17,25,4.4,No,1,
2599,2599,22,86,3.3,No,6,
2600,2600,17,99,3.4,No,3,
2601,2601,23,83,3.9,No,5,
2602,2602,11,33,2.9,No,2,
2603,2603,8,44,2.9,No,1,
2604,2604,11,58,2.7,No,2,
2605,2605,2,54,3.4,No,6,
2606,2606,16,93,3.7,No,1,
2607,2607,10,98,4.7,No,5,
2608,2608,10,36,3.1,No,4,
2609,2609,15,68,4.2,No,3,
2610,2610,22,95,3.0,No,6,
2611,2611,3,93,3.1,No,2,
2612,2612,15,99,4.2,No,2,
2613,2613,13,22,3.8,No,1,
2614,2614,25,88,2.9,No,5,
2615,2615,15,65,4.2,No,5,
2616,2616,18,62,3.1,No,6,
2617,2617,4,55,3.6,No,2,
2618,2618,7,97,4.8,No,5,
2619,2619,9,77,4.1,No,1,
2620,2620,14,40,3.9,No,3,
2621,2621,1,23,3.0,No,6,
2622,2622,10,46,3.0,No,5,
2623,2623,22,75,4.9,No,3,
2624,2624,10,76,4.8,No,2,
2625,2625,11,59,3.3,No,3,
2626,2626,12,51,2.7,No,3,
2627,2627,15,46,4.2,No,3,
2628,2628,6,26,3.6,No,5,
2629,2629,16,51,3.8,No,3,
2630,2630,19,44,3.8,No,1,
2631,2631,12,82,4.2,No,2,
2632,2632,12,44,2.7,No,2,
2633,2633,19,27,5.0,No,2,
2634,2634,13,90,4.7,No,3,
2635,2635,4,58,3.2,No,4,
2636,2636,16,80,2.9,No,4,
2637,2637,15,40,4.2,No,1,
2638,2638,14,23,3.7,No,4,
2639,2639,6,34,4.2,No,3,
2640,2640,1,35,2.6,No,6,
2641,2641,12,75,4.0,No,1,
2642,2642,13,60,2.7,No,5,
2643,2643,23,87,4.0,No,5,
2644,2644,25,41,2.9,No,2,
2645,2645,14,83,3.3,No,5,
2646,2646,19,81,4.0,No,5,
2647,2647,18,56,3.9,No,6,
2648,2648,10,58,3.3,No,6,
2649,2649,14,84,3.9,No,4,
2650,2650,25,21,3.9,No,5,
2651,2651,21,35,4.2,No,3,
2652,2652,5,43,4.6,No,4,
2653,2653,7,20,3.3,No,3,
2654,2654,1,36,4.8,No,1,
2655,2655,8,70,4.1,No,4,
2656,2656,13,83,3.4,No,3,
2657,2657,7,76,3.6,No,5,
2658,2658,11,81,2.7,No,3,
2659,2659,9,47,3.2,No,4,
2660,2660,24,35,4.4,No,3,
2661,2661,14,85,4.9,No,1,
2662,2662,24,96,4.8,No,5,
2663,2663,12,98,2.8,No,4,
2664,2664,5,52,2.9,No,5,
2665,2665,17,84,3.2,No,4,
2666,2666,18,71,3.5,No,1,
2667,2667,4,95,4.1,No,1,
2668,2668,24,47,4.1,No,2,
2669,2669,8,75,4.8,No,4,
2670,2670,23,28,2.8,No,3,
2671,2671,13,44,4.7,No,5,
2672,2672,4,64,4.8,No,4,
2673,2673,24,28,2.9,No,2,
2674,2674,16,21,2.6,No,2,
2675,2675,20,41,3.3,No,2,
2676,2676,7,38,3.4,No,2,
2677,2677,22,77,3.6,No,2,
2678,2678,7,43,3.8,No,4,
2679,2679,23,91,3.4,No,3,
2680,2680,7,68,3.8,No,6,
2681,2681,21,37,3.3,No,1,
2682,2682,10,23,4.8,No,6,
2683,2683,5,65,3.9,No,1,
2684,2684,22,30,4.2,No,2,
2685,2685,11,45,4.7,No,3,
2686,2686,24,25,2.7,No,3,
2687,2687,21,72,3.8,No,2,
2688,2688,11,75,3.6,No,6,
2689,2689,9,63,2.9,No,3,
2690,2690,1,35,3.9,No,4,
2691,2691,23,32,4.7,No,5,
2692,2692,14,25,3.3,No,2,
2693,2693,5,90,4.2,No,6,
2694,2694,24,70,2.6,No,2,
2695,2695,13,27,4.9,No,3,
2696,2696,20,92,3.6,No,4,
2697,2697,8,20,4.7,No,6,
2698,2698,15,52,3.2,No,5,
2699,2699,16,57,3.6,No,1,
2700,2700,24,96,3.6,No,6,
2701,2701,18,68,3.2,No,2,
2702,2702,2,30,2.8,No,5,
2703,2703,10,37,4.0,No,6,
2704,2704,19,42,4.4,No,4,
2705,2705,11,54,3.4,No,6,
2706,2706,15,81,5.0,No,3,
2707,2707,10,40,3.1,No,6,
2708,2708,22,88,4.2,No,2,
2709,2709,11,94,3.3,No,6,
2710,2710,6,54,2.9,No,3,
2711,2711,15,51,4.7,No,5,
2712,2712,13,22,4.0,No,1,
2713,2713,15,95,4.6,No,6,
2714,2714,8,57,3.8,No,6,
2715,2715,2,45,3.6,No,3,
2716,2716,5,92,4.1,No,4,
2717,2717,10,40,2.7,No,6,
2718,2718,13,62,4.3,No,3,
2719,2719,7,90,4.9,No,1,
2720,2720,16,82,4.2,No,5,
2721,2721,19,52,2.8,No,5,
2722,2722,4,70,4.9,No,4,
2723,2723,20,83,2.8,No,4,
2724,2724,10,49,2.9,No,4,
2725,2725,5,91,2.5,No,6,
2726,2726,22,99,2.7,No,6,
2727,2727,23,92,3.3,No,4,
2728,2728,6,87,3.7,No,3,
2729,2729,12,28,4.0,No,6,
2730,2730,25,71,4.1,No,3,
2731,2731,25,32,4.1,No,5,
2732,2732,9,33,2.5,No,5,
2733,2733,21,75,4.2,No,6,
2734,2734,22,83,4.7,No,4,
2735,2735,3,93,2.7,No,2,
2736,2736,12,29,3.0,No,4,
2737,2737,16,25,4.8,No,3,
2738,2738,17,76,4.4,No,2,
2739,2739,5,81,4.3,No,1,
2740,2740,6,80,2.5,No,3,
2741,2741,13,70,4.9,No,5,
2742,2742,11,81,4.9,No,1,
2743,2743,10,86,3.9,No,6,
2744,2744,23,94,4.1,No,1,
2745,2745,6,66,3.3,No,3,
2746,2746,24,98,4.1,No,4,
2747,2747,16,25,3.7,No,4,
2748,2748,3,62,3.1,No,3,
2749,2749,15,98,3.0,No,1,
2750,2750,15,53,3.4,No,5,
2751,2751,4,66,2.7,No,4,
2752,2752,11,52,3.1,No,1,
2753,2753,2,64,4.0,No,1,
2754,2754,25,59,3.6,No,4,
2755,2755,13,61,3.6,No,1,
2756,2756,23,97,3.3,No,3,
2757,2757,20,23,4.1,No,4,
2758,2758,20,98,4.3,No,1,
2759,2759,1,98,3.2,No,5,
2760,2760,10,59,3.9,No,2,
2761,2761,12,82,5.0,No,3,
2762,2762,5,82,3.4,No,3,
2763,2763,18,41,3.8,No,6,
2764,2764,9,52,2.9,No,1,
2765,2765,2,41,2.6,No,6,
2766,2766,25,70,4.3,No,3,
2767,2767,11,91,2.8,No,3,
2768,2768,11,95,4.5,No,2,
2769,2769,1,25,3.8,No,4,
2770,2770,6,89,3.0,No,2,
2771,2771,24,44,3.3,No,5,
2772,2772,15,52,3.1,No,5,
2773,2773,22,94,3.5,No,5,
2774,2774,14,98,4.6,No,5,
2775,2775,24,40,4.1,No,3,
2776,2776,21,25,3.6,No,6,
2777,2777,19,62,2.9,No,5,
2778,2778,1,24,4.8,No,3,
2779,2779,23,57,3.2,No,3,
2780,2780,13,66,4.3,No,3,
2781,2781,24,70,4.1,No,4,
2782,2782,4,39,4.6,No,4,
2783,2783,25,34,3.8,No,4,
2784,2784,12,38,4.5,No,3,
2785,2785,12,70,3.1,No,4,
2786,2786,1,80,2.9,No,5,
2787,2787,9,51,3.8,No,6,
2788,2788,24,79,4.1,No,1,
2789,2789,24,92,3.1,No,3,
2790,2790,2,85,5.0,No,3,
2791,2791,21,63,4.5,No,6,
2792,2792,25,60,2.8,No,1,
2793,2793,7,44,3.2,No,3,
2794,2794,24,57,3.1,No,6,
2795,2795,15,24,3.3,No,2,
2796,2796,19,35,3.4,No,4,
2797,2797,15,73,3.8,No,2,
2798,2798,17,42,3.5,No,1,
2799,2799,16,20,4.8,No,4,
2800,2800,18,89,3.9,No,5,
2801,2801,6,76,3.4,No,2,
2802,2802,6,56,2.6,No,4,
2803,2803,8,100,3.1,No,3,
2804,2804,18,44,3.3,No,5,
2805,2805,16,76,2.8,No,5,
2806,2806,13,97,4.3,No,2,
2807,2807,1,39,2.7,No,3,
2808,2808,16,100,4.4,No,6,
2809,2809,12,62,3.9,No,4,
2810,2810,7,98,3.0,No,6,
2811,2811,3,31,4.0,No,6,
2812,2812,15,89,3.7,No,3,
2813,2813,16,91,3.8,No,3,
2814,2814,6,50,3.3,No,6,
2815,2815,18,32,3.6,No,5,
2816,2816,1,67,3.9,No,1,
2817,2817,12,28,3.5,No,1,
2818,2818,22,65,3.4,No,1,
2819,2819,7,73,4.7,No,6,
2820,2820,6,27,3.0,No,2,
2821,2821,22,89,3.9,No,2,
2822,2822,10,72,4.5,No,1,
2823,2823,12,37,4.1,No,4,
2824,2824,11,63,4.5,No,6,
2825,2825,20,90,4.0,No,6,
2826,2826,9,62,4.3,No,5,
2827,2827,9,43,3.6,No,1,
2828,2828,1,96,3.1,No,5,
2829,2829,19,83,2.6,No,4,
2830,2830,17,67,3.4,No,2,
2831,2831,12,90,2.9,No,1,
2832,2832,16,53,5.0,No,3,
2833,2833,19,37,4.6,No,4,
2834,2834,3,56,3.3,No,2,
2835,2835,15,43,2.9,No,3,
2836,2836,18,84,4.9,No,1,
2837,2837,14,50,5.0,No,2,
2838,2838,10,88,4.5,No,4,
2839,2839,15,50,3.7,No,5,
2840,2840,19,80,2.8,No,5,
2841,2841,18,47,3.5,No,2,
2842,2842,11,33,3.0,No,2,
2843,2843,8,100,4.3,No,6,
2844,2844,2,26,3.6,No,1,
2845,2845,20,79,4.4,No,1,
2846,2846,22,77,4.1,No,6,
2847,2847,21,36,2.8,No,4,
2848,2848,17,21,2.8,No,4,
2849,2849,24,72,4.9,No,5,
2850,2850,8,25,4.1,No,4,
2851,2851,2,79,3.0,No,6,
2852,2852,1,73,3.0,No,6,
2853,2853,23,71,3.0,No,1,
2854,2854,20,48,3.2,No,4,
2855,2855,4,28,2.7,No,1,
2856,2856,24,95,3.8,No,4,
2857,2857,15,48,3.5,No,3,
2858,2858,11,93,3.8,No,6,
2859,2859,3,87,3.8,No,5,
2860,2860,7,32,3.4,No,5,
2861,2861,6,38,2.9,No,5,
2862,2862,8,54,3.4,No,3,
2863,2863,8,75,4.7,No,5,
2864,2864,18,56,3.9,No,1,
2865,2865,2,43,3.6,No,1,
2866,2866,12,97,3.7,No,2,
2867,2867,1,75,3.1,No,2,
2868,2868,5,55,4.9,No,2,
2869,2869,22,49,2.6,No,4,
2870,2870,21,58,4.2,No,5,
2871,2871,17,34,4.8,No,6,
2872,2872,7,43,2.7,No,1,
2873,2873,17,48,2.6,No,2,
2874,2874,2,40,2.6,No,5,
2875,2875,6,29,3.1,No,6,
2876,2876,14,81,2.6,No,6,
2877,2877,16,84,3.4,No,5,
2878,2878,21,46,3.6,No,1,
2879,2879,11,86,4.3,No,5,
2880,2880,1,57,4.9,No,1,
2881,2881,12,61,4.8,No,4,
2882,2882,22,90,4.2,No,5,
2883,2883,1,51,2.6,No,3,
2884,2884,21,48,3.2,No,4,
2885,2885,24,50,3.4,No,3,
2886,2886,22,82,3.5,No,3,
2887,2887,20,33,4.2,No,4,
2888,2888,4,28,2.8,No,2,
2889,2889,16,42,5.0,No,6,
2890,2890,13,43,3.3,No,1,
2891,2891,3,55,3.7,No,3,
2892,2892,18,73,2.5,No,4,
2893,2893,11,39,3.2,No,3,
2894,2894,23,20,3.1,No,6,
2895,2895,17,32,3.5,No,1,
2896,2896,16,86,4.6,No,5,
2897,2897,1,91,3.3,No,1,
2898,2898,15,59,2.5,No,2,
2899,2899,5,33,4.6,No,3,
2900,2900,24,64,4.2,No,5,
2901,2901,1,67,4.0,No,2,
2902,2902,1,43,2.6,No,3,
2903,2903,24,32,4.6,No,4,
2904,2904,19,39,3.5,No,3,
2905,2905,4,41,4.0,No,1,
2906,2906,13,53,4.8,No,6,
2907,2907,8,27,3.9,No,1,
2908,2908,13,82,3.7,No,4,
2909,2909,1,87,3.1,No,6,
2910,2910,22,78,3.0,No,3,
2911,2911,23,32,2.9,No,3,
2912,2912,21,38,2.9,No,1,
2913,2913,10,37,4.0,No,2,
2914,2914,8,83,3.5,No,2,
2915,2915,2,72,3.8,No,6,
2916,2916,6,30,4.5,No,6,
2917,2917,7,66,2.7,No,3,
2918,2918,6,45,2.9,No,1,
2919,2919,13,73,4.9,No,2,
2920,2920,10,67,3.8,No,6,
2921,2921,13,72,4.9,No,6,
2922,2922,9,24,4.6,No,2,
2923,2923,13,68,3.5,No,4,
2924,2924,6,70,4.2,No,2,
2925,2925,6,64,3.7,No,6,
2926,2926,2,91,2.8,No,3,
2927,2927,9,82,4.8,No,2,
2928,2928,6,24,2.7,No,1,
2929,2929,17,80,3.6,No,3,
2930,2930,21,53,4.5,No,1,
2931,2931,18,50,4.0,No,1,
2932,2932,17,31,4.5,No,3,
2933,2933,22,88,3.9,No,4,
2934,2934,20,52,3.8,No,1,
2935,2935,25,22,4.7,No,5,
2936,2936,5,27,4.6,No,1,
2937,2937,12,34,3.6,No,4,
2938,2938,9,39,4.3,No,3,
2939,2939,13,53,3.0,No,2,
2940,2940,2,46,4.3,No,1,
2941,2941,9,85,4.8,No,2,
2942,2942,12,86,3.7,No,4,
2943,2943,21,63,2.6,No,5,
2944,2944,6,44,3.4,No,3,
2945,2945,5,95,3.9,No,1,
2946,2946,23,49,4.8,No,3,
2947,2947,14,77,2.8,No,5,
2948,2948,17,63,4.4,No,1,
2949,2949,14,83,3.1,No,6,
2950,2950,17,93,3.8,No,4,
2951,2951,3,91,4.1,No,6,
2952,2952,19,99,4.6,No,2,
2953,2953,23,24,4.9,No,6,
2954,2954,11,82,4.8,No,3,
2955,2955,18,28,3.9,No,3,
2956,2956,24,67,2.6,No,3,
2957,2957,11,88,3.7,No,1,
2958,2958,17,70,4.7,No,2,
2959,2959,12,100,4.5,No,4,
2960,2960,9,28,4.7,No,4,
2961,2961,8,48,3.6,No,3,
2962,2962,16,43,2.8,No,6,
2963,2963,14,40,4.0,No,3,
2964,2964,24,97,3.6,No,3,
2965,2965,8,25,3.8,No,1,
2966,2966,19,45,4.4,No,4,
2967,2967,24,49,2.8,No,6,
2968,2968,5,36,3.4,No,1,
2969,2969,2,48,4.9,No,2,
2970,2970,23,62,4.3,No,2,
2971,2971,17,74,3.4,No,3,
2972,2972,9,100,3.9,No,4,
2973,2973,15,39,4.2,No,1,
2974,2974,24,65,2.7,No,5,
2975,2975,5,99,4.1,No,3,
2976,2976,19,68,4.5,No,2,
2977,2977,8,97,2.8,No,2,
2978,2978,7,47,3.4,No,1,
2979,2979,7,56,3.9,No,5,
2980,2980,3,91,2.6,No,4,
2981,2981,25,93,4.4,No,5,
2982,2982,14,36,4.9,No,1,
2983,2983,11,45,3.6,No,3,
2984,2984,14,44,2.8,No,3,
2985,2985,25,32,4.3,No,6,
2986,2986,23,36,3.0,No,2,
2987,2987,23,85,3.3,No,3,
2988,2988,12,36,2.5,No,2,
2989,2989,21,55,5.0,No,6,
2990,2990,23,20,4.3,No,3,
2991,2991,6,91,4.2,No,1,
2992,2992,11,71,3.9,No,4,
2993,2993,21,64,3.9,No,1,
2994,2994,15,21,4.2,No,2,
2995,2995,2,100,3.5,No,5,
2996,2996,3,96,2.5,No,6,
2997,2997,17,91,2.9,No,1,
2998,2998,2,40,2.7,No,1,
2999,2999,16,53,4.7,No,6,
3000,3000,13,48,3.8,No,2,
3001,3001,4,70,3.7,No,4,
3002,3002,8,29,4.7,No,3,
3003,3003,23,29,3.6,No,5,
3004,3004,1,53,2.8,No,3,
3005,3005,12,79,3.7,No,1,
3006,3006,7,65,3.5,No,1,
3007,3007,11,99,3.7,No,1,
3008,3008,13,60,3.0,No,1,
3009,3009,10,86,4.9,No,4,
3010,3010,23,73,4.6,No,1,
3011,3011,23,45,3.3,No,3,
3012,3012,23,70,3.0,No,3,
3013,3013,23,65,3.5,No,4,
3014,3014,12,55,4.2,No,2,
3015,3015,18,65,4.5,No,4,
3016,3016,19,21,2.8,No,5,
3017,3017,1,26,4.9,No,5,
3018,3018,13,71,3.3,No,2,
3019,3019,24,41,3.0,No,6,
3020,3020,15,44,3.9,No,4,
3021,3021,3,81,2.8,No,1,
3022,3022,13,77,4.5,No,2,
3023,3023,4,26,4.0,No,4,
3024,3024,22,31,2.9,No,4,
3025,3025,1,82,4.0,No,3,
3026,3026,10,60,3.4,No,4,
3027,3027,6,70,2.5,No,3,
3028,3028,16,26,2.8,No,3,
3029,3029,11,100,3.0,No,4,
3030,3030,11,82,3.1,No,6,
3031,3031,5,24,2.6,No,3,
3032,3032,1,74,4.9,No,3,
3033,3033,22,58,3.5,No,3,
3034,3034,2,56,2.6,No,4,
3035,3035,24,37,3.5,No,3,
3036,3036,9,64,4.5,No,2,
3037,3037,16,58,4.3,No,1,
3038,3038,23,44,4.8,No,2,
3039,3039,17,39,4.2,No,6,
3040,3040,1,48,3.2,No,4,
3041,3041,9,32,4.1,No,2,
3042,3042,9,79,4.0,No,4,
3043,3043,8,27,2.9,No,4,
3044,3044,23,98,2.6,No,3,
3045,3045,24,67,2.7,No,5,
3046,3046,21,37,4.6,No,4,
3047,3047,10,49,3.2,No,2,
3048,3048,5,74,4.1,No,4,
3049,3049,17,93,3.9,No,1,
3050,3050,9,60,3.0,No,5,
3051,3051,8,76,3.6,No,1,
3052,3052,13,64,4.6,No,6,
3053,3053,10,38,4.5,No,5,
3054,3054,10,91,3.2,No,5,
3055,3055,24,70,4.9,No,1,
3056,3056,4,22,5.0,No,6,
3057,3057,25,59,3.8,No,2,
3058,3058,22,22,3.4,No,5,
3059,3059,9,74,3.8,No,5,
3060,3060,2,71,3.2,No,3,
3061,3061,8,80,4.7,No,1,
3062,3062,18,59,4.5,No,4,
3063,3063,22,96,3.3,No,4,
3064,3064,13,43,3.9,No,3,
3065,3065,23,76,3.6,No,5,
3066,3066,15,59,2.8,No,1,
3067,3067,12,48,4.3,No,1,
3068,3068,23,22,3.5,No,2,
3069,3069,24,40,4.2,No,6,
3070,3070,3,73,4.6,No,6,
3071,3071,10,26,2.6,No,4,
3072,3072,2,41,3.4,No,4,
3073,3073,17,98,3.1,No,4,
3074,3074,6,63,3.6,No,6,
3075,3075,24,55,4.2,No,6,
3076,3076,7,90,3.6,No,4,
3077,3077,9,46,3.6,No,1,
3078,3078,2,88,3.0,No,6,
3079,3079,23,95,2.5,No,5,
3080,3080,23,31,4.0,No,5,
3081,3081,16,42,4.1,No,2,
3082,3082,5,44,4.9,No,3,
3083,3083,18,99,4.0,No,5,
3084,3084,14,20,3.5,No,4,
3085,3085,19,37,3.2,No,4,
3086,3086,2,50,2.8,No,1,
3087,3087,9,73,3.5,No,1,
3088,3088,6,84,3.1,No,5,
3089,3089,11,64,3.3,No,5,
3090,3090,4,21,4.6,No,2,
3091,3091,6,36,4.9,No,5,
3092,3092,11,81,3.4,No,3,
3093,3093,13,54,3.5,No,5,
3094,3094,21,63,4.8,No,2,
3095,3095,4,59,2.7,No,2,
3096,3096,20,53,3.4,No,1,
3097,3097,6,63,3.5,No,5,
3098,3098,10,33,3.7,No,5,
3099,3099,14,64,3.3,No,5,
3100,3100,6,98,2.9,No,5,
3101,3101,20,85,3.9,No,5,
3102,3102,17,82,2.7,No,4,
3103,3103,15,85,4.3,No,2,
3104,3104,6,37,3.0,No,5,
3105,3105,14,56,5.0,No,6,
3106,3106,12,33,2.7,No,6,
3107,3107,4,57,4.7,No,4,
3108,3108,1,31,4.6,No,3,
3109,3109,21,69,3.2,No,4,
3110,3110,15,92,4.3,No,5,
3111,3111,9,46,4.6,No,5,
3112,3112,23,81,4.9,No,6,
3113,3113,1,97,3.8,No,1,
3114,3114,6,93,2.6,No,6,
3115,3115,9,56,4.7,No,1,
3116,3116,19,53,4.1,No,5,
3117,3117,8,66,3.7,No,1,
3118,3118,16,50,3.0,No,4,
3119,3119,7,97,4.7,No,6,
3120,3120,4,79,4.7,No,3,
3121,3121,6,76,4.0,No,6,
3122,3122,16,38,2.6,No,1,
3123,3123,21,45,3.0,No,3,
3124,3124,9,77,3.3,No,1,
3125,3125,17,51,3.4,No,2,
3126,3126,8,26,4.0,No,2,
3127,3127,13,76,2.6,No,5,
3128,3128,25,94,3.4,No,3,
3129,3129,15,32,4.4,No,2,
3130,3130,4,20,4.7,No,1,
3131,3131,14,20,4.5,No,1,
3132,3132,15,59,2.9,No,5,
3133,3133,2,97,4.2,No,2,
3134,3134,18,68,4.1,No,2,
3135,3135,24,66,4.4,No,5,
3136,3136,10,85,4.7,No,1,
3137,3137,12,32,3.1,No,2,
3138,3138,8,44,2.7,No,5,
3139,3139,1,95,4.6,No,2,
3140,3140,13,85,4.4,No,1,
3141,3141,25,44,4.6,No,5,
3142,3142,13,30,4.9,No,3,
3143,3143,5,21,4.0,No,1,
3144,3144,16,22,2.9,No,2,
3145,3145,24,70,2.6,No,6,
3146,3146,9,29,4.6,No,4,
3147,3147,6,83,4.9,No,4,
3148,3148,2,99,4.3,No,3,
3149,3149,7,35,4.3,No,1,
3150,3150,23,40,4.6,No,1,
3151,3151,1,25,2.6,No,5,
3152,3152,18,64,3.1,No,5,
3153,3153,23,90,3.1,No,4,
3154,3154,21,88,3.1,No,1,
3155,3155,23,55,4.4,No,2,
3156,3156,9,90,4.3,No,2,
3157,3157,6,50,3.1,No,2,
3158,3158,23,34,3.1,No,6,
3159,3159,17,77,4.9,No,3,
3160,3160,20,89,2.9,No,5,
3161,3161,22,87,3.8,No,2,
3162,3162,11,77,4.2,No,2,
3163,3163,10,85,3.9,No,5,
3164,3164,14,66,2.8,No,2,
3165,3165,11,32,2.6,No,3,
3166,3166,15,92,3.0,No,5,
3167,3167,6,80,2.7,No,5,
3168,3168,11,78,2.8,No,2,
3169,3169,3,24,2.9,No,4,
3170,3170,18,59,3.8,No,1,
3171,3171,13,41,4.4,No,3,
3172,3172,17,26,3.1,No,5,
3173,3173,21,52,3.7,No,6,
3174,3174,12,46,4.9,No,4,
3175,3175,14,52,3.8,No,4,
3176,3176,21,42,3.4,No,6,
3177,3177,4,37,4.6,No,3,
3178,3178,23,52,3.2,No,3,
3179,3179,4,34,2.7,No,3,
3180,3180,7,88,4.3,No,6,
3181,3181,9,88,3.8,No,4,
3182,3182,15,51,4.4,No,4,
3183,3183,13,97,3.6,No,3,
3184,3184,5,56,3.5,No,2,
3185,3185,2,53,4.2,No,1,
3186,3186,12,71,4.7,No,4,
3187,3187,17,93,4.8,No,1,
3188,3188,1,72,3.2,No,6,
3189,3189,1,59,3.5,No,5,
3190,3190,24,87,4.2,No,4,
3191,3191,3,78,3.4,No,3,
3192,3192,16,68,4.7,No,3,
3193,3193,2,76,3.0,No,2,
3194,3194,25,99,4.0,No,3,
3195,3195,5,52,4.6,No,3,
3196,3196,13,58,4.9,No,3,
3197,3197,23,59,2.8,No,6,
3198,3198,2,71,3.2,No,3,
3199,3199,25,94,2.8,No,6,
3200,3200,9,40,4.2,No,4,
3201,3201,21,24,4.8,No,3,
3202,3202,14,38,2.8,No,2,
3203,3203,19,37,4.5,No,1,
3204,3204,8,29,4.1,No,1,
3205,3205,15,92,4.3,No,6,
3206,3206,16,24,4.4,No,5,
3207,3207,24,52,3.0,No,4,
3208,3208,21,29,2.7,No,4,
3209,3209,17,30,3.3,No,4,
3210,3210,10,31,4.3,No,6,
3211,3211,21,67,2.9,No,1,
3212,3212,14,65,4.9,No,2,
3213,3213,5,22,3.6,No,6,
3214,3214,13,56,3.3,No,3,
3215,3215,12,78,3.1,No,6,
3216,3216,8,90,2.7,No,4,
3217,3217,16,85,3.4,No,2,
3218,3218,13,58,3.4,No,1,
3219,3219,12,34,3.9,No,4,
3220,3220,8,40,3.5,No,3,
3221,3221,9,29,4.1,No,2,
3222,3222,18,76,3.2,No,2,
3223,3223,13,84,4.6,No,4,
3224,3224,6,65,3.9,No,1,
3225,3225,16,80,2.7,No,4,
3226,3226,1,98,3.0,No,3,
3227,3227,5,71,3.3,No,5,
3228,3228,19,69,2.7,No,6,
3229,3229,17,95,4.6,No,4,
3230,3230,14,67,2.7,No,2,
3231,3231,5,49,2.5,No,6,
3232,3232,10,97,4.4,No,3,
3233,3233,18,34,4.0,No,5,
3234,3234,23,74,3.8,No,6,
3235,3235,17,96,2.5,No,6,
3236,3236,23,68,4.0,No,1,
3237,3237,23,84,4.1,No,2,
3238,3238,18,57,2.8,No,2,
3239,3239,5,84,3.4,No,2,
3240,3240,13,32,2.7,No,2,
3241,3241,4,37,3.8,No,5,
3242,3242,9,58,4.4,No,4,
3243,3243,21,74,2.8,No,1,
3244,3244,16,99,5.0,No,5,
3245,3245,2,81,4.7,No,3,
3246,3246,14,76,3.2,No,2,
3247,3247,5,98,2.9,No,2,
3248,3248,25,91,3.7,No,4,
3249,3249,18,79,4.2,No,5,
3250,3250,22,83,3.4,No,3,
3251,3251,8,90,2.9,No,1,
3252,3252,8,20,3.7,No,1,
3253,3253,4,21,2.7,No,3,
3254,3254,22,60,3.2,No,1,
3255,3255,2,31,4.9,No,5,
3256,3256,7,40,2.8,No,5,
3257,3257,13,26,4.7,No,1,
3258,3258,6,98,3.3,No,1,
3259,3259,10,51,4.3,No,3,
3260,3260,20,95,3.7,No,6,
3261,3261,19,36,4.5,No,3,
3262,3262,23,52,3.4,No,6,
3263,3263,18,35,2.7,No,2,
3264,3264,7,68,4.4,No,6,
3265,3265,14,50,4.0,No,2,
3266,3266,13,100,3.2,No,3,
3267,3267,8,74,4.2,No,5,
3268,3268,16,45,3.0,No,3,
3269,3269,11,97,2.8,No,5,
3270,3270,1,60,4.9,No,2,
3271,3271,21,25,4.7,No,4,
3272,3272,21,55,4.4,No,3,
3273,3273,10,99,3.1,No,4,
3274,3274,23,45,2.6,No,4,
3275,3275,2,20,3.9,No,2,
3276,3276,14,88,2.6,No,6,
3277,3277,19,99,4.0,No,4,
3278,3278,12,86,4.9,No,3,
3279,3279,11,70,3.3,No,5,
3280,3280,20,50,3.0,No,6,
3281,3281,9,57,2.7,No,4,
3282,3282,14,69,3.1,No,5,
3283,3283,18,94,4.8,No,3,
3284,3284,15,24,2.9,No,6,
3285,3285,19,79,4.5,No,1,
3286,3286,20,31,4.6,No,2,
3287,3287,15,67,5.0,No,1,
3288,3288,12,63,4.3,No,3,
3289,3289,9,61,4.9,No,3,
3290,3290,22,50,4.0,No,1,
3291,3291,8,82,3.1,No,4,
3292,3292,23,51,2.6,No,2,
3293,3293,9,23,4.9,No,5,
3294,3294,8,91,3.5,No,3,
3295,3295,2,60,4.5,No,5,
3296,3296,1,34,2.8,No,2,
3297,3297,1,23,4.2,No,1,
3298,3298,23,82,4.1,No,4,
3299,3299,15,73,3.5,No,5,
3300,3300,7,32,4.0,No,1,
3301,3301,20,80,4.0,No,5,
3302,3302,14,58,2.5,No,3,
3303,3303,1,82,4.2,No,1,
3304,3304,23,60,3.4,No,3,
3305,3305,9,79,4.8,No,5,
3306,3306,16,41,4.9,No,4,
3307,3307,15,39,3.6,No,1,
3308,3308,19,36,4.0,No,2,
3309,3309,3,70,2.6,No,2,
3310,3310,9,47,3.1,No,4,
3311,3311,15,27,3.6,No,4,
3312,3312,20,52,4.0,No,5,
3313,3313,5,75,3.9,No,2,
3314,3314,20,30,3.9,No,3,
3315,3315,21,94,3.3,No,3,
3316,3316,19,68,2.9,No,4,
3317,3317,21,45,3.1,No,6,
3318,3318,20,67,4.7,No,2,
3319,3319,15,46,3.9,No,4,
3320,3320,7,31,4.3,No,3,
3321,3321,1,44,4.2,No,2,
3322,3322,8,100,4.3,No,1,
3323,3323,2,92,4.6,No,4,
3324,3324,9,78,3.8,No,3,
3325,3325,18,32,3.3,No,1,
3326,3326,4,97,3.7,No,1,
3327,3327,25,95,4.3,No,6,
3328,3328,7,64,4.1,No,6,
3329,3329,4,35,3.2,No,2,
3330,3330,22,54,3.8,No,6,
3331,3331,5,96,3.2,No,5,
3332,3332,13,58,3.5,No,4,
3333,3333,18,23,3.1,No,4,
3334,3334,3,35,4.2,No,4,
3335,3335,6,23,3.4,No,3,
3336,3336,20,94,3.5,No,5,
3337,3337,1,45,4.0,No,6,
3338,3338,15,23,4.4,No,5,
3339,3339,12,94,2.9,No,3,
3340,3340,25,99,3.6,No,2,
3341,3341,18,36,4.4,No,3,
3342,3342,15,50,4.5,No,3,
3343,3343,15,81,3.8,No,3,
3344,3344,7,31,3.6,No,2,
3345,3345,20,48,4.3,No,2,
3346,3346,9,91,4.0,No,1,
3347,3347,3,99,3.4,No,1,
3348,3348,10,70,4.4,No,4,
3349,3349,18,74,2.8,No,2,
3350,3350,17,79,2.8,No,4,
3351,3351,9,33,4.9,No,2,
3352,3352,6,49,4.2,No,5,
3353,3353,23,96,2.9,No,5,
3354,3354,11,66,4.6,No,3,
3355,3355,12,45,2.8,No,4,
3356,3356,1,28,2.6,No,5,
3357,3357,3,48,3.5,No,4,
3358,3358,16,67,3.5,No,3,
3359,3359,18,59,3.4,No,2,
3360,3360,13,74,3.9,No,6,
3361,3361,15,81,3.3,No,2,
3362,3362,10,26,4.1,No,3,
3363,3363,9,61,3.0,No,1,
3364,3364,2,23,3.0,No,5,
3365,3365,19,33,3.2,No,3,
3366,3366,12,58,3.9,No,3,
3367,3367,25,65,3.6,No,6,
3368,3368,18,48,3.1,No,1,
3369,3369,4,25,4.8,No,5,
3370,3370,2,51,3.8,No,2,
3371,3371,23,31,2.8,No,2,
3372,3372,16,99,4.0,No,4,
3373,3373,21,25,4.6,No,3,
3374,3374,4,52,3.5,No,6,
3375,3375,1,47,3.7,No,6,
3376,3376,24,98,4.9,No,3,
3377,3377,20,46,4.1,No,2,
3378,3378,6,32,4.6,No,4,
3379,3379,7,75,4.5,No,2,
3380,3380,9,51,5.0,No,2,
3381,3381,11,52,3.8,No,4,
3382,3382,20,66,4.7,No,3,
3383,3383,2,35,2.8,No,5,
3384,3384,8,43,2.6,No,1,
3385,3385,16,24,3.8,No,1,
3386,3386,17,83,2.8,No,3,
3387,3387,18,62,2.6,No,2,
3388,3388,14,78,3.4,No,3,
3389,3389,2,61,4.5,No,3,
3390,3390,14,57,3.8,No,1,
3391,3391,21,70,3.0,No,4,
3392,3392,16,57,3.7,No,6,
3393,3393,19,74,4.4,No,1,
3394,3394,11,90,3.1,No,6,
3395,3395,4,98,4.2,No,4,
3396,3396,11,43,3.1,No,6,
3397,3397,14,37,5.0,No,4,
3398,3398,1,38,2.7,No,5,
3399,3399,3,60,3.8,No,2,
3400,3400,14,55,3.3,No,6,
3401,3401,13,51,4.8,No,1,
3402,3402,22,71,3.4,No,3,
3403,3403,16,61,4.4,No,4,
3404,3404,24,65,3.9,No,2,
3405,3405,25,34,3.9,No,3,
3406,3406,1,87,4.2,No,5,
3407,3407,2,79,4.0,No,1,
3408,3408,11,46,2.6,No,2,
3409,3409,21,72,4.4,No,5,
3410,3410,6,93,3.2,No,3,
3411,3411,4,76,4.3,No,5,
3412,3412,10,56,4.9,No,2,
3413,3413,4,83,3.8,No,1,
3414,3414,25,90,2.5,No,4,
3415,3415,24,94,4.9,No,5,
3416,3416,1,68,3.0,No,5,
3417,3417,4,53,3.2,No,5,
3418,3418,8,35,2.9,No,6,
3419,3419,15,30,2.8,No,6,
3420,3420,17,26,3.1,No,1,
3421,3421,20,60,3.4,No,4,
3422,3422,10,30,2.9,No,4,
3423,3423,8,91,3.2,No,1,
3424,3424,24,71,3.8,No,4,
3425,3425,19,64,3.6,No,3,
3426,3426,20,54,4.3,No,6,
3427,3427,21,35,4.8,No,3,
3428,3428,18,38,2.5,No,2,
3429,3429,17,69,2.5,No,1,
3430,3430,12,96,4.6,No,6,
3431,3431,21,73,4.2,No,5,
3432,3432,23,49,4.2,No,1,
3433,3433,24,44,4.8,No,4,
3434,3434,21,93,4.5,No,4,
3435,3435,14,72,3.3,No,1,
3436,3436,21,91,2.7,No,6,
3437,3437,23,83,2.8,No,5,
3438,3438,15,62,3.5,No,4,
3439,3439,6,71,3.0,No,3,
3440,3440,25,93,4.5,No,1,
3441,3441,9,63,4.3,No,4,
3442,3442,2,96,4.1,No,3,
3443,3443,12,78,4.3,No,4,
3444,3444,11,24,5.0,No,2,
3445,3445,14,63,3.8,No,5,
3446,3446,20,58,4.9,No,6,
3447,3447,24,55,5.0,No,2,
3448,3448,4,58,4.3,No,5,
3449,3449,8,28,4.1,No,5,
3450,3450,1,37,4.5,No,2,
3451,3451,7,78,3.6,No,4,
3452,3452,1,73,3.0,No,3,
3453,3453,15,20,3.7,No,1,
3454,3454,6,60,4.3,No,1,
3455,3455,9,71,4.6,No,4,
3456,3456,18,89,4.7,No,1,
3457,3457,16,53,4.6,No,1,
3458,3458,17,87,3.0,No,2,
3459,3459,17,37,3.4,No,1,
3460,3460,16,37,3.8,No,4,
3461,3461,19,78,3.1,No,5,
3462,3462,10,23,4.4,No,2,
3463,3463,3,73,4.5,No,3,
3464,3464,17,27,2.8,No,4,
3465,3465,8,59,2.7,No,4,
3466,3466,22,53,3.4,No,6,
3467,3467,21,42,4.6,No,5,
3468,3468,19,45,5.0,No,3,
3469,3469,13,89,3.5,No,6,
3470,3470,21,85,3.3,No,2,
3471,3471,8,69,4.5,No,2,
3472,3472,4,66,3.1,No,2,
3473,3473,1,42,4.0,No,6,
3474,3474,11,40,2.5,No,2,
3475,3475,14,82,4.4,No,1,
3476,3476,5,88,4.4,No,2,
3477,3477,24,99,3.2,No,2,
3478,3478,9,85,3.8,No,6,
3479,3479,9,57,4.6,No,4,
3480,3480,2,56,4.9,No,2,
3481,3481,4,79,3.5,No,4,
3482,3482,21,67,3.4,No,6,
3483,3483,25,61,3.9,No,6,
3484,3484,16,37,3.9,No,3,
3485,3485,11,75,4.2,No,3,
3486,3486,6,21,3.4,No,6,
3487,3487,7,89,4.9,No,4,
3488,3488,4,24,2.9,No,5,
3489,3489,2,27,4.9,No,2,
3490,3490,11,26,4.6,No,4,
3491,3491,24,82,3.6,No,3,
3492,3492,14,28,4.3,No,2,
3493,3493,25,65,4.6,No,5,
3494,3494,14,82,4.7,No,3,
3495,3495,19,38,3.5,No,4,
3496,3496,7,33,2.8,No,2,
3497,3497,10,38,4.0,No,4,
3498,3498,9,48,4.3,No,1,
3499,3499,4,35,3.8,No,5,
3500,3500,21,29,3.0,No,4,
3501,3501,6,48,4.6,No,6,
3502,3502,10,87,4.8,No,5,
3503,3503,22,62,4.7,No,5,
3504,3504,6,96,3.9,No,2,
3505,3505,9,41,4.0,No,1,
3506,3506,17,42,3.7,No,5,
3507,3507,6,57,3.7,No,2,
3508,3508,9,65,4.2,No,3,
3509,3509,14,54,4.7,No,5,
3510,3510,18,22,4.3,No,1,
3511,3511,5,96,4.9,No,1,
3512,3512,17,81,3.9,No,3,
3513,3513,6,46,3.4,No,6,
3514,3514,1,74,4.2,No,3,
3515,3515,5,50,4.7,No,2,
3516,3516,11,80,4.0,No,6,
3517,3517,24,56,4.0,No,4,
3518,3518,12,69,3.1,No,6,
3519,3519,6,97,4.2,No,4,
3520,3520,7,66,3.7,No,5,
3521,3521,20,70,3.1,No,5,
3522,3522,10,50,3.7,No,1,
3523,3523,14,85,3.2,No,2,
3524,3524,22,59,2.8,No,2,
3525,3525,14,74,2.9,No,3,
3526,3526,13,38,3.5,No,5,
3527,3527,2,99,3.8,No,4,
3528,3528,1,97,4.7,No,2,
3529,3529,19,67,4.5,No,4,
3530,3530,18,20,3.9,No,5,
3531,3531,13,45,3.4,No,4,
3532,3532,10,52,4.6,No,2,
3533,3533,14,68,4.6,No,3,
3534,3534,5,98,4.7,No,1,
3535,3535,10,83,3.2,No,2,
3536,3536,7,51,5.0,No,6,
3537,3537,9,21,4.5,No,1,
3538,3538,9,92,3.5,No,3,
3539,3539,10,63,4.5,No,1,
3540,3540,17,56,3.2,No,3,
3541,3541,7,95,4.6,No,5,
3542,3542,1,66,4.0,No,4,
3543,3543,8,28,4.2,No,1,
3544,3544,20,83,4.1,No,4,
3545,3545,21,55,3.6,No,2,
3546,3546,4,28,3.7,No,6,
3547,3547,19,79,3.6,No,5,
3548,3548,19,31,3.8,No,3,
3549,3549,1,37,3.0,No,6,
3550,3550,18,34,3.4,No,5,
3551,3551,10,74,4.8,No,2,
3552,3552,25,31,2.6,No,1,
3553,3553,13,66,2.9,No,4,
3554,3554,10,99,4.9,No,5,
3555,3555,11,55,5.0,No,3,
3556,3556,1,23,4.6,No,2,
3557,3557,2,88,4.2,No,2,
3558,3558,15,26,4.9,No,4,
3559,3559,22,94,4.8,No,1,
3560,3560,7,25,3.0,No,1,
3561,3561,21,96,3.5,No,3,
3562,3562,5,29,3.4,No,3,
3563,3563,5,36,3.4,No,5,
3564,3564,1,90,4.9,No,3,
3565,3565,25,38,4.4,No,1,
3566,3566,9,52,4.2,No,4,
3567,3567,3,88,3.1,No,1,
3568,3568,19,56,4.0,No,3,
3569,3569,4,71,4.8,No,4,
3570,3570,4,94,3.3,No,5,
3571,3571,11,97,4.7,No,6,
3572,3572,12,27,3.2,No,5,
3573,3573,7,28,5.0,No,3,
3574,3574,3,67,4.9,No,4,
3575,3575,21,70,4.9,No,5,
3576,3576,8,95,3.7,No,1,
3577,3577,24,24,3.0,No,1,
3578,3578,23,35,2.6,No,5,
3579,3579,10,22,2.6,No,5,
3580,3580,19,66,4.8,No,3,
3581,3581,1,83,3.2,No,2,
3582,3582,11,95,4.9,No,3,
3583,3583,7,41,3.4,No,4,
3584,3584,1,77,2.7,No,3,
3585,3585,5,52,4.8,No,6,
3586,3586,25,41,4.1,No,1,
3587,3587,16,28,4.6,No,4,
3588,3588,2,90,4.4,No,6,
3589,3589,13,55,3.5,No,2,
3590,3590,23,73,4.8,No,2,
3591,3591,11,87,2.9,No,1,
3592,3592,15,89,3.2,No,5,
3593,3593,24,82,4.4,No,1,
3594,3594,4,80,4.6,No,4,
3595,3595,19,87,2.6,No,1,
3596,3596,1,41,3.1,No,4,
3597,3597,16,83,4.3,No,2,
3598,3598,13,71,3.1,No,5,
3599,3599,16,76,4.6,No,5,
3600,3600,19,34,4.6,No,2,
3601,3601,11,81,2.7,No,2,
3602,3602,18,47,3.0,No,4,
3603,3603,12,36,3.3,No,6,
3604,3604,3,51,2.7,No,2,
3605,3605,16,86,3.3,No,6,
3606,3606,3,41,4.3,No,5,
3607,3607,4,90,4.8,No,1,
3608,3608,20,93,3.3,No,1,
3609,3609,25,56,4.3,No,2,
3610,3610,21,39,3.0,No,6,
3611,3611,15,86,4.8,No,5,
3612,3612,18,82,2.9,No,3,
3613,3613,4,29,3.6,No,2,
3614,3614,20,27,3.5,No,1,
3615,3615,25,25,4.7,No,5,
3616,3616,11,31,4.4,No,3,
3617,3617,16,23,3.3,No,6,
3618,3618,23,47,4.3,No,6,
3619,3619,25,67,4.0,No,4,
3620,3620,19,75,4.9,No,1,
3621,3621,4,82,2.9,No,3,
3622,3622,5,32,4.0,No,2,
3623,3623,11,41,4.3,No,3,
3624,3624,17,89,2.7,No,4,
3625,3625,20,82,5.0,No,5,
3626,3626,19,99,4.4,No,4,
3627,3627,1,98,3.5,No,1,
3628,3628,23,54,3.3,No,2,
3629,3629,1,88,3.8,No,3,
3630,3630,18,43,4.5,No,6,
3631,3631,20,73,4.8,No,2,
3632,3632,20,50,2.9,No,3,
3633,3633,5,73,3.2,No,6,
3634,3634,25,51,2.8,No,5,
3635,3635,21,22,3.3,No,4,
3636,3636,4,32,3.3,No,3,
3637,3637,4,38,4.2,No,2,
3638,3638,24,66,3.6,No,3,
3639,3639,22,20,4.6,No,4,
3640,3640,8,44,3.6,No,1,
3641,3641,13,31,4.0,No,4,
3642,3642,15,45,2.7,No,5,
3643,3643,11,71,4.4,No,4,
3644,3644,19,96,3.2,No,6,
3645,3645,1,32,2.6,No,1,
3646,3646,22,90,3.4,No,3,
3647,3647,17,68,5.0,No,6,
3648,3648,7,45,2.9,No,5,
3649,3649,12,67,5.0,No,2,
3650,3650,12,57,4.4,No,3,
3651,3651,3,60,3.5,No,4,
3652,3652,9,32,3.8,No,1,
3653,3653,9,29,3.8,No,6,
3654,3654,8,20,3.9,No,3,
3655,3655,17,98,3.3,No,3,
3656,3656,2,27,2.9,No,3,
3657,3657,15,67,3.7,No,3,
3658,3658,10,82,3.7,No,6,
3659,3659,18,72,4.6,No,4,
3660,3660,4,77,4.9,No,5,
3661,3661,10,74,3.1,No,5,
3662,3662,4,39,3.5,No,3,
3663,3663,7,80,4.9,No,6,
3664,3664,22,59,4.4,No,3,
3665,3665,15,68,4.4,No,6,
3666,3666,21,77,3.4,No,3,
3667,3667,17,50,3.0,No,2,
3668,3668,14,45,2.6,No,1,
3669,3669,1,71,3.2,No,1,
3670,3670,21,52,4.6,No,4,
3671,3671,10,50,3.8,No,4,
3672,3672,9,66,4.8,No,1,
3673,3673,4,81,4.5,No,4,
3674,3674,21,28,4.2,No,5,
3675,3675,9,65,2.7,No,1,
3676,3676,20,80,4.5,No,5,
3677,3677,17,94,4.9,No,4,
3678,3678,22,30,2.8,No,2,
3679,3679,6,45,3.5,No,5,
3680,3680,8,91,2.5,No,2,
3681,3681,13,36,2.9,No,6,
3682,3682,25,73,4.2,No,6,
3683,3683,6,60,4.6,No,1,
3684,3684,21,77,3.0,No,1,
3685,3685,12,86,4.4,No,3,
3686,3686,7,42,2.6,No,2,
3687,3687,4,70,4.8,No,2,
3688,3688,6,44,2.9,No,5,
3689,3689,13,91,3.0,No,2,
3690,3690,17,30,4.5,No,5,
3691,3691,1,23,3.7,No,5,
3692,3692,4,21,4.8,No,4,
3693,3693,8,34,4.8,No,2,
3694,3694,1,46,4.7,No,1,
3695,3695,2,41,2.6,No,4,
3696,3696,12,33,4.6,No,5,
3697,3697,1,48,3.4,No,5,
3698,3698,16,66,3.0,No,2,
3699,3699,12,54,4.0,No,1,
3700,3700,22,55,2.6,No,5,
3701,3701,9,84,3.4,No,5,
3702,3702,4,66,4.5,No,2,
3703,3703,10,65,2.7,No,1,
3704,3704,4,83,2.9,No,4,
3705,3705,13,61,4.0,No,3,
3706,3706,12,65,3.2,No,6,
3707,3707,4,55,4.0,No,2,
3708,3708,25,79,3.4,No,1,
3709,3709,16,96,4.9,No,4,
3710,3710,21,43,3.6,No,4,
3711,3711,17,40,3.6,No,5,
3712,3712,20,62,3.2,No,2,
3713,3713,1,72,3.7,No,4,
3714,3714,10,87,2.6,No,6,
3715,3715,20,31,3.9,No,3,
3716,3716,13,34,3.4,No,5,
3717,3717,6,53,3.4,No,6,
3718,3718,18,85,4.2,No,5,
3719,3719,14,50,2.9,No,5,
3720,3720,14,91,4.1,No,5,
3721,3721,20,56,3.6,No,3,
3722,3722,8,60,4.0,No,2,
3723,3723,15,34,4.0,No,3,
3724,3724,4,30,3.6,No,6,
3725,3725,25,71,3.1,No,5,
3726,3726,11,100,4.4,No,4,
3727,3727,23,85,4.3,No,6,
3728,3728,21,83,3.5,No,6,
3729,3729,15,31,3.0,No,6,
3730,3730,24,82,4.7,No,2,
3731,3731,6,79,2.5,No,3,
3732,3732,20,62,3.1,No,4,
3733,3733,10,92,3.3,No,4,
3734,3734,21,58,4.7,No,6,
3735,3735,16,88,3.4,No,6,
3736,3736,4,44,3.1,No,4,
3737,3737,3,56,4.6,No,4,
3738,3738,17,23,4.9,No,4,
3739,3739,7,45,2.7,No,2,
3740,3740,13,31,4.2,No,3,
3741,3741,14,96,2.6,No,6,
3742,3742,6,96,3.2,No,6,
3743,3743,6,80,4.4,No,3,
3744,3744,14,28,3.6,No,6,
3745,3745,16,51,2.7,No,5,
3746,3746,21,41,4.3,No,6,
3747,3747,8,99,2.6,No,4,
3748,3748,2,53,4.3,No,5,
3749,3749,22,25,3.9,No,1,
3750,3750,1,95,2.9,No,1,
3751,3751,16,88,3.1,No,4,
3752,3752,17,97,4.2,No,3,
3753,3753,8,81,4.1,No,1,
3754,3754,13,26,4.2,No,5,
3755,3755,10,41,4.4,No,2,
3756,3756,12,93,3.4,No,3,
3757,3757,12,69,4.8,No,6,
3758,3758,12,44,4.5,No,2,
3759,3759,4,54,2.7,No,5,
3760,3760,5,61,3.5,No,1,
3761,3761,21,80,3.1,No,4,
3762,3762,22,30,2.8,No,1,
3763,3763,7,94,2.9,No,4,
3764,3764,6,24,4.5,No,2,
3765,3765,21,21,3.5,No,1,
3766,3766,17,52,4.3,No,5,
3767,3767,9,59,4.9,No,6,
3768,3768,7,51,3.1,No,5,
3769,3769,2,35,4.0,No,5,
3770,3770,25,87,3.6,No,1,
3771,3771,14,42,4.0,No,5,
3772,3772,18,86,2.6,No,1,
3773,3773,14,26,3.1,No,2,
3774,3774,2,60,3.5,No,2,
3775,3775,25,83,3.9,No,4,
3776,3776,23,63,2.7,No,2,
3777,3777,5,25,4.1,No,3,
3778,3778,7,65,4.3,No,2,
3779,3779,5,60,2.9,No,6,
3780,3780,3,75,4.0,No,4,
3781,3781,5,57,4.1,No,1,
3782,3782,24,99,3.7,No,4,
3783,3783,15,45,2.8,No,4,
3784,3784,25,66,3.2,No,6,
3785,3785,21,53,4.5,No,1,
3786,3786,3,94,3.8,No,2,
3787,3787,24,47,3.6,No,1,
3788,3788,1,80,3.6,No,4,
3789,3789,20,65,3.2,No,6,
3790,3790,6,75,3.8,No,5,
3791,3791,9,45,4.4,No,3,
3792,3792,13,51,3.7,No,1,
3793,3793,19,58,2.6,No,4,
3794,3794,13,20,4.0,No,5,
3795,3795,19,82,3.6,No,1,
3796,3796,25,92,2.5,No,2,
3797,3797,7,81,3.2,No,5,
3798,3798,13,44,2.5,No,2,
3799,3799,17,72,3.2,No,3,
3800,3800,15,26,2.6,No,3,
3801,3801,2,26,4.8,No,1,
3802,3802,1,84,5.0,No,4,
3803,3803,19,72,3.2,No,5,
3804,3804,9,55,3.6,No,6,
3805,3805,20,77,2.7,No,2,
3806,3806,19,57,3.1,No,3,
3807,3807,24,71,3.0,No,4,
3808,3808,1,39,2.9,No,4,
3809,3809,21,28,4.7,No,6,
3810,3810,10,33,3.7,No,3,
3811,3811,12,79,3.9,No,1,
3812,3812,23,30,4.0,No,2,
3813,3813,12,75,2.8,No,5,
3814,3814,14,89,4.1,No,1,
3815,3815,11,95,4.2,No,5,
3816,3816,20,44,4.3,No,1,
3817,3817,8,86,4.3,No,3,
3818,3818,19,91,2.6,No,4,
3819,3819,5,41,3.8,No,2,
3820,3820,14,99,2.9,No,2,
3821,3821,23,65,5.0,No,6,
3822,3822,5,48,4.6,No,3,
3823,3823,20,41,3.2,No,4,
3824,3824,6,42,3.0,No,5,
3825,3825,7,26,4.0,No,3,
3826,3826,7,35,4.1,No,6,
3827,3827,15,31,4.0,No,5,
3828,3828,17,73,4.1,No,2,
3829,3829,1,82,3.4,No,2,
3830,3830,14,32,2.9,No,6,
3831,3831,20,27,3.0,No,5,
3832,3832,22,86,4.0,No,6,
3833,3833,24,38,4.8,No,2,
3834,3834,15,93,4.6,No,4,
3835,3835,16,59,4.1,No,2,
3836,3836,4,58,2.6,No,4,
3837,3837,12,84,2.5,No,4,
3838,3838,16,100,4.8,No,5,
3839,3839,11,25,4.2,No,1,
3840,3840,4,29,3.9,No,1,
3841,3841,3,42,3.7,No,1,
3842,3842,3,57,4.2,No,5,
3843,3843,15,84,4.2,No,6,
3844,3844,20,71,4.0,No,1,
3845,3845,7,87,5.0,No,1,
3846,3846,2,52,4.9,No,1,
3847,3847,1,58,4.0,No,4,
3848,3848,2,34,3.2,No,4,
3849,3849,17,60,3.0,No,2,
3850,3850,16,68,2.6,No,4,
3851,3851,17,74,4.4,No,6,
3852,3852,19,83,3.9,No,6,
3853,3853,20,79,4.0,No,4,
3854,3854,13,76,4.0,No,6,
3855,3855,18,20,4.2,No,1,
3856,3856,6,61,4.4,No,2,
3857,3857,4,78,2.5,No,6,
3858,3858,20,21,3.1,No,3,
3859,3859,18,77,3.5,No,3,
3860,3860,7,88,3.0,No,5,
3861,3861,13,64,4.4,No,2,
3862,3862,15,57,4.9,No,3,
3863,3863,6,49,2.8,No,1,
3864,3864,19,35,3.3,No,2,
3865,3865,18,99,4.9,No,6,
3866,3866,7,42,4.2,No,2,
3867,3867,20,32,3.3,No,3,
3868,3868,15,21,2.7,No,3,
3869,3869,11,29,3.3,No,2,
3870,3870,8,64,3.8,No,5,
3871,3871,4,46,3.2,No,2,
3872,3872,18,97,4.1,No,5,
3873,3873,15,94,4.3,No,2,
3874,3874,4,43,4.0,No,3,
3875,3875,2,54,3.9,No,3,
3876,3876,20,51,3.3,No,3,
3877,3877,10,85,2.6,No,2,
3878,3878,16,96,4.2,No,6,
3879,3879,20,42,3.4,No,3,
3880,3880,12,63,4.1,No,6,
3881,3881,6,20,3.9,No,4,
3882,3882,19,25,2.8,No,6,
3883,3883,14,95,2.6,No,2,
3884,3884,20,38,4.0,No,2,
3885,3885,4,29,4.9,No,4,
3886,3886,21,64,3.2,No,2,
3887,3887,17,92,3.9,No,6,
3888,3888,6,34,2.7,No,3,
3889,3889,5,69,3.4,No,1,
3890,3890,11,65,3.5,No,5,
3891,3891,6,81,2.6,No,6,
3892,3892,11,30,4.7,No,5,
3893,3893,17,86,3.5,No,4,
3894,3894,20,64,3.3,No,5,
3895,3895,12,78,3.9,No,3,
3896,3896,16,28,4.2,No,1,
3897,3897,22,49,4.5,No,5,
3898,3898,23,33,2.9,No,1,
3899,3899,10,77,3.8,No,1,
3900,3900,9,81,3.1,No,1,
